time,sub-001,sub-002,sub-003,sub-004,sub-005,sub-006,sub-007,sub-008,sub-009,sub-010,sub-011,sub-012,sub-013,sub-014,sub-016,sub-017,sub-019,sub-021,sub-022,sub-024,sub-025,sub-027,sub-028,sub-029,sub-030,sub-031,sub-032,sub-033,sub-034,sub-035,sub-036,sub-037,sub-038,sub-039,sub-040,sub-041,sub-042,sub-043,sub-046,sub-047,sub-048,sub-049,sub-050,sub-052,sub-053,sub-055,sub-057,sub-058,sub-059,sub-060,sub-061,sub-062,sub-063,sub-064,sub-065,sub-066,sub-068,sub-069,sub-070,sub-071,sub-072,sub-073
-0.2,3.926505949978207,3.018092242151083,11.25321492380231,-1.204565339626517,3.006257994395673,5.440733087428522,2.7470763805989007,0.979222396056073,-3.8044673592138847,-3.5080726541889478,-4.990206379624644,0.5150909817362971,2.293596017819731,11.962784874718336,-2.9643603098474327,0.0571988626749162,6.295497055675456,2.580526665444672,-2.9062509513971313,-1.460240547244191,-8.993169563383328,1.2446758157241768,-3.522005830512533,3.96421770680709,-6.884058003138171,2.57427090984611,-7.351577370044784,6.418235648473184,3.3676400490042737,5.326416471777022,3.728889353900151,-3.411983765665453,-6.623150801087533,4.578796921559119,2.2261535280430733,2.888476411704395,-0.4897093873238694,1.102734252141656,-2.245552426721254,-0.0238760575398778,1.2861606501104386,-2.997077456392369,-1.02397100750755,-2.988929745692506,-0.188216721450841,-2.0098420880266787,-3.153992594940189,-2.7729538158768463,-0.1756577113033101,2.4509030637046045,3.714799275116672,-5.4074809461749,1.9030753557742466,0.0935968954091784,-0.6047192151743188,2.384776338923464,16.26437801277562,3.470512574804693,-7.032521613639939,-2.5588796953534376,0.3078408085898162,2.9486310210665145
-0.198,3.381914410150177,3.162240367486268,10.884161144130042,-1.2005300255465068,3.508491581040088,5.2140841398100495,2.5048103211811994,0.5682300502880779,-4.531463236749317,-2.824156425172742,-4.8020072706280414,0.2944370194501779,3.1445117189549854,11.738274733739786,-2.6678999303817474,0.143877783404326,5.938240645665197,2.819740980974478,-3.3795172895718117,-0.3695458364066675,-9.112483768288818,0.0853760859971022,-3.635254517412603,3.8488163643339393,-7.105665182046652,1.705741636449313,-8.177688983930583,5.450939129065802,3.650580292426289,4.3886639393233535,3.18634914211815,-3.6084993250074873,-6.836376553436744,4.185408148397868,1.1561019071777237,3.131280508983725,-0.7625280311757958,1.010763560630724,-2.01687525745426,-0.1901809787597497,1.2713075065063733,-2.444281849039071,-0.5331835743498595,-2.4471920336589488,-0.2053801470547249,-1.0884983405502324,-2.902162817359207,-3.3181260927913714,0.17264234070243223,2.25861773686551,2.846064846271798,-4.388253795891862,2.2534499221758555,0.5884854756156324,-1.0643476166347132,2.294294198069476,16.438063941100634,2.830389763034732,-6.996911598033339,-1.6245958025024716,0.3406311769724427,1.97975520820236
-0.196,2.632199175628453,3.2908719265604893,10.657002638136465,-1.245920324156776,3.830793876627441,4.772397791204847,2.337041017888952,0.0146317072664559,-5.187655668007082,-2.1094529398411743,-4.184693031220823,0.0916609505612744,3.963686717682792,10.846578230124855,-2.3106018540148474,0.4438391483037011,5.516534024096236,3.1526618554417105,-3.836971662467578,0.4059085729397618,-8.969056482839484,-1.098237021813816,-3.7747374055966456,3.786514200688004,-7.397468990002341,1.1310692166291456,-8.360115830761467,4.293164961320914,3.6911887774634735,3.1194358292111586,2.910934603616975,-3.969605795174221,-6.825025685875746,3.875410062033213,0.7455924705889649,3.2723768551029018,-1.0236716159652428,1.08479157652734,-1.6764774146285617,-0.379422011566798,1.615091329641548,-1.922296334969292,-0.4552802876493954,-2.0684418781840046,-0.2507680024302376,0.13285530835305037,-2.346478619051663,-3.664410742443482,0.518688976106094,2.144129536096237,2.0784737876089,-3.1591057949994834,2.5721402344779962,0.9846218235118568,-1.36546346778396,2.077119558020524,16.542751107401056,2.0335366370202337,-7.103741193627887,-0.4303136795024215,0.4087602417783604,1.066971579944759
-0.194,1.8097461471964704,3.4125895633900982,10.560595194718813,-1.3041391004187746,3.960397024505707,4.138957816530977,2.2327327789132676,-0.613887733688252,-5.710183946214251,-1.445844332285845,-3.1997039436281383,-0.051951845536989,4.660554013397302,9.386323122171683,-1.9332608091536587,0.8717944094629969,5.142618661559569,3.492001051685545,-4.220753477995572,0.9248626873171758,-8.46203220439555,-2.137462936325077,-3.9530957003931166,3.7446491809614866,-7.727018537636604,0.8972832635148085,-7.905269030240779,3.0843934982564303,3.453199465196446,1.7446701770111894,2.8812274892483067,-4.427799111147275,-6.474005276479079,3.601016752092023,1.078645827938313,3.2752769091341976,-1.210873206378676,1.2071479295951248,-1.2318811394996294,-0.5710619492192331,2.2880949377389284,-1.4161271256557644,-0.7297198606007417,-1.840110787932965,-0.3615212639121719,1.5623723269509018,-1.6478639293856294,-3.7831242564355088,0.8369680806072584,2.086626883380716,1.4382979384419252,-1.880947451326603,2.853241189862948,1.1959007429936148,-1.4030033870884595,1.7245994468281274,16.544332449559988,1.171209308318666,-7.270775989523448,0.868114302214507,0.5280769313092779,0.351950866865569
-0.192,1.0886025700968724,3.520329217799689,10.53198990427135,-1.3434362630730534,3.907988611620742,3.354552383641722,2.169382122203907,-1.2290186569352848,-6.063086438449478,-0.8950577130463669,-2.022571912438118,-0.1056837099783749,5.1465952952680345,7.566578266722809,-1.577104912132945,1.3190699021054804,4.911345330264791,3.741066696800421,-4.487090998619557,1.337874718877465,-7.563859321920352,-2.9208588539005715,-4.193651834417181,3.693085588593367,-8.046055461828738,0.9738878099360434,-6.95065851926173,1.9871873164827023,2.935244849123777,0.52738126608781,3.0212450100287147,-4.882511241020635,-5.733949355570594,3.2942396189227106,2.0734003922007527,3.1373841959144424,-1.286790182301104,1.2803957717043102,-0.7252730657221063,-0.7338792071190385,3.180965639858468,-0.87730503992711,-1.2294473864835391,-1.700451820638585,-0.5715143065110314,3.061125704195411,-1.0055698248049354,-3.6809579594446395,1.110794668399858,2.066482282306976,0.9146221469797184,-0.7106113200131637,3.094859768024386,1.181322677933138,-1.1497270955779466,1.240789516202592,16.422670583131616,0.3551599234639259,-7.39587650469814,2.1104816417116345,0.7253327513301641,-0.086627411453851
-0.19,0.6397833198805716,3.5932371208061413,10.473004260534356,-1.3455924417024063,3.705128621016518,2.471886797157467,2.1172607488514914,-1.739512741449066,-6.233404409522391,-0.4921782735545351,-0.903140628149355,-0.0521519864307558,5.36185716262729,5.666636504623403,-1.2812900993990115,1.6757624834211535,4.876808211710246,3.815041554991966,-4.61135925500132,1.8407829241853084,-6.323712423638923,-3.4175635639469686,-4.514219761640148,3.615745328893774,-8.301739977102564,1.2655185580930028,-5.736469364424592,1.1583183246439022,2.1745878849107805,-0.2912502332609931,3.216574523620035,-5.218813010893856,-4.641606383278149,2.895560731767205,3.497477259134231,2.887284294103891,-1.2434004907335423,1.2537659643267858,-0.2259695117502663,-0.834066185493358,4.123996335579397,-0.2400611838566611,-1.791461073829886,-1.562078184633633,-0.899221630465822,4.468209949459389,-0.6020638413463519,-3.3991540856223006,1.3334871460772382,2.069871851777178,0.4683049054421992,0.2347673487785024,3.2990118342674952,0.9489786688871464,-0.66287937938762,0.6491311516496457,16.186016499252595,-0.3022026609420287,-7.387243810085547,3.170464363306596,1.0297583582352303,-0.2368706447055098
-0.188,0.5840034724741052,3.606962633034965,10.27859410784552,-1.3085181371610743,3.3995013560534924,1.5522382696304384,2.0442058383252726,-2.0679887573936204,-6.222121625887954,-0.2462341005498699,-0.1014380808980036,0.1113773588482036,5.29227502093915,3.977810046567954,-1.078206738380886,1.8535098829455197,5.037424223334556,3.659117230010677,-4.58890724358407,2.6157038322030046,-4.857700025094639,-3.678881242284045,-4.909255591847898,3.517772050742907,-8.452301054502414,1.6392128189988795,-4.54789904124068,0.7202438262051681,1.2458683264562644,-0.5520593046640305,3.340460325081688,-5.330333751154819,-3.321085013193497,2.379464453078496,5.019625910643752,2.575135365514684,-1.100034779314954,1.1315212908419812,0.1842712835470394,-0.8469719616526324,4.92197542512229,0.552157174455848,-2.265059599625864,-1.3417048094767825,-1.3377114429889692,5.631418024739734,-0.5578832590305297,-3.005253051014248,1.5094395203040514,2.0903272641647783,0.0475269576674376,0.9004845092832645,3.469922383581832,0.5496932321606482,-0.0657504403094474,-0.0027557919591102,15.87665933590356,-0.7095166907567518,-7.187322256877613,3.979537665655007,1.462705945249855,-0.1421018985416739
-0.186,0.9542575580526066,3.54356300409642,9.867094663180678,-1.2420923736057787,3.045885404516265,0.6631623318941654,1.9225739809103657,-2.1659324407266243,-6.036080839131358,-0.1453952420118345,0.1833851973891305,0.3730647453920642,4.975255517513457,2.738437152933195,-0.9909597765630812,1.8037804862235,5.340006302154861,3.2615272049093806,-4.433749414552432,3.776762441723621,-3.3260122081402628,-3.815942451727255,-5.3398880322099895,3.428547142263098,-8.480141974551358,1.9595259056183016,-3.642578231552033,0.7377485443954209,0.2516896512176133,-0.220287753636946,3.283820391260773,-5.141909630911967,-1.9640169560018053,1.7652889612271006,6.286439282266005,2.2542361113540763,-0.8969041901186527,0.9648692207489392,0.4296411344682097,-0.7689482056261405,5.398074107380158,1.518488374450704,-2.5537981518157054,-0.986367561294542,-1.8522090983940769,6.435100488234326,-0.8915794625894108,-2.580525368152569,1.6517451046871732,2.1304352053189213,-0.3892893145603248,1.301160155540488,3.6115197983449487,0.060532492920786,0.4862057199697898,-0.643608067920058,15.564890657816433,-0.8108041745838243,-6.783862671886914,4.536529275022974,2.0251751738511152,0.1257772231942608
-0.184,1.684423524727258,3.399426910987618,9.208054704477057,-1.1610880056736868,2.6990101179818926,-0.1249459614617003,1.7351815603551355,-2.021002919334153,-5.683707675592525,-0.1687850493113137,-0.1265832808068904,0.7070250374063588,4.494947721576456,2.078804962808176,-1.0279746904801674,1.5268735950310182,5.693317882056763,2.657410135088279,-4.175117189956248,5.331864402500862,-1.8982265828598308,-3.9635059037683935,-5.735085454539165,3.3967218448096417,-8.398385243467406,2.1233326932429906,-3.185531053756902,1.2005055334458674,-0.6914428814581329,0.6006001048816911,2.98411186364836,-4.62846386092888,-0.7937478343027679,1.1176008753796156,7.002636870453751,1.962965877293598,-0.6815406960270314,0.8286491544275519,0.4576685268062604,-0.625815988557033,5.435743750743663,2.6210302430016093,-2.624859265366967,-0.4920495591815924,-2.385173843322899,6.82041628842068,-1.5047927987563676,-2.205315826483854,1.7780230225589713,2.196128436451386,-0.8525121190854448,1.5090602642227693,3.7261660640402985,-0.4369418251747992,0.8476538276042054,-1.1871973120992934,15.332967115974393,-0.5933919968424965,-6.2085255098501255,4.900053132885716,2.689019131887674,0.4940185421560501
-0.182,2.618423563784438,3.186433157747527,8.338681578384051,-1.0777995584017708,2.408348183718334,-0.7412764300678777,1.4803012953102541,-1.6568059202760297,-5.175957212184257,-0.2941520549899846,-0.9612881156957536,1.074994594006463,3.9631461035999807,1.9915943317188087,-1.1806759331977486,1.0705854782908504,5.98681754522651,1.9228397781077888,-3.8505808830467965,7.174173356383915,-0.7228706726492921,-4.2379201309448025,-6.004101046788601,3.478218193825363,-8.249555998176875,2.0851140726828805,-3.205198053490052,2.0222940607068485,-1.4723674365635435,1.6886325673930371,2.44670570867006,-3.827182798714612,-0.0138752464919967,0.5317390265112981,6.9981337459777215,1.7138806990056346,-0.4941274310675972,0.7902841428737104,0.2512275236924327,-0.4746471447803985,5.008434240486639,3.757437901211394,-2.5021835539611152,0.0913101463392202,-2.867591908862733,6.793510071799849,-2.2123877175701416,-1.9443704714642576,1.9061960599869456,2.288308879857769,-1.3148481139109365,1.6258794520411974,3.812922594787188,-0.8767374258004226,0.92552612220623,-1.548139276362444,15.252835975543306,-0.0906479165397634,-5.523166061267983,5.165330183727289,3.394604895586638,0.911423829211905
-0.18,3.5419904295692173,2.932614877388624,7.361126082476566,-0.9969143303199012,2.2117056819638745,-1.1200922833641491,1.173778841356236,-1.1272809684242888,-4.529498088986646,-0.5019831603831235,-2.12002184027999,1.4289979848890526,3.4928069734235643,2.332344651743643,-1.4230180071104848,0.5196551801876923,6.11908838283006,1.160793702264615,-3.4989531566463716,9.104381056940484,0.0964435330764971,-4.7004766330380265,-6.059402534017987,3.721388026585549,-8.094968585239766,1.8643498172978308,-3.583701777434595,3.0577286084428925,-2.0083504569191644,2.753812860372013,1.7476056564672346,-2.83791249086448,0.2394907882837611,0.1061079570056316,6.265585927597377,1.487898936596623,-0.3579344167992648,0.8812200824588292,-0.1678660003725488,-0.3968762655415045,4.19112869676693,4.772638849938124,-2.250986520021572,0.6695129671139287,-3.235604683528784,6.419685126091474,-2.792600401082816,-1.8369143678573803,2.048876011264811,2.398374525967226,-1.715639200401376,1.7481382679151236,3.865800565065709,-1.2226927328281276,0.7041581779510945,-1.6600033068101727,15.362849652897344,0.6248876806609168,-4.797827530687077,5.432759846709434,4.0573245585292,1.360581586029329
-0.178,4.236358668981967,2.676700356178164,6.421154298120331,-0.9154103178930934,2.1334315593361657,-1.209007057747522,0.8477134109289991,-0.5067217340703605,-3.770930429883849,-0.7792571593286687,-3.3128691619814328,1.7145685849379404,3.1738033210800323,2.854904606552489,-1.7134342156074485,-0.0234957325541747,6.019345641889465,0.4817168270263725,-3.155175021243518,10.874644673880756,0.5178078128613566,-5.336970600155059,-5.844029934362671,4.15526847006419,-7.996795453552164,1.5350866419128024,-4.086538309507262,4.1286063134667215,-2.2590914302850877,3.508499410860373,1.0193354463949975,-1.807889691215868,-0.0669100292758083,-0.0836352638473794,4.955930024149366,1.242458000046816,-0.2759316194000267,1.0785838099946228,-0.7437800854970432,-0.4849151975563191,3.146714409913153,5.488891887346968,-1.9489874755046603,1.1294332411248047,-3.448015307951165,5.805699546182698,-3.042521873845085,-1.8928968082132882,2.209263058640853,2.50762795758742,-1.9763338880506467,1.932003746389092,3.8745098232949404,-1.4729552980236986,0.2491626938767377,-1.4902538742879887,15.65140684120514,1.456661296217595,-4.088202084126789,5.777742806327367,4.58160099634387,1.8544205724589589
-0.176,4.530193307412624,2.4583563598082785,5.676765320061975,-0.8243401497546355,2.185254077290469,-0.9783455932059638,0.5430529121020423,0.1230008865382305,-2.9401983871023907,-1.1127770280970664,-4.2350174730424754,1.8774996402019168,3.0504134069415443,3.2701013626026096,-2.001329330494197,-0.4606088485798502,5.657784975828579,-0.0167829670675332,-2.8467289803839995,12.245242404573052,0.56523904219136,-6.057797715192171,-5.353629019144393,4.7789517977474105,-7.996829737609095,1.201313012149275,-4.421518588276586,5.0587424977258015,-2.2338278801668205,3.7380700068211694,0.4225107808172228,-0.905326378391836,-0.8509681008079948,-0.0026335064002069,3.33963438150948,0.9302579030104844,-0.2309666033254475,1.3046863932833093,-1.39754030151503,-0.8243710700442948,2.094401629828277,5.745258634578093,-1.65931286428722,1.3694649122428824,-3.500359579191626,5.076178376055355,-2.834047193298713,-2.095796206465174,2.3813970672092104,2.585225571756135,-2.0277472600672595,2.169694891650893,3.8257248862575093,-1.6537643955932555,-0.30811170629042,-1.0508930400141172,16.052938054519945,2.2997513376933987,-3.4201808268836835,6.229453244547719,4.878171515871229,2.422659576105476
-0.174,4.336099495545165,2.3068355411625108,5.259443287315208,-0.71213702399563,2.3667090958151493,-0.4342500899278144,0.3001240132352826,0.6835563743650348,-2.0909160841293817,-1.4807818005654017,-4.653455338775695,1.8723755624764016,3.110922245876204,3.314682924404704,-2.234647316862702,-0.7181279719687379,5.049314592802317,-0.2676013140453545,-2.5895300453539756,13.036449453082229,0.3201311050072991,-6.715800958762466,-4.647008231455063,5.554501851840937,-8.100068485693841,0.9623441229032096,-4.314230731765034,5.709946372470854,-1.9903459818745768,3.35688751789119,0.1078482275433434,-0.2855634477937219,-1.9293545054913224,0.3320172852821478,1.739618121584608,0.5193636205348863,-0.1929259387522827,1.445835898236036,-2.0437972892880416,-1.47349907483109,1.2646775629655342,5.439475602737024,-1.4147887641835926,1.3261161427328387,-3.4251825512182283,4.349187466463568,-2.1526624383102377,-2.410278902972069,2.5508378223249135,2.593186431323335,-1.8365173525722007,2.3852532794412857,3.704283223433858,-1.806325295720261,-0.8048774365690634,-0.4006484662396378,16.458542286113637,3.0549754470343387,-2.786567387377496,6.7636413105928055,4.884198050185063,3.092398732692131
-0.172,3.6693086750962594,2.23372045919567,5.235042621557262,-0.575296346145157,2.666574815226487,0.3734765878986847,0.149397824905166,1.1068453764906654,-1.285995291401725,-1.850867592225983,-4.468961385009926,1.6724767729523302,3.2929782929553144,2.8159363787724847,-2.3665153067951263,-0.7617920792911843,4.246307166542496,-0.2487945091741664,-2.386174043113975,13.166716333670802,-0.0957874699172013,-7.145272152385572,-3.840081365332848,6.4102817606656055,-8.265632951798649,0.882037642412671,-3.579531441393795,6.010483958169637,-1.6195811081927451,2.432140271501113,0.179564475745239,-0.0552388657561477,-3.0551127643031344,0.8527345647597131,0.4564858034989668,0.0098824605577042,-0.1296319659688674,1.3827215721846406,-2.6061955582859038,-2.443157454784278,0.8490618250498945,4.560116186733585,-1.2171925187251196,0.991695005389578,-3.283696775826043,3.715577193934624,-1.0989359359835398,-2.7918542419337697,2.697047560640928,2.498969134740681,-1.4207053133030794,2.451422772958604,3.497717358663294,-1.968861201398391,-1.0928966874868224,0.3635574801541305,16.737578078719004,3.640448555114925,-2.1542832588578165,7.312202459427245,4.579002130620345,3.869736460661538
-0.17,2.6490228048895985,2.230162493361449,5.57954391951586,-0.4217358143049259,3.06572847207661,1.3518247965561363,0.10139710814637029,1.339572829761942,-0.5917975164033028,-2.183179655144027,-3.748421443794392,1.2778560746607277,3.497115991152011,1.731519129428517,-2.362449467812252,-0.6022876641228455,3.3272610952768047,0.0148375283340139,-2.2270337229171515,12.669319957551393,-0.5434484364628888,-7.205004427021852,-3.0816612538308763,7.250375617298461,-8.409978372549073,0.9706944158583952,-2.1724243745338985,5.970531077318085,-1.222863476888374,1.168377019283636,0.6679597119933599,-0.2470658208073221,-3.969529019123709,1.4534745220373282,-0.2947570063852469,-0.5589620693472467,-0.0164321748907186,1.0255386182585329,-3.0301623662052712,-3.686337574989146,0.9591655117674152,3.200277015284975,-1.0490350632869014,0.4189756611707765,-3.150972645608247,3.2275427205660323,0.1322452345405291,-3.1957135909352803,2.7981108533019245,2.282692875054974,-0.8529421630914318,2.2255503368142247,3.199805404311768,-2.160765651407587,-1.0793107208383033,1.1244398922712775,16.76773650177757,3.998955533105058,-1.4870148301231876,7.782175696223567,3.989479597452654,4.729188685909455
-0.168,1.469262701742999,2.2711374174229886,6.1788108938765385,-0.2692785555361199,3.538835588692826,2.3727850882150645,0.14012615907188966,1.3467109078636643,-0.0669098427936936,-2.438116320991192,-2.710945414975074,0.7208172536071626,3.610453612120593,0.1582071265383659,-2.2050334658929938,-0.291596481364497,2.384167613388907,0.4590739322675568,-2.0912589796929755,11.676966324319016,-0.8908451270511192,-6.814349039263179,-2.518131746142731,7.966582771499916,-8.423163470817778,1.1818587629269135,-0.2030467422078195,5.677921016492507,-0.8883038730601448,-0.1405002539839818,1.5178459506334834,-0.8110356006444259,-4.456887162778037,2.0123571705644414,-0.4294226892083245,-1.1129652496114737,0.154143515442434,0.3445564967207638,-3.2921799522326864,-5.09977371965947,1.6035918407402614,1.54918219924861,-0.8883439115751144,-0.2907432220870461,-3.095528520439254,2.8981329289309077,1.3007345685572518,-3.5822287869698464,2.8355642606451044,1.9423539792867623,-0.2491597781560417,1.5954669814772562,2.8112966679812064,-2.372477593933799,-0.7537315562172417,1.7686828911109194,16.466011726141602,4.101003364646394,-0.7670181722164524,8.082253169398449,3.1845653139694625,5.610391089992323
-0.166,0.3474686610557748,2.318362123649308,6.849766885232063,-0.1423821937823022,4.05237708078668,3.292104447796874,0.2241451245939809,1.113311043641809,0.2482617726168276,-2.587500746862152,-1.674345666073462,0.0641989301283169,3.5336673668339684,-1.6902822194323472,-1.8952776276191543,0.0883449567781264,1.505105763576425,0.9917114039172132,-1.949981582127394,10.391749087747227,-1.0341907686814014,-5.977185716684785,-2.2558039833052863,8.454037658433199,-8.195736309659774,1.426091520144137,2.084473992267428,5.276740871776281,-0.6695981542785919,-1.1835657804786175,2.599807232111037,-1.6220271391001788,-4.392889308917056,2.419965997084481,-0.0024714465086682,-1.5576211963475066,0.3698284048696393,-0.6174146236992837,-3.4009138258361387,-6.536779556982909,2.6858617275959915,-0.1434284346004885,-0.7213460734046317,-1.00983367566618,-3.160210548480189,2.7088460820650466,2.1838733706889197,-3.9183370016866337,2.798517685747842,1.4990949010832215,0.2570077584126607,0.5222925554337878,2.3413211998659142,-2.5647127462240515,-0.1924644739511651,2.2116486990432365,15.80988642791825,3.942519444449202,-0.014664324780987,8.149236238605958,2.261508122843957,6.425128030257505
-0.164,-0.5222369475264286,2.327290222450096,7.3769715607675534,-0.0648080485359338,4.564907817156176,3.972834530014402,0.29422902939721246,0.6460725976970717,0.3367503562140221,-2.623216820420545,-0.9803662779294928,-0.6052193953884437,3.203189656995887,-3.5358278809037245,-1.454024354447251,0.4434255820369752,0.7634501195942508,1.5110286495354903,-1.7717281122690538,9.040822997434326,-0.9148092814532788,-4.7849485340229165,-2.327500230443605,8.628953600852784,-7.650142588271787,1.5978189862297196,4.362824547997774,4.9335030926941785,-0.5742249551733686,-1.7114787429913785,3.738118875375713,-2.5061451650560835,-3.771547988738718,2.6018181411526977,0.8194531661402391,-1.804076184953892,0.6028356308620498,-1.7501370878157985,-3.3923455468092785,-7.830714665696665,4.024588713616304,-1.615685299607447,-0.5512007845592901,-1.6141294980680967,-3.35149893660148,2.621612978593976,2.629493975052506,-4.176207983184708,2.6868159063609953,0.9934888601451634,0.5488086326685111,-0.9325448061855716,1.807873078282007,-2.677788435528062,0.4613602022557444,2.415252681160385,14.842293979933132,3.540005707529017,0.7023680872704222,7.964378246295682,1.32684731040127,7.074654233101356
-0.162,-1.002303262857387,2.2606839763545827,7.560512559481374,-0.0483791950892959,5.029896388283235,4.311827553561512,0.285692730117016,-0.0251021957196506,0.2073362809440749,-2.5626015318905724,-0.8994287204256606,-1.189789194547214,2.6081414843557384,-5.100726158525255,-0.9182401324267914,0.6868294603171203,0.2121676235562019,1.9245472470550535,-1.5283759060179334,7.827134088492698,-0.5253602315187411,-3.397993747107015,-2.6762644280847443,8.439882422295154,-6.766325605323346,1.610598120561383,6.294787472411454,4.794201801189284,-0.5627009316689187,-1.597197999266865,4.750863246629554,-3.2765311213879205,-2.70255150539537,2.53213922702376,1.8072201618758896,-1.7955913788610751,0.817718818160581,-2.8984455477652658,-3.320079218490318,-8.824979859595624,5.390714351881314,-2.648108419682841,-0.3930036778740083,-2.010903230179519,-3.640528648665517,2.5929094799016026,2.588379526302919,-4.331483242130104,2.5109377315338888,0.4776027975740387,0.5565465825098701,-2.603427285793704,1.235305687083879,-2.6478862016152687,1.03384674051226,2.3946381529089105,13.66460538093432,2.926402732394416,1.2775611151977102,7.557550958580945,0.4745034443915122,7.468157014853936
-0.16,-1.0442691257505583,2.093345790994245,7.267036288532568,-0.0867978586709657,5.3977060756407935,4.261940678223569,0.14297745965015946,-0.8461124883877944,-0.1062985578520083,-2.4439088826659314,-1.5553016439436365,-1.6001350081872237,1.7933518522798468,-6.167841912530006,-0.3335933861377064,0.756518357419382,-0.1245939642086133,2.163187427862863,-1.2012408355506727,6.89202265390094,0.0919900227215134,-2.009586002246399,-3.16322979185672,7.877177652228592,-5.595598795865617,1.426226432023887,7.605122496708027,4.945446815537062,-0.5594201169271857,-0.8681279039237727,5.494529151294882,-3.772245015658606,-1.3841581880822746,2.23964009564987,2.726529332284615,-1.524013414885611,0.9794699470623752,-3.8984952772123247,-3.243777959787065,-9.402293012786645,6.552670816620753,-3.1104001672906127,-0.2601940883944922,-2.1568340566856765,-3.974624234038407,2.5848221139942096,2.119351592027388,-4.360663251967242,2.2898315836107974,0.0063342632532524,0.2776707677108972,-4.243494768966277,0.6527309325506498,-2.426965578304954,1.366489501839282,2.2150170817219594,12.41324937582932,2.150467659554248,1.5872605501049324,6.998616583756113,-0.2336646840773161,7.54064615247213
-0.158,-0.6933268827166683,1.8156337990022136,6.464855981911313,-0.1544367237312764,5.6212779717497146,3.840793765691282,-0.1676333925986226,-1.7410570024111252,-0.553072205084144,-2.31198878831075,-2.8927457859141468,-1.7732065426585766,0.8511771288374018,-6.626224437610168,0.2523673696037964,0.6265467912992253,-0.2528975097324801,2.1909222956089334,-0.7873507275809494,6.2946140253597305,0.8568663330141081,-0.802972907064448,-3.5968180579152595,6.978047146000027,-4.258138585126535,1.0694247378069093,8.1335800504727,5.38860635584352,-0.4768176342884931,0.2993541643408192,5.896228566590986,-3.892116221206884,-0.0538429338764478,1.7991954590393169,3.3941805697654264,-1.0362285745864923,1.0644575405327243,-4.61817289036726,-3.218568892507393,-9.5061347149233,7.322065506837155,-2.9866707573675617,-0.152671249823463,-2.063300857489021,-4.296303744335794,2.570497954246945,1.3711651976518229,-4.239793010016905,2.0471640428315996,-0.3780894683513223,-0.2195106424973951,-5.571494654524676,0.09085472468871802,-1.9997535181588413,1.3616640657990582,1.974751049081933,11.227255614685047,1.27449918281237,1.5224770713647635,6.376426843594587,-0.7783234716370818,7.265021504569602
-0.156,-0.062583067530244,1.4379048975803164,5.232745529923296,-0.2107601700150531,5.662113649690129,3.1274305696252656,-0.6489314513038871,-2.6193801257584526,-1.0714967508551028,-2.2010248925570925,-4.6784450711633125,-1.684625252991253,-0.0952607804999012,-6.487685428625732,0.798649944246397,0.3087165644135753,-0.205099549532626,2.0063755780488104,-0.3031157482551803,6.007653631193752,1.670364204449451,0.0861391543035607,-3.776106798475353,5.823161501018703,-2.9226445340868588,0.625979515651435,7.861271670469322,6.031697561644177,-0.2397928332614388,1.625154789383091,5.969373547294574,-3.6145000700663545,1.068739409662903,1.3112484267042042,3.71555194930674,-0.4261603292182709,1.067465822843969,-4.989696579901869,-3.284349566834196,-9.15126315980641,7.588275854568481,-2.3764241554837584,-0.0451384340159929,-1.7891289523743348,-4.563054562097823,2.5343976077657944,0.5398394282181002,-3.9492343894536956,1.8076346910593,-0.6591592456493361,-0.8118298836537295,-6.33383010187439,-0.42328164784452516,-1.39513292476571,1.011459803800848,1.7811466105555496,10.217003777698318,0.3703480924052943,1.0210542444757011,5.7752424674654605,-1.1809915993077638,6.654819444807163
-0.154,0.6946923888291091,0.9888607069555604,3.7462960085530166,-0.2082806500809906,5.496715880879608,2.24898357354526,-1.2687318739688982,-3.3867247952914297,-1.597958980906363,-2.1170807722488023,-6.54817499378427,-1.3540962099823906,-0.9179785169789364,-5.873899993372394,1.2760480366385836,-0.1506025610705063,-0.0335417023740714,1.6341947927452511,0.2158207570979826,5.93532342941218,2.435230582792306,0.5950884522961808,-3.540647413639429,4.527079232676933,-1.7718360024829254,0.2235539345260875,6.9067424163776,6.703546014056286,0.1937359774292601,2.796267352885308,5.806816385368167,-2.9978241031334383,1.8287006455545516,0.87540839785628,3.698437505626903,0.1858848023626426,1.0042762088916466,-5.026578622549162,-3.459157928450859,-8.41915741097637,7.335244737250829,-1.4721120921994162,0.1132258917461479,-1.423698704532206,-4.762700087967854,2.468587004520214,-0.1840407098116308,-3.4843377015219366,1.5931379981298248,-0.8498593191611552,-1.3508980334223162,-6.363475656083889,-0.8697590517952766,-0.6849347696631592,0.4024913291199358,1.7268310046181794,9.438842856983037,-0.4844641881054991,0.0927925832092197,5.253427522250773,-1.4945999058386452,5.761290517818503
-0.152,1.421514278928815,0.5094251905279106,2.238801781885568,-0.1051787219764039,5.12261880559257,1.3565486603689658,-1.9648858652864711,-3.959515452612929,-2.075368165195397,-2.028361731579157,-8.089386208740715,-0.843296456496725,-1.5100661525572905,-4.981586858336978,1.6697858098311225,-0.6814465379584742,0.200478866860495,1.1196520450176286,0.7168604104615024,5.944355863613524,3.075039482292984,0.7427112447787344,-2.8124636153547007,3.2262702617047947,-0.962470166195746,0.0010608726266231,5.490188101599418,7.1886709209914965,0.8171389746786525,3.5438752953437924,5.5540968480051145,-2.1628342932131,2.1674642042688363,0.5642030151534232,3.434709061936391,0.6794544086199152,0.9088888817215484,-4.8198784434184585,-3.7390708220500577,-7.438123575440148,6.638974467260731,-0.5146474377270797,0.3802152412193035,-1.0638280788179826,-4.917779154617282,2.3665870889331746,-0.6577803593812456,-2.861701667737477,1.4197602199138633,-0.9904766649336144,-1.6987148665503984,-5.622041061523466,-1.2369914553979806,0.0266815747040473,-0.3014225258789471,1.8680148984490892,8.883549600295625,-1.21263481038344,-1.17032898948676,4.829207498551062,-1.785540752272844,4.663695044244692
-0.15,1.995022322690817,0.0438161087052581,0.9487515203422264,0.1216891183959713,4.56052919164759,0.5921648652258973,-2.659390736338365,-4.279574908189933,-2.457811322461229,-1.869839594683967,-8.934602919628198,-0.2433444155082351,-1.8063011048753923,-4.0315510434157895,1.9781939315172317,-1.2048073024751436,0.4344841700257182,0.5201542318682132,1.1370155791605723,5.896330604905943,3.5479869893905778,0.617996330001616,-1.619836838453848,2.0624895188444543,-0.5921336815443672,0.0695750274842725,3.878945869898823,7.277687567595939,1.573704765834635,3.707122264365919,5.369680295777443,-1.263435659819133,2.131435053121008,0.4056100424565785,3.0605431906501783,0.9622890942608004,0.8234144430805224,-4.512880735310373,-4.100650752223491,-6.3548298285878495,5.646312695304154,0.2612266342937628,0.8046707085098208,-0.7925303455209429,-5.076003663604889,2.21964312529602,-0.8250106583504198,-2.120667071457178,1.2958702499767245,-1.1384401837441926,-1.7587415309247367,-4.217398150628336,-1.5216979263145944,0.6211784950341385,-0.8991718134651455,2.2130040185714237,8.482664255335429,-1.747638748943036,-2.6048378769938445,4.478857415459963,-2.111983564546543,3.454847726939655
-0.148,2.3486557805361823,-0.3634346166879034,0.0657340721079424,0.467665601541152,3.853052187099419,0.0628093591197266,-3.2754969319573264,-4.328144559526086,-2.71411827501322,-1.5597386493889716,-8.85013547176409,0.3435774140272647,-1.795805626277352,-3.215394056582033,2.2074411073513303,-1.6466786045516113,0.6126110660861864,-0.1104641360668592,1.4137565755109063,5.68100284774737,3.850930693814047,0.3520659866192612,-0.0970922937655994,1.1625057505540561,-0.6775826400071233,0.4783893894037244,2.328221399793025,6.821200486629752,2.366165128449257,3.2693702915652603,5.380962157017002,-0.4515026024235687,1.851494278809627,0.378001102721725,2.711205517294693,0.9925813692042222,0.7874487658292424,-4.262601766165395,-4.50628035556243,-5.303288716233031,4.542473137028261,0.6779538627859414,1.4035668253938278,-0.6646671712147747,-5.291981425419041,2.0170635173571307,-0.7239815260025075,-1.324630985895301,1.2219089935872005,-1.352757777881578,-1.4973856172071072,-2.38706066595759,-1.727223467752431,0.9888031664835852,-1.2019422671427085,2.721624801344098,8.128440940849714,-2.043490129782091,-4.00225862458945,4.148898402535671,-2.5054597627507564,2.2292580010854905
-0.146,2.4764300627355724,-0.6726777030555497,-0.3109490391444356,0.8957407143476758,3.058585216311041,-0.1771023367604682,-3.752691199172609,-4.131391271373684,-2.828257930093478,-1.0255972516745842,-7.7956309528856575,0.8286226284966264,-1.522706300925438,-2.654689072693823,2.3639198727366346,-1.950017442549983,0.6959593730996861,-0.7279922850468921,1.4973907521434797,5.240572653503994,4.014915417845657,0.0796560972280066,1.5418914839373716,0.619321122593999,-1.1520989520003193,1.196244054117908,1.0314664920338552,5.771462793090973,3.074483357767026,2.3548843819226315,5.649530030003015,0.1540386758621858,1.50305880834049,0.4174048248958628,2.477296247423527,0.7854013441629953,0.8292119101059048,-4.197423712924495,-4.911535284937544,-4.37547710875822,3.5130660821375104,0.6518600595067041,2.1414063961421714,-0.6984462705208722,-5.603482771518846,1.7486055989848026,-0.464201663172801,-0.5581725714631577,1.1903897732727535,-1.6761428001814311,-0.9502583664545288,-0.4506374327765206,-1.8610114493492675,1.0514682789229934,-1.0804324203564104,3.314682013082993,7.701277223220165,-2.0823121374437994,-5.148142237313689,3.7748279014981567,-2.959995624976088,1.0739573899919388
-0.144,2.418305160371923,-0.8590373702319664,-0.191924232432775,1.3382167487868306,2.2410402311784274,-0.1335799085376806,-4.058570427766783,-3.7548529891468254,-2.798527676698185,-0.2316961984424322,-5.927102653088811,1.1561738776145856,-1.0761439934195078,-2.380454578621262,2.450803958423196,-2.083249714975418,0.663505101827067,-1.2971480975463787,1.3611294179705904,4.57968842239171,4.094189176964869,-0.096054290098259,3.0505309126006828,0.47745032238507645,-1.8828058591399437,2.110965420634469,0.0937617973160187,4.2020028898945165,3.581304348791482,1.1911312211473533,6.152572573285868,0.4892856364702257,1.2576381856746672,0.4386530646150608,2.3766371952127634,0.4070391175555943,0.9552709244074664,-4.380875676568694,-5.27317157448696,-3.6031588649580417,2.708493848848083,0.2032853637826167,2.922438564736596,-0.8776405159796736,-6.008712365890376,1.40845542936223,-0.1911643422898009,0.08585640978153619,1.188454249940039,-2.121818701197123,-0.208840392107577,1.2567532274326554,-1.9309740531468909,0.7785649831686258,-0.4995495503492422,3.8913837300700953,7.09978279451459,-1.8812273967309527,-5.864996813685688,3.304177043027361,-3.431259211836568,0.0614942870108897
-0.142,2.2331326942141003,-0.9151155702413988,0.3094756480898176,1.7085170333415582,1.4587895523596262,0.1331008526916606,-4.193669829775052,-3.2911898932527466,-2.6360708074104195,0.8004737384679819,-3.5624089982202496,1.3156345303986068,-0.5721293672442905,-2.3385509545887064,2.4690973067594637,-2.0422294568900377,0.5116189081343241,-1.7912524495514557,1.0077539008991305,3.760447650816147,4.147119402935102,-0.124442156188857,4.204308670201431,0.7262971764018554,-2.703982714106431,3.048929824155319,-0.4746187632525522,2.3024107356874697,3.798367954959234,0.0478014110642846,6.786896312917034,0.5527120018814534,1.2403122598196334,0.362709250039195,2.354817509223908,-0.0427883595323971,1.1475928333766612,-4.793764390517909,-5.55588328910055,-2.9570589987399933,2.220307537313281,-0.5558914591852356,3.6017610373888584,-1.1605075573161825,-6.456348147287148,1.0004511884664566,-0.0497095807038599,0.5250237254140971,1.2004457601879817,-2.666976617999373,0.6041003134247993,2.453802793758775,-1.9430914340030059,0.195421356120226,0.4716240111142629,4.349968929272026,6.26479414815158,-1.49226943807855,-6.049528629619546,2.7167533634655463,-3.845355209103294,-0.7533775343809255
-0.14,1.9765892601237949,-0.848669606120078,1.0091121195383437,1.9159881905627405,0.7536848483797911,0.5256543751271008,-4.1889424152045445,-2.841347567261612,-2.362935261689949,1.9811277902680648,-1.118211584063792,1.3436832824004052,-0.1322967785471819,-2.4153155823804164,2.4201232394809904,-1.8466791607905957,0.2544673966021343,-2.190262798117204,0.47167212468902275,2.883873401954716,4.21905867037213,-0.0139085344053804,4.850704787429602,1.2981152639134907,-3.457342793755984,3.811170480925212,-0.7431909734445535,0.3424993694038689,3.6863054976228113,-0.8326203529046206,7.39352665126321,0.3975012887465304,1.4998848506837934,0.1421714420918747,2.303972388753582,-0.4576864586044635,1.3668628979295006,-5.338841259077227,-5.737497452647065,-2.36149224455346,2.0702563737735638,-1.4521521065795078,4.025229976805086,-1.4891289709584743,-6.849976028846896,0.54273528593618,-0.1422956060825978,0.7023460285525278,1.2107655361912744,-3.251146393641187,1.3643076226810338,2.9718091840762333,-1.900089485010306,-0.620140780072242,1.6757745838020248,4.607767317977142,5.192131332005259,-0.9953316005357196,-5.693277949118821,2.034189610822488,-4.114736585761798,-1.3344774700292847
-0.138,1.679306229132413,-0.681742674484752,1.6985750459207225,1.8817218145648948,0.1411587233197412,0.9345969353717504,-4.095285741180741,-2.4920927440372584,-2.009576015438712,3.162785094447381,0.9806907542618196,1.3122381705311672,0.1353123904359234,-2.4751373962601213,2.3114076945035897,-1.534710029263941,-0.0780673452233987,-2.475441462353009,-0.18420876638372263,2.0667829366896164,4.329170779624727,0.1775384981185449,4.941846970560766,2.0738123631820775,-4.028062701624589,4.21502686557292,-0.8326187240728999,-1.3815167835916702,3.26251971947595,-1.2943007815745304,7.796272831867793,0.1140781089205538,2.000280714411759,-0.2205928575304288,2.0966543616382314,-0.7510986875283168,1.5589274642784456,-5.865755913197358,-5.812275714855095,-1.7194195825258505,2.2118878089758764,-2.29644410004499,4.068908474362663,-1.80132722149136,-7.066681468896065,0.06755750942546612,-0.5068835444553368,0.597400685063765,1.2058865215089698,-3.782213480890896,1.973020360140328,2.787650365809732,-1.8002801060630764,-1.5523991422230858,2.903048508042544,4.613689263695342,3.931397657887085,-0.4858861533544374,-4.884182036585671,1.3174079192341075,-4.15842356886532,-1.6648895202858356
-0.136,1.3405852860394578,-0.4480980061063701,2.1952843213100386,1.5592889125758909,-0.3926489442542911,1.26311255850358,-3.9691343668869017,-2.2966439848365767,-1.6102463578610198,4.167450124678153,2.393441536692854,1.3063388329084251,0.1536909156044106,-2.4016626334078417,2.163810907504613,-1.1544508011437722,-0.4389434418393068,-2.6258487768286924,-0.8777560828785433,1.4161372891713666,4.462342946730257,0.3651585036752227,4.5419342049575935,2.9005972693482076,-4.368608791865569,4.134370884057754,-0.8775975594730798,-2.6070973361650136,2.596805650911898,-1.3024258112147806,7.843722681336932,-0.1929315167123266,2.636753768687075,-0.6733330955715484,1.6288258215893257,-0.8792256287435563,1.6683196420089843,-6.209835858335259,-5.791314296940394,-0.9437982775429736,2.546843960646913,-2.927633011419318,3.674993887151501,-2.0411063723860647,-6.985338921726581,-0.3841550303340383,-1.1252241192813517,0.23186536193821805,1.1761628677876024,-4.152657874185951,2.374047102564241,2.0218222938738104,-1.6385164028935737,-2.469673611161018,3.942580308962551,4.352991046709276,2.572204885488554,-0.0574998525127028,-3.789189235079044,0.6531961943664628,-3.922290864715184,-1.749633609557392
-0.134,0.941039209786632,-0.1857199642455063,2.384122319731788,0.948196716561506,-0.8869159042527089,1.445329389540619,-3.8575998937099065,-2.262601585416874,-1.1983985602778184,4.821366445856459,2.928295191488017,1.400301130483716,-0.1118695226974739,-2.127440036322474,2.015464787188478,-0.7553560131991324,-0.7681323913607816,-2.6185351503870677,-1.5212076708027575,1.0060962920645364,4.571642651284002,0.4669523735976773,3.810098416365588,3.618214101145929,-4.502335251369578,3.529464585146181,-0.9911542152968278,-3.1610850126794063,1.795905480835108,-0.9435531389600532,7.447361167048062,-0.4291490676906733,3.2696935322893355,-1.1271182281716914,0.8531507820561025,-0.8523478701608165,1.6528704451062548,-6.23559328633042,-5.700517991834701,0.012504906056213,2.948488182599239,-3.246785283785016,2.88348814419917,-2.163741849314491,-6.518424925005392,-0.7720284359270013,-1.9216551471089969,-0.3336009959926489,1.1174872742646098,-4.2574594809784765,2.5563772192652987,0.9076945792436454,-1.4100960316919768,-3.248780094872014,4.633091634312459,3.845546997574101,1.2233177575048806,0.2168155370313454,-2.620655315921148,0.1307190436677012,-3.3950965630140875,-1.619092968604792
-0.132,0.4576197483275685,0.0692078317136831,2.2383658572992275,0.0972655882457558,-1.3966342560554923,1.455190250040788,-3.7885767132042227,-2.351313158337557,-0.8041370002227265,4.994590448614005,2.5733592130033847,1.6358600688811944,-0.6531699280668836,-1.645981286376026,1.916995508280045,-0.3817034379588935,-1.002428443893922,-2.432633953724485,-2.036680826784957,0.8639342310220539,4.5882270553768905,0.4320490975639612,2.961372904505646,4.083266589635729,-4.506239198958865,2.4555724412957978,-1.2411278369559091,-2.994286392239867,0.9797224377904648,-0.3928087630485718,6.604588989163397,-0.5260620368318378,3.764163311592568,-1.4802898028447444,-0.2044833338458072,-0.7280707259957493,1.4954282295487558,-5.871688701779069,-5.575120293296624,1.1391949541998936,3.2876740536871805,-3.236963044626292,1.833839046638436,-2.1363666512501505,-5.64114027567347,-1.0655736769509923,-2.7785770804809644,-1.0114690797518677,1.0312009994200253,-4.015376322558722,2.544341918339346,-0.2642407407782046,-1.1141699085536176,-3.796937718305168,4.898484025582145,3.1385496218283264,-0.0082530477172344,0.3002066684601339,-1.598959394811168,-0.1833046636973906,-2.6152698915894423,-1.328085309871795
-0.13,-0.1223030064144572,0.2912207832325702,1.818197976470703,-0.8979991346749993,-1.9772348798920183,1.304722527656791,-3.7661656278996745,-2.489429386717784,-0.4491426834311681,4.6344643921390665,1.4879267914773124,2.007551982008533,-1.423585308281396,-1.006709670646723,1.9217492998217176,-0.0670768108821019,-1.082464228617291,-2.05918408779939,-2.3676456143938833,0.9656291875442616,4.436959215669414,0.2598424425651862,2.2167805508178797,4.190893922869829,-4.479875321370591,1.0485864644274334,-1.63660626579816,-2.188425409522356,0.2542001647453638,0.137404207784728,5.400069037270037,-0.4499743478409658,4.02332370049055,-1.6479068174436466,-1.446436636618987,-0.5925324148548493,1.2117525983413515,-5.12995591205408,-5.451989280054264,2.367909760420668,3.456737080221616,-2.956841079768861,0.7427528465219766,-1.9405988435388253,-4.405856517204622,-1.2510757923814206,-3.571854341593349,-1.7040379912690748,0.9239471678542677,-3.387697207514175,2.380642926513312,-1.2136962187380582,-0.7566921059063222,-4.068097732693556,4.762169736099682,2.296000257531333,-1.036353404175334,0.1975143242058799,-0.9137605123782276,-0.2648381704144203,-1.6664584451584137,-0.9506065392474664
-0.128,-0.7762402548980438,0.4697594325263737,1.2474944100406222,-1.9081734556603804,-2.6690808675395994,1.0341377181357492,-3.774389150451106,-2.5883149359137563,-0.1445789082810663,3.781806838302814,-0.0425284991479946,2.46233265020572,-2.3456247572949587,-0.292109155102117,2.074718663675852,0.1678182762299661,-0.963939608383052,-1.508322619465012,-2.4869198970228856,1.2414460660581528,4.057504170252887,0.0030799962289571,1.7542178697572022,3.892193348809983,-4.5088398564824,-0.5014040026754207,-2.129667787534464,-0.9349691714973528,-0.3115981665210244,0.4543917573201199,3.987705737134518,-0.2002723369967917,4.009327519996951,-1.5851510738212513,-2.727663769880398,-0.5359325037876688,0.8491416381479912,-4.102871544965439,-5.361786964893473,3.586420434832264,3.389108466013609,-2.517817728593084,-0.137924719325067,-1.5740248519588482,-2.9367741045317355,-1.3346245005263397,-4.19686657229478,-2.3198127886342297,0.8070520643697232,-2.387184012132811,2.1080085310723744,-1.73040026298201,-0.3528928766067704,-4.068422430542002,4.33522705945178,1.3866944376414918,-1.8070967618799056,-0.0460620117841888,-0.6905272179336323,-0.1408630969312383,-0.6654739621038154,-0.5730669022391158
-0.126,-1.436247324344828,0.6091600747259647,0.6759888150287048,-2.790342090043311,-3.4832527894058245,0.694272092595417,-3.7877262666938316,-2.566688940232346,0.1086074786041067,2.5685181698237405,-1.675142041287415,2.912261003794393,-3.324397604675602,0.4133957570328131,2.396161306005093,0.3160076912686628,-0.6317096121464782,-0.8161148211199398,-2.399297398287993,1.590865899432523,3.421536929630876,-0.243434502465963,1.6718035163451297,3.2025573197840576,-4.631322338463779,-1.9856291012849092,-2.63171298934011,0.5083258833401496,-0.6966023759929243,0.4331490970280535,2.5591810658665786,0.2015756804757476,3.749823146457823,-1.3008388150491577,-3.8906247624080095,-0.6245575339108026,0.477365484938864,-2.9440531888291592,-5.321153037117531,4.66433375050897,3.0685824569257085,-2.0509642115053697,-0.5807052116237709,-1.0504277394632289,-1.4063548362393552,-1.341396729862767,-4.580428826393883,-2.7885335244785328,0.6947799717729107,-1.082802387925682,1.75548381661983,-1.7134957519023035,0.07256804661040739,-3.850377632709431,3.780315957547733,0.4761685528086539,-2.3008646358271707,-0.3525826405530993,-0.9730439045971876,0.1170021179659863,0.258243715208189,-0.2810781833991531
-0.124,-2.005814698151864,0.7285309943659211,0.2396153446478031,-3.4115671332431043,-4.391208713670019,0.3305015448532143,-3.78449620205397,-2.3726903953795757,0.3166864644201858,1.1917678502416689,-3.0863005913809225,3.256797247634201,-4.260667356077757,1.0515095893599251,2.870696016694527,0.3831321041765269,-0.104714905941523,-0.0497812337381832,-2.1381797436806744,1.9016536407032445,2.542553528131686,-0.3668250703147355,1.9726219561380511,2.1976044276458695,-4.819367754551342,-3.2128701671087505,-3.033334384499063,1.871368933630689,-0.9277087656077122,0.0451921561358801,1.3031136246924704,0.7234276430286798,3.3228118062004346,-0.8582032555409967,-4.801012043275867,-0.8792148954352711,0.1748492666770577,-1.8334138754603932,-5.3265879618320335,5.487171249182285,2.528817776009272,-1.6716799729655762,-0.433019423463868,-0.4019536300645586,0.0004685053003119,-1.3098171660103928,-4.68262073590334,-3.068384136469985,0.6030672769680617,0.4038067118771659,1.3352623582959229,-1.1863322442114774,0.487964115417894,-3.498878675512629,3.2651763236123053,-0.3779004512357507,-2.528386957801539,-0.6297509363171743,-1.7228145248119933,0.4089036984168153,0.9856602524618444,-0.145446228322345
-0.122,-2.382791626704259,0.857928452265058,0.0259709127073112,-3.673746193995545,-5.324567279244101,-0.0284399689509945,-3.7570191201980245,-1.9981630435229607,0.4893912439100789,-0.1271246977574517,-4.043140384725185,3.4087899705039013,-5.0647264082973695,1.6098246807544878,3.446336189550964,0.3843319775397778,0.5623979486512731,0.6972404737477078,-1.755653605724584,2.06646731650028,1.477598582014032,-0.2688789141293169,2.5749296589461546,0.9986139117386377,-4.981548031567045,-4.039651245881244,-3.2254955369952576,2.923792498979584,-1.0657012797840153,-0.6414101232303911,0.3671456265422971,1.3319641320791418,2.82830601819785,-0.3595184307745614,-5.3758820399064415,-1.2679426280426518,0.0093692335983995,-0.93502854447925,-5.352520067454054,5.986998492904482,1.84488351321761,-1.453438699576762,0.338434741208646,0.3167309492222837,1.1258135633075783,-1.2817999209849562,-4.497756946508605,-3.145951857668618,0.5478756327812437,1.9180007291002423,0.8490006299244758,-0.2809024608668299,0.8572239652580691,-3.111706073246665,2.9175458856479413,-1.1280654044638916,-2.5246771992840507,-0.7912863254475296,-2.8299799253991016,0.6315933420182597,1.4305393190027629,-0.2097017725323423
-0.12,-2.486045305774809,1.0285269582890273,0.0555155713994374,-3.532971648962324,-6.188405564295442,-0.3739945930285377,-3.717818818841091,-1.4816709328440232,0.6357577693494946,-1.1884764395493437,-4.441972929362052,3.3195369679789124,-5.6687461790695775,2.12251374176338,4.042365700676277,0.3413461685421843,1.2889572005817334,1.3179741464535928,-1.3099780123865976,2.0013808855875226,0.3175485209220052,0.1041436864588774,3.338375257066236,-0.2509440527489444,-4.985898690529736,-4.388653915747986,-3.1245402262567,3.51533600281059,-1.1832936611844032,-1.4881999156119958,-0.170109434694603,2.0007597936522017,2.3601429116082118,0.0776551757111991,-5.596246242987634,-1.7147040009712384,0.0213111371973093,-0.3623220934981548,-5.355398956219651,6.159081985346546,1.119166529152307,-1.4124934703880494,1.629248091400041,1.03151450936762,1.8738328196366132,-1.291421095915854,-4.041850994926598,-3.030785191118759,0.5414400714653106,3.294543155675438,0.2993058401019741,0.8020566580773592,1.1442008823157244,-2.7767791326926097,2.791856525910655,-1.735550253263782,-2.3404396204040703,-0.7753024050420122,-4.135317634474976,0.7053291766602514,1.5553335312503165,-0.4803832695595718
-0.118,-2.2872976476527054,1.2640890304222718,0.2824355759874278,-3.006038813866446,-6.880365416225514,-0.7137945338956707,-3.6992463848815214,-0.8965059941560931,0.7608010760800409,-1.8571213072305728,-4.314931549458618,2.9926969560613337,-6.032781234154324,2.652578623831276,4.565026023047156,0.2781457898214126,1.985467714685448,1.7092745502631852,-0.8542096244081543,1.6597797513260617,-0.8286492835609579,0.740766895458297,4.104837900830903,-1.4083896725803267,-4.696325111058725,-4.253496517072263,-2.692688511427871,3.5941967940459003,-1.3416619906271354,-2.3285587789680844,-0.3119825398651061,2.711069828098544,1.9807307604465367,0.3467287223322548,-5.504481419925579,-2.119064749591286,0.2135547852848963,-0.1561914474480807,-5.28208761819391,6.0635633990365365,0.4625999610518187,-1.5099347701178223,3.216268611245275,1.6555996908051118,2.230343294039177,-1.3568549547017303,-3.339683017469256,-2.7453158305273835,0.5897123954213512,4.379807565842879,-0.2957172140602464,1.8431668215856647,1.318107300180406,-2.5532787584826875,2.8570475146610543,-2.1692443585215884,-2.036624960816102,-0.5573899172513949,-5.457888242724103,0.5937954785822247,1.3765301353293995,-0.9262667386556224
-0.116,-1.8293473600443104,1.572068776142188,0.6131717538301065,-2.1686548879934584,-7.312920990286905,-1.0585266611336142,-3.7454698086105456,-0.3318960790584555,0.862455336082083,-2.0891393888398664,-3.8083073907208633,2.485545822341272,-6.147125803761457,3.266126060097708,4.928936648477091,0.2170958218969612,2.5678164269941552,1.7930126783020657,-0.4279587814784077,1.0368470095976383,-1.856170920576403,1.5592724773530922,4.742038615388379,-2.3515725434083254,-4.013585647811303,-3.689788005349356,-1.9509607937161932,3.2012102319741795,-1.5690828986699803,-3.0130123535978277,-0.1375889370132952,3.443988085642581,1.7046231576666724,0.3775827908527928,-5.184379394942346,-2.37986882984241,0.547797044065858,-0.2826460866729331,-5.0805119120995546,5.811249631430355,-0.0261550839510194,-1.6689589486658205,4.799637337293601,2.09982441386542,2.261147570534784,-1.4763961084241346,-2.4306663608964625,-2.3140625529634598,0.689845498420752,5.059214612862373,-0.8924433048623732,2.65409081913518,1.3582909971600952,-2.460915788161779,3.0112376076908136,-2.4058768107656,-1.681797723633159,-0.1567248350405501,-6.622336320102666,0.31399472558451,0.961577490924152,-1.4861761929721036
-0.114,-1.2204797246975223,1.9382294627021943,0.9353307711364512,-1.1431848890014973,-7.435410761316353,-1.4084508675649772,-3.89778447622702,0.1311677408784138,0.9322082209145388,-1.9363570254188027,-3.134385788486532,1.8959622894005237,-6.029066859158942,4.0012570442476925,5.077090001844613,0.1770649947656714,2.974617470814064,1.535780571562234,-0.05240528797553706,0.1669976042007439,-2.684581208154213,2.422612681119328,5.174119585527683,-2.995206572874902,-2.9102079070896063,-2.799238586552897,-0.9810905169680152,2.447723367979925,-1.8514850669744392,-3.445628801208023,0.218634114927644,4.172648520036844,1.4998984020345765,0.1510750495943441,-4.735865155979495,-2.421071862214472,0.951847371090217,-0.6466310297185843,-4.712854659167083,5.534702462801778,-0.2801203317655977,-1.7998043111487274,6.06460774105868,2.287135072791104,2.091777314684725,-1.6308606742220593,-1.374675883128207,-1.7582537359284975,0.8286940587067436,5.27829190561164,-1.4225535011546129,3.1153436839483186,1.257161648116572,-2.4785532198168188,3.115976507954821,-2.4340324302199448,-1.3496546973110468,0.3679769148660408,-7.48023306962951,-0.067661984226826,0.4159324689402156,-2.0809183857126663
-0.112,-0.6184927754291787,2.327125817426346,1.1477140950685945,-0.0753824909880933,-7.251053214114685,-1.7427393407640837,-4.179624803935056,0.442527695243476,0.9591645757533418,-1.5293887435866294,-2.5126339926935075,1.3386868735319843,-5.712634935394605,4.845560657419807,4.996431829676887,0.1721874809269752,3.177537609860355,0.9603796459104756,0.2700291834537297,-0.8836319513702287,-3.269024731837739,3.1666336806489217,5.398637296291045,-3.2999204834268836,-1.4485468280408125,-1.7130215770894726,0.0822697018509844,1.482139404822458,-2.135328345343242,-3.6011299700467343,0.5981956394326429,4.855769225268645,1.3037852131119834,-0.2990100059652489,-4.255055830975277,-2.212546123617888,1.334445040276058,-1.1202866785207486,-4.167411794594951,5.354923847300233,-0.2758189146158317,-1.825235840743514,6.747854639224913,2.1702387409259454,1.8732513953732168,-1.789954332014369,-0.2561536479568299,-1.0977818827727923,0.983614184392454,5.049772527290746,-1.8038978600951063,3.193783824901532,1.0212190956811644,-2.551702451897024,3.0385916261884005,-2.2590640597941074,-1.11461753080902,0.929000064250018,-7.924765472837373,-0.4536567364793374,-0.136372835841929,-2.629624946878872
-0.11,-0.201070649700078,2.684803559526524,1.1855947493716887,0.8932115673516013,-6.821791973360728,-2.01511746640233,-4.586546420416455,0.5939877348948797,0.937017471243866,-1.0404903103526786,-2.113916555853575,0.9168432741955256,-5.239488710397946,5.728246893935575,4.722772358938002,0.2112267680599778,3.179168260370121,0.1466011841776826,0.5502269387837082,-2.0271859820667206,-3.603956763522805,3.638134771024647,5.4817853831932135,-3.268047365643051,0.2261052767479998,-0.5738518809655251,1.0694946610785772,0.4534073595487434,-2.340365595368276,-3.521902382613296,0.8530342673423276,5.436161520835076,1.0432545888232865,-0.8933828964762218,-3.8163561741908856,-1.7772151465394188,1.604342555456405,-1.5774268398205369,-3.4640530856536014,5.352608407659282,-0.0394325682824587,-1.702706178388645,6.694421038608317,1.7464931015556642,1.742620318692049,-1.9199447925639805,0.8131343048267078,-0.35551872795312656,1.1255370503804651,4.4530535398482405,-1.9598324149938469,2.9379857053416405,0.6700764923585396,-2.60703885267434,2.6916209206856023,-1.906681049428532,-1.0467581811430746,1.4273329105837251,-7.900758061181517,-0.7408154992401564,-0.5740061423365278,-3.065599482125994
-0.108,-0.123291735044373,2.9460436530383025,1.0316601011457902,1.652125960410615,-6.25684915522515,-2.16243044822625,-5.080338986610286,0.6197915609790577,0.8710568291808237,-0.6374053316042072,-2.0254598132875583,0.6963096751930368,-4.651709041068954,6.528953811796527,4.331643236243198,0.298773515678709,3.009269171608579,-0.780162923457214,0.8039899882748943,-3.171963528519977,-3.719269028160667,3.729974787616112,5.53514826381485,-2.9342644143738794,1.9130843189896432,0.4796733968005538,1.8031085033613756,-0.5168638858068457,-2.3820946712823865,-3.297095269990024,0.872014677402212,5.849242787323458,0.6585749598164105,-1.527036957582237,-3.4625940196749263,-1.1826651429594042,1.6912933839362112,-1.9237735475911504,-2.652733242698196,5.548512020311007,0.3548170385450138,-1.4324791913769055,5.89344717605161,1.06454864169,1.787782908625879,-1.9922996366607488,1.6953780334137587,0.43501261707219896,1.2224039311903345,3.620497340667648,-1.8432345414783773,2.454069875223328,0.23313620366102727,-2.569449691628507,2.060170243547665,-1.4235732088079598,-1.2028546490869811,1.7734200129058586,-7.407805443423002,-0.847287945343519,-0.8006228138166546,-3.346416401101396
-0.106,-0.4770016957759598,3.045190905190378,0.7136576749165566,2.139268668813134,-5.691681412814132,-2.119089975358821,-5.591649846688268,0.5850043011348898,0.7826262526273099,-0.4445821185538668,-2.2400985187316915,0.690739596996212,-3.9855566137371303,7.102245149619353,3.9184975577673145,0.4348652819933558,2.714606611531773,-1.6725959646340762,1.045339416936681,-4.240327619033227,-3.6648774516669462,3.407863411142231,5.6800728881877305,-2.3562338136348178,3.398716393318139,1.320836992843131,2.1319674666987307,-1.35102922213211,-2.195964550733501,-3.031346835092335,0.6003787366176574,6.035470501607236,0.1231611148293216,-2.0952780090261,-3.210440526485989,-0.5238239076430534,1.5608624463368714,-2.115636043590039,-1.805936024722281,5.900585484677743,0.7969045255071942,-1.0540584211640185,4.481595259064948,0.220715706596552,2.02572244541205,-1.9911042314881917,2.2481127419854263,1.2210031279244957,1.2434973081962424,2.71277051210602,-1.455229484868539,1.8724900150468275,-0.2544470787403871,-2.377939964116512,1.206027755544533,-0.8746382487481265,-1.6141663188124569,1.90364186209968,-6.4957026025143545,-0.735775464336207,-0.7608995938217388,-3.4590085888525723
-0.104,-1.2705734838219436,2.9281753605402323,0.2903792601503622,2.347554740765872,-5.260035662940546,-1.8345707357463397,-6.033177280522007,0.5616006981402369,0.709470406119874,-0.5165560903313254,-2.6673868963718803,0.8591534504708708,-3.2721796235330745,7.312678911493482,3.573622109742544,0.6142718003739113,2.34646183683679,-2.392245897492223,1.2814446387889922,-5.1774574305663705,-3.4937723596289607,2.722325528915356,6.011289713134556,-1.604240235031917,4.503961680597163,1.845510356568892,1.9655012692232927,-2.0165352363309217,-1.7567980154991405,-2.8128894894354963,0.0464833807587659,5.957498167463677,-0.5473412484419999,-2.517969284014588,-3.0573886527588074,0.0967144161700148,1.220546771062824,-2.1650941580980634,-1.0060242780036874,6.319740294199951,1.1600492868772363,-0.6342158158483036,2.710732931330208,-0.6565430742211168,2.4015012079489586,-1.916422649449188,2.346798389552468,1.9271695798545,1.1647803181277243,1.8921182177343907,-0.8538340212203589,1.312656945175817,-0.7561454408361326,-1.9982011293026591,0.2484773701474295,-0.3362317182742171,-2.277118374838081,1.7925394522525613,-5.253701640653135,-0.4252436655051879,-0.4471287511328864,-3.416636482708636
-0.102,-2.413039670884447,2.560255208658557,-0.1700191485265509,2.319853287159655,-5.059966444604237,-1.2913156530765355,-6.318260576685406,0.6032265990086126,0.7019891391460487,-0.8316753055396944,-3.168776155468744,1.117347031720198,-2.540929476150218,7.067308498933014,3.3595942686728906,0.828004973797737,1.9556070730206057,-2.840180947089752,1.510239255759914,-5.953883973514431,-3.2482202976848056,1.7973712775449224,6.568547075791378,-0.7523357573578695,5.126088923549268,1.9838054363867696,1.2983607949147506,-2.515994766460199,-1.090364327168372,-2.688160746252432,-0.7274589969033464,5.6138096730009615,-1.300909415471908,-2.7583049072447547,-2.991129324420944,0.5889775851015009,0.7177817058799162,-2.127289236880203,-0.331233828809139,6.694787217538463,1.323596144009302,-0.2481765390947357,0.8953346377918249,-1.4293229261138272,2.807111959537504,-1.7815478905240474,1.9131605261907885,2.462018226646839,0.9726964675981628,1.2920411428861092,-0.1487539014644626,0.8580024734273612,-1.238585033644345,-1.4272492192684405,-0.670019983946393,0.1164499707940553,-3.148985878227628,1.4587930505829927,-3.799072127169406,0.011705099880211,0.1021476238412768,-3.252411278289415
-0.1,-3.7248368114570263,1.933010807192607,-0.6084010657145146,2.135308147490641,-5.128742049228261,-0.5162547732260009,-6.378355673156711,0.7275075694278059,0.814820593262924,-1.3075884300993237,-3.599906093875248,1.3590112584374532,-1.823018596722931,6.339859963245424,3.2953786160968024,1.0627530476967548,1.5848389366875095,-2.9775784420103046,1.721181802113597,-6.565103362314569,-2.952630368258767,0.8035252167432951,7.322925170881621,0.1252283855630819,5.261459978298976,1.7074445903278728,0.2223187414071955,-2.869093713822576,-0.2723457572367234,-2.652238580043685,-1.62249283052119,5.045203247592809,-2.062220926347042,-2.826168697123028,-2.999680302505052,0.8945679477911412,0.1287645162003821,-2.07637346243271,0.158592166715394,6.922073438234398,1.1983486761680768,0.0416589314512171,-0.6560828780734338,-1.976812556232334,3.1154242216095565,-1.6084287460214217,0.9509213020491476,2.7324550239512773,0.6667124657816214,0.9902704929687244,0.5166151292979011,0.5470225237272918,-1.6754996415934011,-0.6911846420056178,-1.4229562545945948,0.4228921342312496,-4.148399940631768,0.9619271113231336,-2.262450668246854,0.4664762559471955,0.8109125029814541,-3.0120069740798874
-0.098,-4.981653201564388,1.0671259222724545,-0.9906406097714586,1.885637689694907,-5.429733960245973,0.4181694081875535,-6.1793388714237185,0.9065793164966424,1.0949923869176152,-1.827942439058676,-3.855714621902076,1.4806180015778914,-1.1561317064607397,5.180964278977128,3.3478923615417617,1.3008764594984985,1.263689664512825,-2.833126498905141,1.8991058751015613,-7.024959373705192,-2.614173660851812,-0.076997924766829,8.181375937279325,0.9551605403527911,5.004733015748077,1.038038166644872,-1.0797324274680349,-3.0956979945800414,0.5848014002033141,-2.656343744992604,-2.5212503758936817,4.331287794625847,-2.752040788645861,-2.769695413028003,-3.0734717827504667,0.996389084831142,-0.4595866559086848,-2.0790892308320044,0.4325891288995958,6.934756191341285,0.7472675413535528,0.2011606882046249,-1.7045956524020989,-2.218630090750173,3.217178909254085,-1.4217487640418327,-0.4461384633803111,2.663372365790579,0.2616904992469864,0.9953708632877792,0.9945321390567616,0.3767632712257179,-2.0499744082125577,0.1606751160236101,-1.9338736748138423,0.5495605154802997,-5.163182959229718,0.3921599606630208,-0.7694728980546037,0.820568270083759,1.580396322732894,-2.743590090597795
-0.096,-5.956231360938566,0.0106266438206077,-1.3128389259842972,1.6515342886107085,-5.855789074950019,1.4028902014119504,-5.729936374014461,1.0741549116185771,1.5687934761926972,-2.274992253038444,-3.8894751665831193,1.4055917823199915,-0.5828385979526892,3.710705876215228,3.439156780307368,1.5201428763496918,1.0095854236189734,-2.495611726910064,2.029506712980523,-7.35507240051363,-2.228082541941998,-0.6890278714455246,9.004832251550987,1.6644258416585629,4.526235717402815,0.0514820976176418,-2.363074939754432,-3.2065673624938515,1.3533419430036706,-2.630863992973508,-3.308738998409439,3.5726635218343232,-3.30691397168221,-2.658068735449917,-3.20504338319648,0.9167780854721812,-0.968874395865212,-2.1697149738897368,0.4915583468257037,6.72233062592766,5.648732326380172e-05,0.2296917533569284,-2.1250392172625228,-2.131685409986492,3.0540808539982165,-1.2433006025314348,-2.100978164218449,2.2182725446391895,-0.21315351717963094,1.2496775370803286,1.1672847739179724,0.3182051430185622,-2.3546252392448173,1.0659143864948093,-2.1934413957172847,0.4974783043255486,-6.069077391515521,-0.1469012636465024,0.5757018563101379,0.9732243088706198,2.30383619660468,-2.4905667552388144
-0.094,-6.462095662747931,-1.167855544198281,-1.5935271412877576,1.4849536633556475,-6.250270800426379,2.310773407880754,-5.078635711539458,1.1472606367261342,2.230241678251741,-2.5572498090421854,-3.717871345309015,1.100156623801684,-0.1453071943164589,2.0990727520150445,3.469134643171197,1.6955544374159848,0.8253992359931568,-2.0918105214639366,2.10321708607015,-7.574843686142567,-1.789556997663318,-0.9365024229955848,9.640102329214525,2.1818887427518723,4.031449015799961,-1.1250097433386876,-3.369486860524797,-3.204565094841066,1.9170638829883808,-2.5115095299970798,-3.891481962240917,2.8684265395991244,-3.6909623822091926,-2.5554267949007685,-3.383379038394483,0.7108052014110928,-1.3465861001833312,-2.336184920674212,0.365090057615582,6.333327699425382,-0.944314421833799,0.1571946362480692,-1.9322579667983544,-1.754445744967894,2.636958644887595,-1.088070735170985,-3.771457859126415,1.4159832257617122,-0.7190035932035963,1.6429385437399948,0.9743504663450464,0.3379961522411363,-2.589748406992074,1.9589196495413213,-2.2549059244585483,0.3020525703687665,-6.75277666838957,-0.5567731899654756,1.7016155766868155,0.8665874782593136,2.883250556418097,-2.28786163885197
-0.092,-6.396674188352019,-2.3885529356029123,-1.860080524532883,1.4004132853425666,-6.43886074997221,3.020031001524878,-4.30203111248881,1.0542726346409548,3.036484766934921,-2.623356738363967,-3.413612933884758,0.5771140786203017,0.1215664787159329,0.5323835440882259,3.342892991348811,1.8023027857235017,0.6979530146693592,-1.7542134066320931,2.117918203537758,-7.696389512898446,-1.3060690694905832,-0.8013729212266185,9.95464147352287,2.442081000648858,3.714177498003917,-2.325398175945925,-3.880517148485368,-3.0938596985186604,2.195505589569292,-2.262502110058049,-4.209903330885815,2.2950888405480594,-3.8969971498945744,-2.4959098013306757,-3.5857541485601807,0.452785688547278,-1.5754338044963383,-2.521487380683011,0.1047432428715418,5.862172583093086,-1.9297910063489288,0.0348818319364111,-1.27203203442343,-1.176278894154028,2.043301910605222,-0.9638044506249832,-5.196871545980707,0.33798876734500016,-1.2136784253876303,2.033261178508317,0.4287192635476372,0.4159874992444584,-2.7601854895289484,2.780965576135646,-2.2122182992689408,0.0240703476484211,-7.135524531673586,-0.7626782304689965,2.5773094190596075,0.5015197857742049,3.242622944628987,-2.158457873033991
-0.09,-5.761201165282294,-3.566267843910737,-2.136370040735214,1.377582967800918,-6.267921783687338,3.4341936874089605,-3.48893407975795,0.764883446196008,3.909442800938004,-2.4646486822585234,-3.069098966464612,-0.1094196532968272,0.2015323598530145,-0.8262392030899903,2.998810019010014,1.817804637299362,0.5985428823216453,-1.587856550727541,2.0775682646210134,-7.7225528612061,-0.8015334280776513,-0.3450971885360082,9.863470440577322,2.3932971069211044,3.7149883730587088,-3.368403661121224,-3.7659322015072183,-2.894187125549132,2.1602671599608696,-1.8895783757741516,-4.242419650582598,1.886959324390197,-3.942055392212305,-2.469839513747583,-3.7743662392401127,0.220443077043318,-1.6740866122689375,-2.6385380212117813,-0.2271228571211461,5.42443659297791,-2.768066654044483,-0.0776676758376248,-0.3862127211472818,-0.516506585100545,1.3981069562740622,-0.8732104535619202,-6.147337514761691,-0.8775802016878358,-1.6565392516523452,2.277332857115228,-0.3840011190924235,0.5544172644044388,-2.872616351111669,3.4868951309675142,-2.165661205216107,-0.2641477251281153,-7.1892130332216055,-0.73026848021354,3.21602487319786,-0.0642742413628291,3.3358275096227703,-2.1120841376478947
-0.088,-4.6605721928819,-4.618834027269573,-2.4316239041730947,1.374120052455274,-5.640440592472244,3.4980344983680034,-2.721420859242188,0.3091791194764142,4.745641146494322,-2.1046408289720104,-2.7577808432536703,-0.8788401331581912,0.1041122946448964,-1.8652591448875269,2.430783409253497,1.7241737739376688,0.4848670195545052,-1.6437967932633468,1.9904121332583316,-7.64874724719023,-0.3162677686980727,0.3110714440080388,9.344679909741668,2.010726239565702,4.092808741890047,-4.0858682032120095,-3.0183198595841287,-2.6499923325940977,1.8425334192968807,-1.4411464763117674,-4.003611179283665,1.631370208641795,-3.852222211133259,-2.4235606380182744,-3.89773879447654,0.0795471495417017,-1.6911993565243264,-2.5943285785722243,-0.5701910171514512,5.126629085636959,-3.2720478951913767,-0.1277979640147609,0.4434909061800825,0.1018392119503604,0.8399486892914633,-0.8165075510120015,-6.474744719292535,-2.0561832144123984,-2.0137056362406427,2.263220086157837,-1.3233558602940394,0.776604906486413,-2.9337354890652225,4.047686141779486,-2.188019349246596,-0.4952851082319759,-6.943936855015594,-0.4734797126881184,3.6688164883619057,-0.730526359165152,3.1515477956641327,-2.14688061401401
-0.086,-3.281585164619874,-5.471850995853968,-2.7355193719634845,1.3445603112053763,-4.540036790943775,3.2089146438549734,-2.058574308049027,-0.2232544129143782,5.4342483961777255,-1.583663885464481,-2.509848338082539,-1.6433853884499563,-0.1332274569073344,-2.5430904586329013,1.6939849025817428,1.5123343682487735,0.3112566475271974,-1.9062802568247528,1.8655162823927003,-7.468750695240572,0.0986709610214676,1.0151972138667849,8.443312402650816,1.3081515010924383,4.817753261405099,-4.353798223705776,-1.7621848392755326,-2.431382931907429,1.3286011107627955,-0.9940512134856296,-3.5377533228580225,1.4768605987777836,-3.648323116522924,-2.2756178735464108,-3.895917429873812,0.0694458331732379,-1.6907416219809153,-2.316854881252454,-0.8764392336756952,5.036810523124961,-3.2951490290847745,-0.0823317945760501,0.9632461442768528,0.5764857792746544,0.4845145388801843,-0.7944474797089145,-6.153641813183478,-3.0181211451049523,-2.2620302678468036,1.9345792857861748,-2.222761361892992,1.1118945679260372,-2.9485124399488876,4.450296595931154,-2.300517361485064,-0.6244498142708617,-6.481809195625047,-0.0529149501031611,4.009778525038898,-1.3774099226392518,2.712957211558901,-2.248492664531806
-0.084,-1.8476891488391989,-6.058901660930933,-3.022602805080771,1.258561593758436,-3.037578866570861,2.615591089277314,-1.5265716672747587,-0.7005392044776171,5.876974359846591,-0.9475185928198206,-2.3027423271757703,-2.323493098966976,-0.4479202654665675,-2.8917529570452905,0.8946069744211558,1.1840328904098365,0.0385131643764235,-2.299654346575013,1.7090305553495155,-7.182436276450322,0.3950031163996059,1.6149704160149247,7.258738933757743,0.34140170668018,5.783145093643903,-4.119915633064289,-0.2340977039995724,-2.323204255521927,0.7406383678273742,-0.6303966301747757,-2.909660599087553,1.348076702329634,-3.337865956301165,-1.9428508423987756,-3.7143993893798273,0.1958427102275825,-1.7350360821542703,-1.7783063538056885,-1.1144909190272914,5.166989463681029,-2.767789949657947,0.0676958626544293,1.0017593095050086,0.844888311557976,0.3940188019294127,-0.8100764458712947,-5.277036247812803,-3.6119851157657394,-2.3901364446731157,1.3028846291646488,-2.925231701000444,1.5768233434183545,-2.9201876898642953,4.693915613517256,-2.4674875680665687,-0.6389643865356157,-5.921341225624829,0.4342652190797807,4.318552050599368,-1.89274484763767,2.073495363485077,-2.3894034401568587
-0.082,-0.5689323470196032,-6.326952541322955,-3.2628218942425016,1.1114969946658937,-1.281393627706234,1.8076233949773708,-1.1175317587954403,-0.9813210609584956,6.006199193117039,-0.2381721240987994,-2.0570024344978286,-2.8578660980970856,-0.7628410032386764,-3.0025764301822706,0.1637638425147063,0.753515150898606,-0.3596292467688259,-2.7086336250172582,1.5227517379419302,-6.799438922587904,0.539441314680331,1.9865481356785777,5.921665689160909,-0.7936699641209329,6.834095473038251,-3.419858617923389,1.267515530343451,-2.402520988081538,0.2077145963255619,-0.4135586216358442,-2.195772864773741,1.1669547858678408,-2.91247112851722,-1.3689293870278705,-3.3179960518871674,0.4317285683518989,-1.8692242391856169,-1.0066040890777954,-1.2699652547486515,5.470131473789509,-1.7218690606121003,0.3071170616378784,0.5103914818290972,0.8931670886428313,0.5591512280249157,-0.8677047240681405,-4.036528272793247,-3.7458575827937786,-2.3990674916671386,0.4432575573795399,-3.315107379125493,2.1570073262563767,-2.851341181063632,4.78641411731385,-2.611659617913385,-0.5593269555066039,-5.395093204313328,0.8713111111995862,4.659750243522476,-2.1976871174257284,1.308207243549212,-2.531066930302737
-0.08,0.4017791947417542,-6.2381653342703824,-3.433469971987701,0.9289684236388082,0.5318571278568263,0.8977572223783697,-0.7972966887215126,-0.9537771831947388,5.798996143279442,0.5076390445462378,-1.6516031476109658,-3.2078494667199915,-1.0012847708902644,-2.9995399039170025,-0.3782759423817903,0.2490869535662265,-0.8860382878774526,-3.010068258475561,1.3057810814605104,-6.340933292181971,0.5199829548130973,2.056263402378507,4.567542435815072,-1.9693655434536428,7.803625220971336,-2.378401784746492,2.451514172241426,-2.711215117431102,-0.1636721694495932,-0.369783665304326,-1.4754202310406344,0.8754443740521962,-2.357662388016729,-0.5495491204567496,-2.700333289880448,0.7228043556553756,-2.110643337938118,-0.0792320586190151,-1.3423176723631878,5.849955244796196,-0.2962850958840786,0.6035455189317552,-0.4243833269308074,0.7511013009735064,0.9007356364371856,-0.9688788944745884,-2.685101038082891,-3.406748055882894,-2.3025571691680797,-0.523300145037237,-3.337952171441728,2.7960287817578187,-2.744321693839081,4.741493338270102,-2.646775805743997,-0.4335680499967214,-5.022248764714635,1.1437458168669568,5.067368146841019,-2.262494756337196,0.5057607841373116,-2.625307807573283
-0.078,0.9992768723676452,-5.776153511017526,-3.52959849596643,0.7595258919572373,2.195225208073293,0.0024463697725361,-0.5180865805784958,-0.5684208966153735,5.284911673971129,1.2510982974553038,-0.9663448547131914,-3.3546209468272083,-1.101610549678297,-3.00528365158573,-0.6549803663541858,-0.2898782100765581,-1.5179220760090568,-3.1095174597452613,1.0585386537200987,-5.836310954365151,0.3513421432186738,1.80964785521148,3.311669935486561,-3.0453131310272354,8.548483684013611,-1.1875851312392285,3.103122541089601,-3.2362434877787574,-0.3129315065047484,-0.4813618888909626,-0.8214805661539937,0.4523729682060224,-1.6679752149775278,0.4571827316549764,-1.893121543377096,0.9978001643265524,-2.446013913271574,0.8961943409787138,-1.3375861857803832,6.184686214140966,1.278812379809397,0.9153358639823852,-1.5963676040581594,0.4790535869303405,1.2923121683440602,-1.1088106210619744,-1.4806177725817096,-2.6638377981315946,-2.122607885690262,-1.4579664271819093,-3.006699880158349,3.397295822175229,-2.602724043016618,4.575212953519486,-2.5149486951595788,-0.3223873757155388,-4.886533873629397,1.1635460649432043,5.536189720975464,-2.110580727617506,-0.238893065996367,-2.6189852604562365
-0.076,1.2521279459548098,-4.955922267553373,-3.569675922483581,0.6580072502456543,3.530183650809993,-0.7775809610830802,-0.23469767683693135,0.1431944358803789,4.542500471923713,1.947413456101197,0.0756443971414686,-3.2924951643106777,-1.0309465897720216,-3.1106630541379934,-0.6563588960799744,-0.817177854380936,-2.213838846843288,-2.966280747015547,0.7876101302411596,-5.317588905576288,0.0711887096118532,1.287257013279765,2.2313097551465098,-3.8954003056312816,8.974832338518643,-0.0718564980796167,3.1378762894971963,-3.8991914078770895,-0.2366528056642352,-0.6916824303237823,-0.2941295306850273,-0.0806721716250492,-0.8584894676683864,1.536622644081234,-0.9649422134381817,1.1841872806657143,-2.835177963011457,1.8085064643762496,-1.2613554126702156,6.357507023122911,2.717996287228419,1.2020089185687302,-2.7217848613334845,0.1492525832067286,1.5941977347956464,-1.2742028767545766,-0.6275338105120072,-1.6531629885920962,-1.8864947235106526,-2.239861093788481,-2.393378651276094,3.839133759690407,-2.4330570882694076,4.303611681522785,-2.217774449341273,-0.2816777414818675,-5.022031328180312,0.8887891439405208,6.021489575234108,-1.810120943974523,-0.834501389553861,-2.463478870447026
-0.074,1.2582979689462193,-3.826898747040475,-3.5922645429015425,0.6669461115799641,4.419074133633183,-1.3735403540995854,0.0819801865472114,1.071157020214048,3.685769011441638,2.540857729237348,1.484298271613227,-3.0239916347055766,-0.7920571739053859,-3.356005488234773,-0.4443651755873546,-1.2856989853042435,-2.919177966542892,-2.6053542401962058,0.5092230787859697,-4.815981432448897,-0.2707156736921803,0.5719310893264837,1.3576251698764492,-4.428658613262304,9.04849196882121,0.7548452014886886,2.627053167588828,-4.565748543373868,0.0113392807332675,-0.9219177648040046,0.062807777304085,-0.6673126046542329,0.0250132770298532,2.538664499322836,-0.0098076016287468,1.224983066847328,-3.2231040391520027,2.571733470247909,-1.114853581282129,6.284351611356486,3.733802183078191,1.4347813823738709,-3.503995908206408,-0.1706694098098543,1.6918887774954576,-1.4421189103185506,-0.233290799414051,-0.5491364647224171,-1.624582904565245,-2.791801292462796,-1.6068055436054642,3.9998537053625034,-2.2447867939114614,3.942336618123381,-1.831951262188532,-0.3470000582765607,-5.409011615725663,0.3338066972177519,6.451329773616308,-1.456189918186639,-1.205632986229255,-2.1250936576011354
-0.072,1.1503287755469933,-2.479485738715382,-3.6470370192701447,0.7999939910519368,4.823966322881437,-1.7571956483726578,0.436805250281281,2.050217194142568,2.844283387796228,2.9669708361758267,3.1853826331841035,-2.5561792391258464,-0.4235074813422705,-3.724535055722813,-0.1380141902317001,-1.65298313221232,-3.5790456513907647,-2.115382067993126,0.2508153793987291,-4.356592187456467,-0.622341894043034,-0.2281839800264533,0.6783105192244007,-4.606282790737319,8.791583041704094,1.1334741235474606,1.7817977011023118,-5.074217121698748,0.3348257399366346,-1.0927639146461905,0.2264923828422429,-1.232417338784102,0.9053626261940252,3.3109429245877675,0.8681114880047006,1.0929859560195756,-3.555665578307587,3.1478647668002777,-0.8958692861848725,5.9327208117558055,4.095056620474398,1.6003712687554494,-3.6986936632067855,-0.4279746242741602,1.5285132929488396,-1.5831000062470832,-0.2858001369018482,0.47171855912478855,-1.367615476005797,-3.0941085233048597,-0.76288829637655,3.787203390844456,-2.050302367327064,3.508626392492191,-1.5011622591978957,-0.5227359994577391,-5.982082457109739,-0.4292975359304626,6.748238989920766,-1.1484012133578794,-1.3019724772386176,-1.5962069357886643
-0.07,1.0591935215746275,-1.0430906845454213,-3.7795825626785016,1.0335192690700217,4.787893657770708,-1.9413915008132825,0.8104969321584177,2.897868947007288,2.138803766755373,3.1638267466511727,5.021636923660479,-1.901566710176751,0.0072457643953866,-4.149319253405171,0.1152544258348904,-1.8874107545936536,-4.147906076162864,-1.6248766603893268,0.04892694404233805,-3.956052003969483,-0.9391154280631848,-0.9982654945739332,0.1469564770618376,-4.449976710323694,8.269234675028072,0.9943821330494272,0.9034519198766168,-5.274946885845326,0.6213505921327936,-1.146555097403054,0.1972259277973563,-1.7024417920423889,1.6834324700071974,3.730119592862785,1.5743391449964843,0.7972424865939005,-3.7904891621653807,3.5561474668020527,-0.601268625493503,5.327929648462886,3.677971171749052,1.701822524144101,-3.178635920993769,-0.5912074781378112,1.1214906734306584,-1.6672556530404918,-0.6654913818046625,1.268840139694283,-1.1452974910496116,-3.183658051091164,0.0407137589331351,3.1631515484409887,-1.8644019373968255,3.021107992768353,-1.4018301638844202,-0.7777216141306303,-6.646363331155983,-1.281124645619784,6.850594316423654,-0.9703895400757868,-1.1076549063886227,-0.9034035107815184
-0.068,1.06804697650763,0.326086217962993,-4.019513610542437,1.3114078592157756,4.417777291591593,-1.973298195796164,1.1651144499627804,3.4605052343400136,1.657342273789138,3.084481840494731,6.776627645689415,-1.0840975701448183,0.4182523343515991,-4.533617118549412,0.1793685787698365,-1.9733613311528964,-4.597495747856972,-1.2681586118707386,-0.05690513650969134,-3.6240328710617824,-1.1889875292653016,-1.6325845190136192,-0.3032062734285445,-4.0380234474937335,7.568752210546928,0.3721232809595567,0.3118541544558755,-5.073316024132285,0.7721160271372122,-1.0589241904973024,-0.0030198859105788,-2.025162527768428,2.2569967955830053,3.729952422791163,2.03915184576703,0.3829116856329768,-3.905510288794983,3.86540066444729,-0.2327939206499331,4.544111948833022,2.498142228548624,1.7560938786041411,-1.9661614766598567,-0.6478397760848992,0.5601358517202233,-1.6727363191418547,-1.1833912783125966,1.7669190498141527,-0.9841186427368782,-3.139023451547614,0.7418306260336782,2.156750741196954,-1.702175670759385,2.500944981737504,-1.6949407347453782,-1.0520119581939051,-7.298610998546795,-2.0751270515915814,6.732195929379501,-0.975053926275897,-0.6475996272424542,-0.1116841687713525
-0.066,1.1793498092474917,1.46165076424152,-4.372305910162542,1.5589029769226412,3.8559126040185463,-1.921936989650892,1.454380146452511,3.65165086983796,1.4394043433620858,2.711806871735002,8.214115021815115,-0.1463560768737432,0.7308705410726956,-4.7780318646313376,-0.0325397501491494,-1.9139752469149889,-4.924058953652839,-1.147772185066705,-0.0331412795754878,-3.362434899070832,-1.3530711909720488,-2.0442654060525016,-0.7440741569300016,-3.485442865357958,6.778185807893595,-0.6023867527170599,0.2623722766580192,-4.460792495504622,0.7287301810302217,-0.840666985725545,-0.3343235141950614,-2.1805279184606667,2.545320045350401,3.320306946560048,2.2272294363631717,-0.0737165040891777,-3.90281550986048,4.173244503060372,0.1980844869745602,3.6848812273709175,0.7156054708561819,1.785642613600225,-0.2362572227405776,-0.5987007502111741,-0.0155580511090638,-1.5922464898324662,-1.6265871467286293,1.9687719397772119,-0.9055361373053554,-3.051629305007412,1.3201095392966131,0.8637833466568855,-1.5768091090463943,1.972983832322756,-2.4756676874975767,-1.2719214966220826,-7.846683845842108,-2.665691501564156,6.416236172118315,-1.179227574751433,0.0088673086709272,0.6807167256795861
-0.064,1.315738005180344,2.209864139951748,-4.815853587312884,1.7025126407520448,3.246981208320073,-1.862290358835896,1.6363622862449365,3.4718336809963275,1.4715027869672843,2.071053738440914,9.12741145032864,0.8454155257405019,0.8857120147324222,-4.805751367817147,-0.5365118520055566,-1.7297794986309192,-5.145646949603052,-1.3053160325869038,0.13814892964684297,-3.1668589159558582,-1.4203400698671476,-2.171277251869087,-1.239831837812522,-2.919655592313135,5.972148816774262,-1.7327669122846474,0.8786756180013171,-3.526038118030544,0.486581484058966,-0.5318559067641989,-0.7439044502414837,-2.1826527962409545,2.5075711594043333,2.587656574711608,2.1396332960405005,-0.4802142706373952,-3.802214566903785,4.577691565201658,0.6663812800188939,2.8581466218254934,-1.3919989462916316,1.8120246809421272,1.7117659037238828,-0.4498853565801417,-0.4511657673650492,-1.4377419534737435,-1.8121732473145689,1.9496383561076327,-0.9254639324823852,-2.995120333074317,1.7921490663258717,-0.5706387076675314,-1.496961723845021,1.4657981880160995,-3.7356026941538296,-1.3683785469389964,-8.223107775297942,-2.937426383018108,5.975018558252676,-1.5675519531588111,0.7541132712709177,1.3576477198008912
-0.062,1.34911382345912,2.457636024586204,-5.305792473496027,1.6892000006702783,2.709802878946536,-1.858481626343823,1.6857232120039978,3.0059091823443613,1.6918876024966962,1.2298626139702868,9.380931209168622,1.8021097894432996,0.8543297653843547,-4.579808776907574,-1.2722526934694078,-1.455667796041486,-5.296365987954884,-1.709187151607466,0.4519421939030954,-3.0316310411831218,-1.378426173037466,-1.9818189598041505,-1.8352438234253663,-2.4561664126301763,5.2063214539082345,-2.8043786681302474,2.117620426885648,-2.4423546642460616,0.0954258328912536,-0.1855551246495639,-1.17179807509114,-2.072934128735476,2.156160545203702,1.680065781740585,1.8059457315263792,-0.7478776518067917,-3.6316264355209222,5.146065571322177,1.1354801527683964,2.1529355434104227,-3.4810953139252985,1.8506889337667012,3.514227697337156,-0.2070976391041347,-0.6185415814595612,-1.2408807088577658,-1.634200154366027,1.8357356383753642,-1.0531683131943979,-2.9985775483812587,2.19505829112906,-1.98098503146326,-1.4651706015883368,1.009779444864907,-5.3496441842963165,-1.2951585201700997,-8.395709573827789,-2.827163609948125,5.517219303916147,-2.1019047990448927,1.4582260469114712,1.8058505118786108
-0.06,1.1340718062905462,2.1555631064486884,-5.784676155024098,1.5028167149718812,2.317878139800367,-1.952430224075691,1.601180015213794,2.398810546730012,2.0049934386482477,0.289659297932729,8.934600099893306,2.619827064514271,0.6440531039150117,-4.10846802509326,-2.1168676282657835,-1.134484291871733,-5.419828083848293,-2.260704870206572,0.8771185965049009,-2.949749887220713,-1.20748677912694,-1.4769668916304075,-2.5502128839269216,-2.175685517920526,4.519705886509708,-3.627426046891215,3.771741070049857,-1.4324273691402851,-0.3536779958079334,0.1474097736930773,-1.5580351965915191,-1.9024652206523844,1.5568887021122362,0.7789542283320454,1.2738704894632014,-0.8080245414990749,-3.4167163629322275,5.893866481781507,1.565436370541376,1.621559647271896,-5.210044066511837,1.905653433776383,4.8261645535453805,0.1236677642972151,-0.4503832701997054,-1.047250716159272,-1.0906626787248537,1.7718266945834338,-1.290431036094778,-3.035373712308868,2.565124049068001,-3.2148071658775006,-1.4782465777340272,0.6353260092896932,-7.092515472386795,-1.042390813227752,-8.371659749912347,-2.3384721801298247,5.1627441491713695,-2.735039884657448,1.988943608712175,1.9381351971877283
-0.058,0.5522550613097473,1.332553292673742,-6.193028696856029,1.169972131730319,2.0915727204391845,-2.1588669378857888,1.4065118509653087,1.8153851179733784,2.3040489630026944,-0.6315038213315236,7.862646619955266,3.1961049922666533,0.294078058920309,-3.4420817722967247,-2.9164123760087377,-0.8088030424742957,-5.555467132794305,-2.81854047374558,1.3597428265593205,-2.912888256940062,-0.8784986748874231,-0.6914373527026179,-3.378995564821233,-2.111722661907082,3.941598216384037,-4.073005266592358,5.5133941449457256,-0.7164996453208791,-0.7546159536748634,0.4339164758712749,-1.8530425027562896,-1.7134179475248728,0.816080736673315,0.0603837772651054,0.5992338170019214,-0.6270413453564658,-3.1712757836622663,6.776758360000757,1.923410784511456,1.2732538388595989,-6.311020241777024,1.968892719693164,5.403767599828302,0.5324456930198754,0.038525283284565,-0.9063948361212388,-0.2756243629353895,1.8833729629317408,-1.6309888623485471,-3.032058972914409,2.92199185836685,-4.161771751295873,-1.527626588657521,0.3697661277963752,-8.68239994861918,-0.641203317125836,-8.191938805922337,-1.5410644208644806,5.014402181807399,-3.423836866675064,2.2351393847168044,1.7155781437136075
-0.056,-0.436631986040688,0.1003230627019562,-6.4799794183789166,0.7506291422581082,2.00477687738612,-2.4633468701403025,1.1460525790316916,1.3948759959171677,2.4954192547836684,-1.4221083139627109,6.342312034723058,3.448870548400876,-0.1357456400522947,-2.6604100190393303,-3.520937185220661,-0.5144640518398594,-5.727169732083599,-3.233475464776833,1.8317487088582864,-2.9117031996587084,-0.3570747322055966,0.3033668239142111,-4.2909233091699015,-2.251297947682108,3.499351527300766,-4.096187453041699,6.971247607150832,-0.4608805740879052,-1.0135910353033646,0.6665467437704587,-2.025423739877857,-1.5260543675856968,0.0592606338627524,-0.3409085433327795,-0.161712138068748,-0.2148204793908035,-2.8923791522457054,7.697425545390604,2.1948645903035264,1.0786531822952932,-6.646059388397678,2.0229866457479195,5.159758421815813,0.9997744315412864,0.7515800980365572,-0.8598008528624035,0.6551161736834052,2.2445918134559717,-2.0591029930897733,-2.8917132334906768,3.2587084242375,-4.773538514791084,-1.6002691642941633,0.2325797009526941,-9.845356346683294,-0.1585560867722134,-7.921535412055631,-0.555478263776385,5.134059172328213,-4.137093120624568,2.1316003060370607,1.1616553472246798
-0.054,-1.7677201989887084,-1.358800151632387,-6.610421973829665,0.3225876833781957,2.0013879214959123,-2.827276501131544,0.875864475312453,1.213599382498219,2.518128270424593,-1.9978601662004616,4.62079683176345,3.335240034792629,-0.5831964873872053,-1.8545468461214871,-3.818294645662012,-0.2751405864212326,-5.934257811064763,-3.38454890432358,2.2244293045135244,-2.9334992944620133,0.3837369214224693,1.4014539738633018,-5.233627962477392,-2.5443756576293644,3.220059219588536,-3.736158954554766,7.81737599959019,-0.7355887429362062,-1.0740692035880322,0.8617124989203969,-2.0667186214634192,-1.332443985935353,-0.5933673940294101,-0.3598228934882843,-0.9535025720641176,0.3759958579819364,-2.5619894988278378,8.53009586106592,2.3922351868526226,0.9811430123107028,-6.232856866597705,2.046677678148441,4.185047950187969,1.4945056398450167,1.5337224451847458,-0.9301405198059187,1.5194818016150653,2.8584306811503604,-2.549662404201842,-2.5303342977969074,3.5405586659868,-5.067475124698318,-1.6815265433860689,0.2313857243024622,-10.380583634937942,0.3161619087697631,-7.63913010044358,0.4692826060276892,5.523501671021417,-4.857657079313683,1.6758456268142523,0.3629119718921966
-0.052,-3.27518671014137,-2.823092270605196,-6.569840974893539,-0.0357807620602314,2.0159276548354126,-3.2000247219140734,0.653477405857663,1.2674595154326966,2.35522767011432,-2.3176306563429763,2.9720078374456937,2.8647163322088613,-0.9979230189913424,-1.1115701129330169,-3.762313506672241,-0.098548953847121,-6.144592410196473,-3.211021028090668,2.483140614652783,-2.961582031381804,1.3475161103106286,2.470595030611208,-6.137541394777685,-2.9206011653436605,3.12866801922561,-3.09605717553853,7.843027488313288,-1.4933280208705333,-0.9331205320862356,1.0490503979550616,-1.9934436633367607,-1.1021018370486126,-1.048846779261504,-0.0184915997499727,-1.7214318298117297,1.0576849763045315,-2.154226904829298,9.152500850521175,2.556790370405545,0.91386527157051,-5.239706587717183,2.021641785117373,2.7326134009442447,1.972092041869424,2.2081733832401973,-1.1135659245554115,2.155732318221353,3.654442538931414,-3.0700118737922852,-1.910024313164573,3.717790173797899,-5.114468978554941,-1.7566269381964212,0.3584766789850708,-10.20818016522714,0.6892675497305171,-7.423903122862641,1.384912113931773,6.119856990834505,-5.579244821521444,0.9337475905410132,-0.5462224499974664
-0.05,-4.71465305710665,-4.068944573156443,-6.361650502466587,-0.2664720623118768,1.9924839007957988,-3.5320168608453004,0.5267598688090946,1.4782333677061428,2.0367495452234388,-2.3888649992393707,1.645713141273548,2.1031237281456603,-1.3501845505477374,-0.5004045249191775,-3.3791488625463058,0.0232742203459472,-6.301220753323947,-2.72622379960747,2.5796380013967646,-2.975906370559942,2.501772758629744,3.36527291421504,-6.923959363063815,-3.310197969824091,3.2401855065238343,-2.310306120006845,7.0062109499968575,-2.5770913913800544,-0.6450175045322643,1.2564288020051677,-1.845868973212038,-0.7973359242957258,-1.2549818622760662,0.5755373930789455,-2.4140011631496936,1.7231192006819689,-1.645373359945299,9.477180852971363,2.7531923748935703,0.8164718903559889,-3.946137252063946,1.9366572189551776,1.1596103205808994,2.377709830625212,2.6199285909834966,-1.3792600267055812,2.4705325800766578,4.504123832137209,-3.583032716310002,-1.062732080555232,3.7428240052889614,-5.014353854037289,-1.812177560292003,0.5898258562718786,-9.387761433184153,0.8832024825704943,-7.344535521568313,2.073550159614617,6.808504349398698,-6.297965246775962,0.0311705714411045,-1.4092187284798876
-0.048,-5.811815510133585,-4.911440353942938,-6.002040821832191,-0.344990042143672,1.8975946605696776,-3.7847371129962393,0.5263353170024916,1.721431164656078,1.628714313472491,-2.25922539453009,0.8256125827925563,1.163340569397997,-1.6342780691759875,-0.0652418380884905,-2.7564330306388825,0.1084940387125932,-6.3366388136544165,-2.010811379029445,2.5180619024901087,-2.9537154600364675,3.767461751419658,3.9478132932730032,-7.515477442336109,-3.660138600150453,3.546611841030778,-1.508825865585764,5.440444330408536,-3.750955776144704,-0.30917387624371,1.4959682335112818,-1.6822067278372566,-0.3944463332747066,-1.2059641941257178,1.2523844292362192,-2.9798381660277,2.267284459618692,-1.0252904155752272,9.47346294541215,3.055729177613611,0.646295326268682,-2.676412060315886,1.7899858777439026,-0.1585986054829785,2.658168327938208,2.675734683278487,-1.6752202372608458,2.4584603472293383,5.250366012583726,-4.0507716429258105,-0.0954525115512248,3.5867328860673746,-4.865396555205021,-1.8384781203487492,0.8855666489943478,-8.102416799861063,0.8530501333759977,-7.448157900186534,2.469023957005392,7.447387620013024,-7.002837027429235,-0.8709599474368648,-2.0803028236748684
-0.046,-6.324259484205672,-5.24052784751148,-5.51640232010663,-0.2816267903171077,1.7230598182243233,-3.9391269474683455,0.6612793200694875,1.8677935999587407,1.2148353717926927,-1.999710650872676,0.5958420691577975,0.1861039033863246,-1.8634123068567725,0.1745969215187112,-2.0226082386028,0.1806459564423086,-6.189862737924439,-1.1876660525318017,2.3334826047517527,-2.8764673297136505,5.021764197147312,4.111665597637964,-7.846458300883343,-3.941006830711766,4.00890111953965,-0.7907394601356351,3.4205467209001035,-4.751500808745703,-0.0480418004421446,1.7543298995636492,-1.5682705384263875,0.0956032877876967,-0.9359303417777884,1.815303129988684,-3.3707666627782764,2.6081534280845475,-0.3061922426634332,9.175468834477169,3.529684363469122,0.3827511116527623,-1.7267439740079236,1.5908064315479942,-0.9232485059125594,2.775746890639969,2.3685566663834297,-1.9396120156439776,2.1964018119488724,5.742058889536743,-4.437737210361545,0.8270802303855243,3.253358635683184,-4.736549982764356,-1.8303073567261445,1.1939499627049486,-6.612229526811286,0.5956989261789558,-7.751682863492546,2.563661464136224,7.898240174630934,-7.669845866194161,-1.6116983150194153,-2.4561805510270487
-0.044,-6.103069703959202,-5.0397735912008175,-4.933502931449223,-0.1140936706807013,1.481049620533973,-3.999682159421698,0.9197314043198768,1.827359786722773,0.8765886387722618,-1.6832373358527943,0.930610932884212,-0.6857193299582591,-2.0592464904673524,0.2234896150041248,-1.316668206975004,0.2627514872255125,-5.830555324523527,-0.3875067695652864,2.084252860989743,-2.7349203899508963,6.116106353226037,3.805978594564471,-7.873992030419061,-4.146202544257886,4.555742773465544,-0.2093310717553083,1.2950594131751856,-5.345406599797254,0.023100937358201,1.992703240558671,-1.5642442791804074,0.6194000214401669,-0.5050070644321922,2.085069194500691,-3.551348748993954,2.7046962834234622,0.4738838439494097,8.671229090723543,4.211852935344298,0.0249479356404965,-1.299812464291571,1.357974369216869,-0.9888567011229726,2.718153298937455,1.78159185661432,-2.11518818172377,1.824160893819931,5.868680902256366,-4.7147010825710165,1.517612666111697,2.7844027929271817,-4.650484391842407,-1.7861270227555763,1.4601215785501445,-5.188905698732321,0.1509834720054753,-8.237476807957169,2.401306420271653,8.059816400740974,-8.259819084882222,-2.065857730293697,-2.497157277595048
-0.042,-5.136730479110429,-4.38770649955994,-4.2836010264508575,0.1082774845527776,1.1953784914054226,-3.993742597770045,1.272961128940071,1.5810065652412475,0.6736173273454552,-1.3615843576009612,1.7058207075408895,-1.3340783641223166,-2.2386025288580367,0.1017117394631861,-0.757938582556961,0.3692496754644337,-5.27728206911388,0.2836278144981922,1.8381660316387447,-2.5312033165364034,6.900779505612081,3.0523401734882283,-7.5869008076794815,-4.283153600548526,5.089803175722719,0.2282527553564547,-0.5966856104925452,-5.379016484482087,-0.1761796012093163,2.1533780960056776,-1.7133241000322683,1.085669095347147,0.0178282608066164,1.9397246685742031,-3.5035196532299664,2.563353256860852,1.2535162304196532,8.07471542637073,5.096393824819351,-0.41482095962645,-1.4584932088885558,1.1153336148199855,-0.4014947267467104,2.5049406976655884,1.07322926815885,-2.1632443436265865,1.509640108912009,5.587644116686964,-4.861039384906864,1.8123310948973037,2.252212411530122,-4.579790145350342,-1.7079001130803357,1.6374556759071852,-4.047005044509324,-0.4075595508663649,-8.8504464631186,2.061956923298301,7.891385840072623,-8.720931571310082,-2.174544476911289,-2.2331949496962893
-0.04,-3.565485493734206,-3.440277745629276,-3.6016790575104247,0.3422154676412068,0.8881401238952621,-3.964155922668709,1.6834627272731353,1.1887875458007795,0.6296809266177594,-1.0519861010393308,2.721318285127141,-1.6886937559069024,-2.4024126274261737,-0.1641145835624416,-0.4232065867594951,0.4995872006340723,-4.602073858767771,0.7687554316196588,1.6547638974367138,-2.2821890386216386,7.256464036339693,1.947108358030397,-7.012792447775372,-4.3631491833942615,5.503995531666921,0.5449098462913834,-1.9973968415927776,-4.812359202365636,-0.6709374073402858,2.172628447905649,-2.031112290343915,1.3842855979605546,0.5665170918633068,1.3434142764147026,-3.234658229399121,2.2337791204828825,1.9572551073439888,7.4913877989191775,6.128361530317524,-0.9202435647607556,-2.1188185584234365,0.8839873015014638,0.6096165171423402,2.1851391497653427,0.4403094960316108,-2.0732060799073415,1.4061034468063576,4.936573738065098,-4.866321629319958,1.62112426523805,1.7432139216455007,-4.458068334663185,-1.6002559980396882,1.6972296013666304,-3.290177904818551,-0.9894638655860716,-9.504064600261248,1.639304856255402,7.421796637338956,-8.996625984871752,-1.9599743140100665,-1.7553672483168326
-0.038,-1.6575113769655831,-2.39666820331658,-2.927116992150493,0.5622447400614092,0.5710864170271496,-3.957345899877156,2.1132732456206798,0.7752957581618884,0.7282616729456837,-0.7374820984165642,3.744847625607175,-1.7396058539354915,-2.5330280378310546,-0.5447585458908019,-0.3351117922563731,0.6381620913423367,-3.92257309694764,1.0716374089974392,1.5705290356306634,-2.016570745861212,7.1238980807110135,0.6511154828473866,-6.218399254335603,-4.3910110874950465,5.703531169814882,0.7727654909078087,-2.781235430622764,-3.7246459210520806,-1.420848496550685,1.999804370316804,-2.500822554150613,1.4182690894817938,1.0857286150560326,0.359243261720266,-2.781494695709879,1.7966381477096165,2.5074859271993915,6.986180551078967,7.208117886858331,-1.4782395059850524,-3.08006416138032,0.6761392037938895,1.6875452267356017,1.82432126780784,0.0703419564489894,-1.866457306448421,1.6087823618205257,4.025857529777242,-4.732177956380012,0.9596032178159504,1.3351857759817225,-4.202725974570465,-1.46908019496261,1.6356270188433106,-2.889716460247372,-1.505221137479643,-10.09353414307422,1.2150431119065324,6.744044902357991,-9.036326809038783,-1.5217766248443885,-1.195054236269255
-0.036,0.2444656209854865,-1.4513326614282105,-2.30279897301369,0.7646989838916395,0.2434182475033314,-4.011202697657113,2.530143935113707,0.491640159225499,0.9199746290860694,-0.3806141547807226,4.563740364579526,-1.5362667197544086,-2.598044446137373,-1.0097207260109544,-0.4657659767771808,0.757509944433395,-3.374956624127017,1.247813954375521,1.5906810403506348,-1.7692145936834622,6.520367339457055,-0.633662093214146,-5.300072250617941,-4.358448764337215,5.628065605560794,0.9329715738520552,-2.9708172087752325,-2.293031128002515,-2.3264019192010483,1.6145408784837785,-3.075629515729916,1.13463971833493,1.5379289270231349,-0.8651632755759626,-2.2060562638158547,1.3402571910318628,2.840532435862562,6.5624236842278005,8.208031073787668,-2.08112474929015,-4.080000820043422,0.4918101826369543,2.439201412183328,1.4883941157573228,0.0999182825201008,-1.5911903692331655,2.1342273489671046,3.0162502851723603,-4.4715846549167475,-0.0472432036345533,1.076703782776368,-3.742957872572793,-1.3202123265378394,1.4751761659731075,-2.6980710886003503,-1.8829624551254327,-10.513825208940055,0.8388210785400733,5.992784951635239,-8.807200009052398,-1.014941282003745,-0.6925852858288012
-0.034,1.7961116779579098,-0.7517517061552697,-1.7741796548380993,0.963435713461492,-0.1069129861276682,-4.143005939374828,2.9137233205172146,0.4669709899602758,1.1370383632628749,0.0532177041511145,5.026322488736138,-1.1727126076554817,-2.559534755189316,-1.527330081721778,-0.7514673551083523,0.8227608686613548,-3.079329681236728,1.3796907592458434,1.6881863091666889,-1.5753087172024978,5.53989302464581,-1.7023499790892629,-4.368542756338028,-4.243475329220821,5.269279280731272,1.0247286826445912,-2.716852320835572,-0.7533896115972505,-3.248472907682515,1.0356161147726872,-3.6875521402163134,0.5475922326998773,1.89923954544788,-2.1307424354584588,-1.58873307250282,0.9372505648205616,2.91948809696694,6.159231832962265,8.995896277306791,-2.72501279991822,-4.865973210503566,0.3174354804238405,2.540748212989799,1.224446141996397,0.584816916132696,-1.3104378625822852,2.9166612257392277,2.0875781179914186,-4.1065029886742135,-1.1881204549295894,0.9725436268609888,-3.045054321340922,-1.159976365867056,1.2616869624887694,-2.4928094748399454,-2.080302756140209,-10.678822572856928,0.5226039937744146,5.311198267422361,-8.301587719892034,-0.6107380034567247,-0.3667614335712337
-0.032,2.727249293670579,-0.3728001537764752,-1.3848337229630172,1.178946048803836,-0.4967128325415274,-4.337403864398475,3.2582767403038044,0.764253293790388,1.3104256753725727,0.5765293460453508,5.070147407394064,-0.7664006455186037,-2.386865776883599,-2.061530317351198,-1.114865610173244,0.8005549583034842,-3.109278340429124,1.548401784424312,1.8102445532792348,-1.4586449728406663,4.334569344703329,-2.385736886781149,-3.528855237979903,-4.022049031030815,4.677100376813296,1.024996814425967,-2.2447687623496173,0.6494049820434831,-4.036076195975458,0.3211515768296231,-4.259251488654975,-0.2525952719516909,2.152092431967193,-3.229417002994046,-1.0137260499035987,0.6279856648125929,2.7428199792411845,5.668402067519341,9.46211047657232,-3.404770941797997,-5.2615894573354485,0.1275838378564248,1.8241547813790344,1.046107680901,1.4847677637203802,-1.087275046072831,3.8209094235912975,1.4030021978227987,-3.6649406254505994,-2.2068535231432747,0.9798396645411018,-2.127065027848698,-0.9936598057558452,1.054310005146862,-2.042545060430377,-2.089830956144201,-10.54147385196086,0.2454536187066589,4.814663698338575,-7.539312123467194,-0.4535374719917371,-0.2908827214697639
-0.03,2.907584756923174,-0.301143310852754,-1.169334934850365,1.4225355098078318,-0.9358217588064406,-4.544213209182215,3.570770739489644,1.3539841973060969,1.38699828143875,1.1668017906414585,4.732975198930985,-0.4342318614536766,-2.066918998211112,-2.570675773670108,-1.4874810909168306,0.6701460788335103,-3.464571332934628,1.8055798529065137,1.8934518328837182,-1.4233126130368048,3.081592709201007,-2.5795001279505283,-2.8595954308930858,-3.684409193481352,3.951904504148158,0.8969121875782388,-1.7869303659510678,1.7109308030625967,-4.559443419607978,-0.4386387414370776,-4.717814448301338,-1.112485041921877,2.2833411265773624,-3.9897630239860695,-0.5514686033493319,0.4107292494805428,2.349081097140599,4.967516725952203,9.544143454106214,-4.106300415864596,-5.211373178729854,-0.1060550805774844,0.3284727833883802,0.9297007508637154,2.671920175432721,-0.9704868319228666,4.673963008802211,1.0771207081347278,-3.1768632929022553,-2.861938459008724,1.0183771203952072,-1.0578607868310337,-0.8237826671586018,0.9089266517307192,-1.1755846468164226,-1.9378151919253124,-10.108993923645343,-0.0339829419961461,4.562312554190762,-6.566698112840849,-0.6253417181550597,-0.4787713438917786
-0.028,2.376333378630109,-0.4456511991444923,-1.145981575157912,1.6815679583449792,-1.4182787951177165,-4.684630714655965,3.8668425898112586,2.1151315081719524,1.3395651937854776,1.766513102501575,4.1392374139522,-0.2694794853103217,-1.6098744860588126,-3.005720612480688,-1.8242993617354992,0.4305324244458597,-4.064009820920524,2.155458723165729,1.881759377862298,-1.4506645504077251,1.945107816899216,-2.2642033904267884,-2.3963792954044907,-3.247365495095176,3.2238964572492934,0.609916017514279,-1.5200114056751433,2.301704853927308,-4.736111854799351,-1.1390839702574709,-5.0116393540847,-1.843460825151934,2.28528055072818,-4.311426585713163,-0.2457999831652043,0.2452151124140894,1.811592218852651,3.959538630878304,9.241732096085402,-4.798774710122732,-4.792816415204534,-0.4034125072888822,-1.7034332416239366,0.821037495028188,3.961692131728524,-0.9831638645957927,5.308349547666977,1.1536839852259573,-2.670094471317169,-2.988111802428134,0.9911563843654432,0.0559201395547329,-0.6501050638726589,0.8619741246631769,0.1699222345453425,-1.6766410447701363,-9.44615602688802,-0.3603541698891254,4.540833444791481,-5.451424057689827,-1.1225908445051398,-0.886489134767437
-0.026,1.3337145892236133,-0.669515679219417,-1.3126161412826791,1.9146136659903144,-1.9188169240591064,-4.66401346376926,4.16647663331203,2.860970933096405,1.1699324359810273,2.2983654570196443,3.4692505671366973,-0.3246997168511286,-1.0488980354080215,-3.312003249024124,-2.109920222824529,0.1054677892426936,-4.759780799286535,2.5525553819145608,1.7420406094201875,-1.501980365436981,1.039352055537135,-1.50523399956471,-2.1248492477535468,-2.7593960346877933,2.6253144854016988,0.1620886854570588,-1.523842974019363,2.3833525596554184,-4.544870214953009,-1.6826515429683448,-5.121160768343253,-2.262154413501952,2.1601441442413085,-4.183983770088608,-0.1039908324790436,0.0699432480612846,1.2259464972741263,2.609042044790421,8.618844332886855,-5.433942765917822,-4.191578797756352,-0.7646876324572289,-3.880672074933914,0.6552513551572179,5.1519016403293945,-1.1171829217869762,5.602567924896619,1.5987487481338116,-2.167387573554694,-2.541649885352152,0.807951468284871,1.0922072784208634,-0.46882069189396686,0.9197186948150042,1.9232356976282408,-1.3740629705322045,-8.668802325361577,-0.7631870131477716,4.664585367577423,-4.271898641759911,-1.85562551620598,-1.4254350610324344
-0.024,0.0941578002094984,-0.8278963289250603,-1.6464786841975658,2.058691673453034,-2.394562463695709,-4.393019157698294,4.486866757739482,3.38709627745462,0.907086126890628,2.68764453354809,2.9169175097708844,-0.6050878933906491,-0.4311492168993963,-3.437901615081792,-2.353536713579673,-0.2581412573257809,-5.364174668654394,2.915265454202009,1.4737999397438966,-1.5325351944197578,0.4051707106455363,-0.4343184851418232,-1.985388065842968,-2.301304330595286,2.2603087909461843,-0.4065201735147756,-1.7670579205802703,2.0007911061345385,-4.027621524876764,-1.9989325859555371,-5.062778027353806,-2.236411263165916,1.926515784074984,-3.684664126857304,-0.0949212246046532,-0.1778444034164162,0.6953777430658492,0.9636254055877884,7.792382105386803,-5.951201876776501,-3.6474149705002152,-1.1639461349683238,-5.76111288988666,0.381204865224894,6.064774849021924,-1.3357404731042486,5.50662590726682,2.3101192846660012,-1.6834925434361576,-1.616560965755509,0.410812388990854,1.942475519509678,-0.2722364267600308,1.053822350538419,3.893040536175568,-1.0995203917854215,-7.923715454262383,-1.2455037911104718,4.795846402985139,-3.108274858893739,-2.6698357883747863,-1.9829769478073764
-0.022,-0.9896239733256912,-0.8079585856923721,-2.1099647980904392,2.0423299921111515,-2.792164670616964,-3.810444349366761,4.836548781025803,3.5271033065394266,0.5954464199009324,2.887444736756654,2.642089572579046,-1.0730016680917174,0.1944270659740205,-3.3433110172768608,-2.575615253488911,-0.5979530424128775,-5.690183717607163,3.152893880758781,1.1122098175087285,-1.5073040866725804,0.0071412197357218,0.7816227312812766,-1.887724308336142,-1.975168657195659,2.179030187006243,-1.0109359520350545,-2.1245569099906256,1.2576403336933593,-3.274495003925891,-2.0593268500640134,-4.885358724253011,-1.718306617056419,1.6240401078125348,-2.9550354773745573,-0.1562079507189214,-0.5420260201045917,0.3127985216277863,-0.8479675082395203,6.909053673874553,-6.28744690069317,-3.3861173985625133,-1.5495871898119085,-6.962930436867365,-0.0162203635722294,6.582303798779747,-1.5831429499942495,5.056562943646868,3.142046195429818,-1.2235003767308894,-0.4252642215768181,-0.2066830266665515,2.5379221090126527,-0.05055418708896253,1.2059887671284997,5.812223922060307,-0.9122209425958032,-7.35807064921981,-1.7823449569094705,4.778376778208751,-2.0337459363026498,-3.3840532404682757,-2.447062574460972
-0.02,-1.6125627090954051,-0.5644655666782711,-2.6603477052044817,1.8046510447464088,-3.0577427313506558,-2.900709956417973,5.213052706357381,3.199229912083486,0.2800802005572911,2.8975784969006333,2.7325173832922305,-1.659236096110338,0.785568941416556,-3.0114065109232344,-2.7923971657507365,-0.8501489155852567,-5.588039901002634,3.192158150877154,0.7219896538430677,-1.41345406475475,-0.2490925503389387,1.975832617178285,-1.7333923537342073,-1.881705118165507,2.3629460983998958,-1.5329741185352166,-2.4203622936708467,0.2873419456906992,-2.3983981180768605,-1.881104165050136,-4.6625883381122,-0.7589556125837033,1.3144026191653235,-2.166341431177721,-0.2038198388558326,-1.031922052402784,0.1443760094873429,-2.637643881779656,6.115170132358768,-6.390787160529018,-3.555357013477355,-1.85262785758545,-7.259693199030106,-0.500480346122072,6.665786991887843,-1.7985464406210931,4.369825585433271,3.9341480045991997,-0.7824488360237102,0.7495641554749222,-0.9959042926012868,2.863593811103593,0.20780250423046848,1.3024249748219572,7.401461266686519,-0.8532849907384789,-7.0882831530441335,-2.325692923089718,4.473866339155175,-1.1073981838418254,-3.836381318041699,-2.7270801095387363
-0.018,-1.5855210096319396,-0.1354905149589504,-3.26040328413648,1.3133915273905106,-3.150250385522039,-1.7066805464983272,5.60336060384901,2.4333344208684813,-0.0042132615511088,2.766678409296461,3.183019483926804,-2.2795256588009063,1.316426749902911,-2.457937811579799,-3.002846275446017,-0.9641675380415248,-4.97369197368295,3.0033179272889297,0.3821160209759304,-1.270111607435667,-0.4829231775468052,3.0130997502545345,-1.4404385120870646,-2.094709399875435,2.7278971958631586,-1.8460736486675609,-2.47712597105074,-0.7788171752811042,-1.5084282338126935,-1.5198051549810117,-4.4794531179364645,0.4977034767196771,1.0766998237935954,-1.479911958814514,-0.1482830602704778,-1.62029479727632,0.2185498413528298,-4.196128478197609,5.525664353717968,-6.235616425581876,-4.1810079973088,-2.0018523241648154,-6.639760502722152,-0.9826485531812472,6.357272562343073,-1.9303680965840337,3.6187869663461223,4.543541339586703,-0.3470544638699614,1.6202811305680045,-1.8618194428390415,2.958783140051753,0.5137663911863064,1.273519976298824,8.437928031513309,-0.9415393345470944,-7.173051980990876,-2.8183084625437624,3.798057000264616,-0.3704103334889349,-3.923189813178365,-2.7685475382887343
-0.016,-0.8812698475220695,0.3710466611198247,-3.890027607056934,0.5776060749887071,-3.051849645313446,-0.3289111002713563,5.986055062389585,1.3681939272669852,-0.2392096167211879,2.578132772808719,3.8964871143305695,-2.853159063059348,1.7815895632637004,-1.7343802569616562,-3.184026801317139,-0.9156836264480432,-3.847625627273712,2.612614404079913,0.1673536407780775,-1.129083595548637,-0.7993675750845781,3.810499647196781,-0.9630316621320844,-2.637720945241972,3.142957336741657,-1.8448913905150388,-2.1647434677264443,-1.833210344247896,-0.6852984034006452,-1.0540323544286088,-4.414874755358374,1.8436887809387184,0.9939706800398348,-1.010750367710774,0.0866587410419506,-2.2496326533243867,0.5218869225253749,-5.340343094995095,5.200519828739692,-5.833282477183297,-5.156788439757284,-1.9461540459421989,-5.310954689992849,-1.3377325714063018,5.764534117778661,-1.948185582853245,2.9926116875187168,4.871554634594796,0.10196117788384594,1.9630143477072617,-2.683839672323338,2.9059247907089487,0.8742004965904795,1.072903524616994,8.811865602278361,-1.1721210998195175,-7.595063475071788,-3.210293132916552,2.7465549177264994,0.1565655625705488,-3.6231729450897774,-2.5592146349543348
-0.014,0.3528193892656712,0.806507032951212,-4.553023254077808,-0.3472140704856201,-2.772394548599617,1.0870069448423578,6.336109902565214,0.2206524311477405,-0.4235198417543469,2.426629488506712,4.713296690244359,-3.3162291410741425,2.191629567165367,-0.9265430385765888,-3.297170803785621,-0.7175477251107789,-2.2906786559956296,2.0981000445352485,0.13071412786973885,-1.0640522968388575,-1.2546355781421448,4.346277342902217,-0.3022991366553416,-3.4689065854603403,3.4597293573076517,-1.472896960147499,-1.43317248879639,-2.7990525049408728,0.0345789903292813,-0.5657284612632233,-4.526322120371911,3.049627733574169,1.1310539918854117,-0.8067889484121821,0.5477212734025603,-2.847365106461752,1.003854173323912,-5.954429237382885,5.132887675733571,-5.2344726935869765,-6.27062331152201,-1.6726221951714362,-3.647278439218248,-1.4321144177242835,5.0324628278378665,-1.8480758126735122,2.656925385491981,4.8802026680000266,0.5860730838493877,1.6739911326897985,-3.343064607215196,2.809510298016708,1.2897667445703798,0.690880867608227,8.553906954191001,-1.518490859972591,-8.259371445983113,-3.4725630892004875,1.399459526893369,0.4715843306225344,-3.001338130987993,-2.123290172089915
-0.012,1.8390393133065983,1.0191208257150837,-5.273990310495368,-1.3678291944221073,-2.347576544315563,2.3712275058586494,6.631009310744371,-0.7657807746364084,-0.5674166683576857,2.384735433709171,5.454228873429191,-3.63004138958151,2.5655247738997846,-0.1417759762974857,-3.297686713221507,-0.4205052109152721,-0.4428279192042479,1.5698313594834352,0.29086680625979616,-1.1527692140842447,-1.8347752566513529,4.650115996118643,0.4965099016293697,-4.481212959078838,3.5475879162396904,-0.7439345351571827,-0.3212953761086082,-3.629845462165228,0.6587968516195547,-0.1193595342255301,-4.836558390602588,3.9122715200796514,1.51356830249897,-0.8443933580046626,1.2395091976449952,-3.345543050600537,1.5860804665966088,-6.014280185808393,5.251691250536124,-4.523647426670473,-7.259244002078441,-1.2176975856242058,-2.087027551147219,-1.1577878318850967,4.308176541678853,-1.6509264848933698,2.712710091492679,4.594752895181297,1.123031276899071,0.7974453631593147,-3.750614346851992,2.76814579557299,1.7527381616054474,0.1606487142986232,7.826345906311597,-1.9366051946630805,-9.008163046213646,-3.602106169859102,-0.0932826129908918,0.5886946255026623,-2.189306522229961,-1.5087611708571858
-0.01,3.236579463162018,0.8960681680619311,-6.090215090490688,-2.3745215690374444,-1.834182196709588,3.358496240812149,6.8561859819858775,-1.3794257072948155,-0.6840036125547987,2.4760635524554564,5.963773780480406,-3.7834770278205374,2.92109639554117,0.5112507551695521,-3.150246174022423,-0.1026565347162764,1.5224283703461274,1.137778114581785,0.6267003192889986,-1.4541630221090254,-2.454360933146165,4.783880375546052,1.3588356825040042,-5.517483221450621,3.325540743745916,0.253818644696373,1.0569920568288889,-4.300670052234338,1.2285747035819894,0.2506237295827745,-5.328058444781893,4.298210169718126,2.1170382349536623,-1.0392225895660516,2.120221947067064,-3.694515969285092,2.176574894095463,-5.591628407657333,5.438808498078839,-3.804941994920549,-7.873632990364838,-0.6709452345224137,-1.018441331301155,-0.4632307165987075,3.710463559676605,-1.39519759774825,3.1760796054391456,4.093969136678477,1.7215545964802605,-0.4857897046352954,-3.867684006894567,2.8496514259373007,2.246186245504022,-0.4476233370161258,6.883854511592162,-2.371249139975526,-9.649886058892042,-3.620193062222956,-1.5399643554002156,0.5358352961302785,-1.3498086660015056,-0.7751728856296389
-0.008,4.213454986084189,0.3965019735906646,-7.037093142340425,-3.26351686289115,-1.2999748795215211,3.9176223442298648,7.007867945513554,-1.490330718553967,-0.7817444358849385,2.664730405212916,6.15007874280388,-3.789849522412728,3.265940721947156,0.941317139266198,-2.8448264314708056,0.1462364738079898,3.4304667608059614,0.8829446352730672,1.082252079788303,-1.9870874965387608,-2.976950968046721,4.819595742891717,2.2009695965821097,-6.397584673341452,2.783581091485121,1.3691619115680624,2.5448618177089206,-4.799058213152711,1.800334520864532,0.5446747576373244,-5.944877066850919,4.170357607618946,2.864060583292782,-1.2740527518391958,3.105816327551008,-3.870980261711249,2.6880015316981734,-4.835032887083163,5.556843445232236,-3.1820237792877397,-7.939548094160387,-0.1612367449245954,-0.6792011059632869,0.6276064172544474,3.3077921309695784,-1.126576501010667,3.979444138235409,3.488179982155544,2.378319389409153,-1.9003549921890177,-3.713740293158284,3.076738194568285,2.746177705278318,-1.042977068393364,6.011667727980722,-2.76136085107392,-9.998218227822846,-3.5639910428617414,-2.7471047644682383,0.350808395641717,-0.6342947171731291,0.0172160401927916
-0.006,4.5209329547648185,-0.4292507226893789,-8.130381791245833,-3.957035802003243,-0.8115179547305493,3.976223046766929,7.09133298706176,-1.0774911194864991,-0.8597765182233604,2.860431696254972,6.011935172635767,-3.67961998436772,3.5922596417741026,1.0927397069232037,-2.403643736387852,0.2441208613465501,5.135646522641663,0.8356690073048084,1.5785266262063498,-2.7177365196882763,-3.2507027265456943,4.819615351049479,2.9518442211206595,-6.95545784281923,1.9881461564378655,2.4116155057731747,3.97808661623462,-5.120555739508829,2.424607126948844,0.7956407646045051,-6.599177262285317,3.5917367428790774,3.6341684571129096,-1.4329764695834082,4.084220589570402,-3.8784649348289713,3.049546374592328,-3.934194760043013,5.478136212559108,-2.7384035446233077,-7.400533696131134,0.1686464030799568,-1.0992301726235587,2.012927508623667,3.1102300398225493,-0.8856313073908417,4.98478705226053,2.89379102632494,3.075645786220327,-3.1435086974513298,-3.3605001587859205,3.4236608948357747,3.2244948791787076,-1.5348689871896564,5.458186054021933,-3.0465681888349,-9.910896830634826,-3.471097614938988,-3.5611099304349083,0.0788169110697934,-0.1453266652742948,0.8157226258581772
-0.004,4.051074652745986,-1.4459548805811384,-9.353213440794304,-4.417305400935006,-0.4224165692577113,3.5352705965054514,7.116347642361345,-0.2300808121566553,-0.909963302701925,2.940324940347098,5.643135597281468,-3.491322602975837,3.875357983653375,0.9584378734853124,-1.878097600970584,0.1396502646487862,6.540806444433391,0.9696725004673368,2.0302831578499956,-3.557906226376204,-3.1509957429246067,4.826158659728436,3.5686039235446505,-7.076658060527969,1.0689930793653273,3.1865561431988487,5.217424756948067,-5.268596451306422,3.1287246695049618,1.0567683170503566,-7.185691986922902,2.7076451947636957,4.289110376185513,-1.4348662413571416,4.937016856112981,-3.7391298698552697,3.21584645496771,-3.07681498878228,5.112604774653471,-2.5203879732839622,-6.326512985693338,0.1919041785425901,-2.094262754460577,3.5312402881230653,3.07753152422581,-0.6983061226471706,6.010656346643661,2.410729396766632,3.7830770233714484,-3.958361251485023,-2.912899672835129,3.827234838341035,3.652234196796364,-1.855153031307453,5.379019743866398,-3.175546162043245,-9.318521795074192,-3.3662219598354954,-3.899356105469146,-0.2326674940047145,0.0877281469812909,1.5752490041443077
-0.002,2.8544175215679464,-2.4630283710705743,-10.647598730860818,-4.651371067496815,-0.1682524624082625,2.6701898477467565,7.093073829932909,0.8787289993100915,-0.9248828558187536,2.7843328039654254,5.2057216806897095,-3.263253439141796,4.077950707503006,0.5792446169135381,-1.3388408772188307,-0.1728408474168417,7.608395459013138,1.2115466578907588,2.364706312655761,-4.377512374425448,-2.618107736594665,4.858269609470955,4.0426469618071215,-6.724990412779375,0.1910332743208583,3.5360667922638838,6.167661015613452,-5.260692119720351,3.905260648343172,1.383908255796744,-7.599765701625104,1.7097188452025047,4.701823205030565,-1.2574165091692056,5.559680708081241,-3.4819501213498105,3.174108797633682,-2.408378134347369,4.425234226077085,-2.5287082557940894,-4.889519943253917,-0.1708039846710069,-3.317740958011669,4.993738490047584,3.1392633716063094,-0.5705159715560391,6.877636550161611,2.1038133436039215,4.461702082778931,-4.196667903083655,-2.482268601192382,4.206452051394328,4.004699824110661,-1.9739880047895737,5.803710523472791,-3.113100511593503,-8.243729437009094,-3.2545199646640577,-3.769606319471481,-0.5392308472298001,0.1106830155072541,2.254933957004429
0.0,1.128297011780342,-3.275699147721409,-11.914577542495726,-4.701033928081253,-0.0667034853714141,1.5194112794658758,7.0256680407633105,2.039014789357376,-0.9085340285483184,2.3135699188623797,4.8834437816322005,-3.0274174262340834,4.159980085879843,0.0328847306402582,-0.8589068923736579,-0.6483881989974729,8.354304769392861,1.466615406543658,2.536272359987742,-5.027078065836114,-1.6783491465015803,4.9155580235176455,4.396744822050641,-5.956841738236568,-0.4824977661448373,3.37142951288408,6.7792486262062495,-5.135777105721861,4.712098492210433,1.8159438835057624,-7.755052083743998,0.7933119317867859,4.785626044594315,-0.9419963684295856,5.878915314688914,-3.1304944890129374,2.9428156439514126,-2.0067114228933614,3.4414471986572783,-2.720192538897301,-3.315371256019114,-0.926386810193306,-4.360408986122514,6.2225928553903085,3.217457321781588,-0.4886017738006962,7.457502004985005,1.9926312794186856,5.070099215691893,-3.852122738176559,-2.158303162611784,4.486366884467265,4.265503441956155,-1.9071072150804151,6.634688034377911,-2.846919661143162,-6.800827363303618,-3.1208077845145343,-3.269105427867627,-0.8019912842071274,0.0245520074626674,2.812306802927593
0.002,-0.830200231099583,-3.708241014386942,-13.027613401172076,-4.62785315337156,-0.1195960096061146,0.2617520736434988,6.908164809850787,3.055048399252293,-0.8868866023223878,1.5203321199449236,4.830003521520254,-2.80766816146748,4.090535394315626,-0.5840585225966485,-0.4958293450917112,-1.1959780463615337,8.830532939851485,1.651242391444752,2.534257827215454,-5.3676810057628535,-0.4466742429800542,4.9895067283512615,4.671519448922976,-4.916718319206979,-0.8272439155446266,2.689876421700564,7.041149926898488,-4.953828744688029,5.48257885315691,2.3601560303459985,-7.598951631492579,0.1145452804148397,4.513052053184194,-0.5794258952249308,5.868527711271202,-2.693081581993761,2.564787566367492,-1.874714898142552,2.2407140474473106,-3.018793345883453,-1.8223012007249269,-2.0010793829349045,-4.868807330803337,7.086840546251453,3.2478142690522023,-0.42511153931182577,7.699130459905078,2.055459700201931,5.570623843058004,-3.0596998989709454,-1.9880560038515351,4.621366354043905,4.428779286090019,-1.7119474561925432,7.678540335525836,-2.391368890500593,-5.178654231106325,-2.937308608056321,-2.562545823825008,-0.9909994187220288,-0.0493795189457808,3.20052783832649
0.004,-2.68990492065272,-3.657255204007917,-13.85640178393467,-4.493017570820407,-0.3175078938463363,-0.9151637423693688,6.7251340729633675,3.791600140165012,-0.910894490130699,0.4779038711498853,5.120796552008252,-2.6190150249148743,3.8588276235364143,-1.1759697277632482,-0.2793846181095223,-1.6955438785486752,9.105382829905706,1.7214000670382923,2.3822604085574324,-5.303903880088404,0.8948484163481295,5.072819046713303,4.904943454561466,-3.812210514578068,-0.7858622977283182,1.575908387610379,6.967829010971215,-4.793061608826658,6.140432093363579,2.9852067875732637,-7.121942626309421,-0.2430516053220181,3.9231865267129615,-0.2835013050778871,5.553938029865933,-2.1626717046583703,2.097285547259587,-1.952043845790596,0.9391273299632522,-3.3319696991389165,-0.5660656128506826,-3.250684344831455,-4.640212852430063,7.527477760951394,3.195834694573246,-0.3478363200518346,7.639611446927582,2.2400077738419455,5.936113955319011,-2.0608191494648023,-1.9675262796436708,4.6083572507516175,4.499444784985411,-1.4711367304591216,8.697358818399957,-1.7892111586518042,-3.608587109232345,-2.678956252460005,-1.846252906676086,-1.0889272440267852,-0.0077380050882346,3.3727806351498657
0.006,-4.1559516847499145,-3.1181728267082605,-14.292072339394368,-4.341258929092865,-0.6447294958608242,-1.8484146739198724,6.457975243400958,4.202313751950607,-1.051551197013321,-0.6690596805820602,5.727756086657786,-2.4693383460846614,3.481073468697865,-1.6668832501416273,-0.204319013107038,-2.024080781329048,9.236650529301466,1.6895233973162125,2.131089489555125,-4.808422628855914,2.137485583704088,5.165464980784222,5.114853476688041,-2.8753103680297305,-0.3825559291973071,0.1886812135865183,6.583067649669098,-4.738628875815901,6.618048956804036,3.620601710286209,-6.359254987083773,-0.2771080268172474,3.1124412461232374,-0.1553306660152831,5.008563362675557,-1.5247499914528813,1.5998809473125972,-2.14308425668834,-0.3339701997158077,-3.5720477499726493,0.3926434583788653,-4.487405834310388,-3.6764290728547566,7.565628986495581,3.0626718866072644,-0.22918759795522464,7.401578730948242,2.478517193050026,6.155590184204252,-1.1425896270416194,-2.0447814373807827,4.488669877531811,4.491377980776528,-1.2712371108775176,9.46914827966878,-1.10883285969351,-2.3233094103892147,-2.3376013791394,-1.3063121146310668,-1.0908490812226848,0.2034081223844179,3.2914698369212805
0.008,-5.0291159217853005,-2.1882834405331235,-14.271984182841406,-4.193114466544584,-1.0814760144967477,-2.429254107771996,6.093333978183018,4.333647919107183,-1.3860419680188614,-1.7304141995049391,6.517956846030926,-2.3631997500267707,2.999832987835397,-2.0180988624763057,-0.2317278503212684,-2.0829084079368205,9.25420169079394,1.6233168333137415,1.8453056870841036,-3.934285530730894,3.090665691860968,5.27654388402744,5.290090149950454,-2.3190481503091718,0.2817566775879102,-1.2642039041383455,5.910625749879203,-4.864561569251206,6.873375179475095,4.165094218561873,-5.386446841160839,-0.0575792053893301,2.210118496521868,-0.2492770444902292,4.344785611195672,-0.7686536664663867,1.124310194699459,-2.351425600804035,-1.4570197168734305,-3.674184563700914,1.0948592975725726,-5.517744868396216,-2.185771941540135,7.290262648296663,2.8778735570120744,-0.05365643064985495,7.158775646082421,2.7054850347425043,6.23692966046295,-0.5691031683121577,-2.134566202389834,4.339280735009831,4.424404730985129,-1.183130814296192,9.842603190159174,-0.4373182074381766,-1.5155834931795054,-1.9334762222141528,-1.0810526003040142,-1.0028574419635192,0.5712705994825615,2.940196810231309
0.01,-5.230328563602148,-1.0471725095902973,-13.799457947385797,-4.04660562181502,-1.6043250637348831,-2.6225602495017286,5.634040989945191,4.302901260399676,-1.9761758707609791,-2.513103016463491,7.282379376191828,-2.3030370327981338,2.476734626364525,-2.234579013953165,-0.3006667272796653,-1.8201617131206316,9.153943670834485,1.625351132499728,1.588074504138723,-2.8125353553653367,3.624641970642556,5.419228982483989,5.39070618536663,-2.296353345244114,1.0533842823586044,-2.5627049691659463,4.976845505638303,-5.217468905669132,6.899198966476017,4.504615788544738,-4.310984967859503,0.2940416458491084,1.3485950051208857,-0.5529019111024216,3.6948206924758833,0.0985053676017886,0.7072291086004628,-2.5081631821568844,-2.335711661588812,-3.607703193901325,1.6607952079617103,-6.182799442733983,-0.5302613713789714,6.830797264205302,2.685521242872209,0.17821576771261374,7.086701448511803,2.8733973773717505,6.205175161222817,-0.521225320546513,-2.143691821051607,4.252764446452501,4.319693305225805,-1.2467946281202602,9.770804273322348,0.1295951826261615,-1.3045062778815597,-1.5179395815860297,-1.2296792039241329,-0.8400884521970938,1.019331061531758,2.341098225755292
0.012,-4.803632008909419,0.0835141312103503,-12.948426360724165,-3.8848010877520416,-2.1843794884838226,-2.4699107337293844,5.108600906907828,4.259497439895105,-2.846270813344841,-2.8660582370348124,7.786670173158486,-2.289848409836745,1.9780645180592389,-2.359051920244536,-0.3431236271992979,-1.2451760832372252,8.902006211110505,1.7997075009154508,1.4078457080104785,-1.6308071516972884,3.699354147360802,5.603814866542783,5.359678623732462,-2.869076576122007,1.760293638581024,-3.509424243987342,3.822473108156145,-5.802864415659879,6.724264914420506,4.5375894961779775,-3.255183984602003,0.6409932435436448,0.6373533170771477,-0.985750874938456,3.1883514718491277,1.0407770430269043,0.3653903386552509,-2.587937970979113,-2.91131296282786,-3.378197410474824,2.2461411635584496,-6.3939902207857,0.8709082299004728,6.323987311684723,2.529137488340331,0.4505446887189027,7.313947202904296,2.9599658633237995,6.099748927624093,-1.054755483156279,-1.99681084022008,4.310892176004759,4.1956037492528475,-1.4652516087096097,9.320301302410858,0.5039217361478916,-1.712972164709899,-1.1646351228085436,-1.71836263909717,-0.6238858303177196,1.4295999074573562,1.563948688639519
0.014,-3.896761095751093,0.986697233698032,-11.852520596544668,-3.6890966921885338,-2.78367891222765,-2.0780921438925914,4.574190754350369,4.339938984740226,-3.9675113602895,-2.7160409146777456,7.826795688285263,-2.326580469282602,1.5584112716855285,-2.4604434130426,-0.3014443408041778,-0.4270914861365369,8.455110777834967,2.2150870463287258,1.33015305709662,-0.5991415545262198,3.369903622991659,5.832781737442653,5.143720799244244,-3.9947059234351405,2.2504951104869857,-3.954965143506104,2.5155290276143845,-6.576274552754984,6.406251283202858,4.196158487673559,-2.337878680587548,0.866835968305152,0.1414084926484773,-1.4207968204762105,2.9305971694436046,1.9886767658668936,0.0981968559466879,-2.610328934374798,-3.1598817764032154,-3.021955059605876,2.99129327792848,-6.153160316075072,1.6571518974237505,5.879886695640529,2.4379153228405857,0.73665928805169,7.874731722308107,2.968411935517172,5.96692542778306,-2.0914338039803653,-1.656437845828044,4.561719690600161,4.064045271519987,-1.8080012553820397,8.650235509346398,0.6235309385561545,-2.6633729190793565,-0.952926358071293,-2.431484298538492,-0.3779864571869828,1.6772539593825573,0.7241017317098297
0.016,-2.7192977276349897,1.4950996533509535,-10.684283626658164,-3.452427876507715,-3.3558884024486177,-1.5934164336362495,4.112199178776632,4.629106736401941,-5.250514535429333,-2.0877730645320165,7.284505998520733,-2.4168527207610784,1.247674434859958,-2.619109253492522,-0.1403951301132113,0.5180974291897592,7.782551271421338,2.8743978845805738,1.353926422937886,0.0914973736414559,2.772039660581655,6.098053744837937,4.714515184964539,-5.5330805002242975,2.427025831736817,-3.8200829766253848,1.1580046444622216,-7.449862139816648,6.018644983763146,3.4629612621810244,-1.657215805787846,0.9003351031675114,-0.1258994579863867,-1.7198269869547496,2.978902362211374,2.846915428808921,-0.1085427857525904,-2.6244298587658386,-3.0884561934476342,-2.5939759714970947,3.976546869324225,-5.552300856493283,1.617724146571616,5.558772049279806,2.41604770433749,1.006017050485254,8.686743881339883,2.922462502971607,5.8508172871982165,-3.44623144332362,-1.1331306114093265,5.002806540665546,3.928030286520668,-2.223154880171861,7.97049676352741,0.4675831767661357,-3.989009307567689,-0.9439437723563344,-3.1988657049073224,-0.1248891352144034,1.6661884101304083,-0.030796474844321
0.018,-1.4924915719983542,1.5250778569118997,-9.624292478014146,-3.182573252731113,-3.8470021920654047,-1.1658738152748416,3.8148310693836134,5.137330389030928,-6.5539627536492615,-1.098899891216125,6.157090170632771,-2.5608980612853385,1.0421218959501009,-2.909528215447765,0.1439844397749426,1.4496412423501135,6.883843659457885,3.7041156375905153,1.4541821548024738,0.3093977909841741,2.0864594230829705,6.382493693976824,4.082098927224847,-7.270736729919129,2.26980710618658,-3.105025702228728,-0.1207038989912512,-8.308553201508202,5.635282057671881,2.382599351382243,-1.275940284132176,0.7271738908689757,-0.1932326827586906,-1.7725069608547734,3.32853149812954,3.510237550168608,-0.2738143304806957,-2.6846755212904454,-2.726513524498193,-2.1516414310743106,5.198667440210856,-4.753332869107827,0.746770292591636,5.363050527001107,2.439713289009187,1.2302771605555727,9.566899808069792,2.855611821732814,5.785543596515478,-4.87475045044014,-0.4842451855781333,5.575600904011066,3.781966016264703,-2.6545243584048226,7.4909665634104385,0.0683556274217691,-5.459309873200596,-1.161466985146541,-3.833689162029692,0.1156308611028584,1.3556310103615927,-0.545791003954322
0.02,-0.3994167373149488,1.0864232560662337,-8.827267865652763,-2.9006666356559805,-4.198348758948057,-0.9126741333850924,3.7655108940766104,5.799631051243987,-7.707423833980019,0.0671766864841855,4.566364890126591,-2.7541318606228167,0.9050070760711596,-3.382378735845397,0.5228487395452751,2.230575936032763,5.801797945710194,4.564929610396935,1.5891848472895878,0.0087519759654047,1.4943809302150064,6.667089198013016,3.2989327863955804,-8.958719684667706,1.839573712496415,-1.8864544157806815,-1.180576871207221,-9.031488210156816,5.3121555489696135,1.0611151177889795,-1.209765497406831,0.3865992333569091,-0.1181164945471033,-1.5309900000584151,3.9096769399728415,3.8846802388839374,-0.4124951833682241,-2.824649782629882,-2.116552396999088,-1.738641585722529,6.573169841968642,-3.9513664468599607,-0.7551477153696936,5.245610765581338,2.464166822817757,1.3874148388990466,10.264208032884818,2.799276423711525,5.789728102339996,-6.131101205616153,0.1980957093876508,6.174198281762304,3.615449657429985,-3.0553960749339084,7.370638672209056,-0.4895971536667264,-6.818212809468803,-1.5802002777633153,-4.174514040517459,0.3284882050215114,0.7707908770165686,-0.6903857812702529
0.022,0.4455936259013071,0.2767644545425191,-8.391324194872094,-2.633461539498582,-4.357619194530305,-0.8911693112330219,4.016552814295314,6.496540823141367,-8.54276282690403,1.200428937570075,2.731865174070589,-2.986147259561485,0.7756307141887876,-4.050763344880313,0.9453805356773118,2.7548600960924,4.619186182908601,5.282083611823857,1.7101108899741444,-0.7621245838022485,1.13894289866724,6.942471338218881,2.4525227546554875,-10.354223019364326,1.2634199752584931,-0.307309026771338,-1.89398090653375,-9.515795910364393,5.076929712798493,-0.3447635717684949,-1.4231159727166491,-0.0449482317011835,0.0326981709896178,-1.0273746832977857,4.592646069165203,3.911641636785428,-0.5315959948206481,-3.0383969309672345,-1.3070877923640398,-1.373000745555795,7.960078463676129,-3.332354169438834,-2.534809239354477,5.132524016379612,2.4361517997726185,1.4638598503651021,10.510661972536289,2.7744652443637436,5.862130134079205,-7.026095345788343,0.8090783792457599,6.663751335426343,3.417410964121818,-3.398787658469122,7.679764018926457,-1.0789225025570872,-7.828270090790823,-2.125040743038518,-4.122211944066456,0.5037464420116027,-0.0017002928149851,-0.3905177811589397
0.024,1.0021328379443153,-0.74238636177112,-8.339839082355537,-2.40123388932014,-4.290564475897309,-1.085601200667211,4.5697481291295,7.089224787858762,-8.929231155625162,2.110974576742693,0.9190786087309316,-3.2396451157372845,0.5862738207899837,-4.8888145980361335,1.3523343933213603,2.9667966729171944,3.4451499102106795,5.692094601799485,1.769663603885331,-1.8715455712540827,1.098687076263093,7.214477894673641,1.6458193622563122,-11.261560998351616,0.7053148884918217,1.4448081568630904,-2.1741806246956847,-9.695469872741292,4.927505589063702,-1.64751470898492,-1.8343559858343264,-0.4756413567781037,0.2047169864721466,-0.3661141163741138,5.207512453406857,3.585576650769277,-0.6270959158706579,-3.2765874708578697,-0.3501434772816854,-1.0426209594252434,9.207679305233718,-3.033536850450965,-4.178075748170652,4.952659185955216,2.306493315930453,1.4548831408021943,10.092222664138342,2.787073073052354,5.982420115456093,-7.471400415903631,1.2550312382634958,6.908095551349594,3.1793076963516844,-3.6782566051903953,8.384526435044487,-1.5494889003883037,-8.311714481875734,-2.6838227368783145,-3.6608446223788342,0.6368861419142143,-0.8376441633561486,0.3478126739428383
0.026,1.2913146062010556,-1.786795071457048,-8.619171719577384,-2.2077962195665317,-3.9907954409790105,-1.4130369685884183,5.366303511795157,7.459365384711383,-8.802542505915323,2.6690542358014966,-0.6217445107958681,-3.491622414077692,0.2813301746817401,-5.838551355276575,1.6906736898343218,2.867856359571322,2.3947918092163616,5.686775784672604,1.7303374168314107,-3.1336378166556726,1.3768071654350842,7.503372418791595,0.9723189331195452,-11.56315578843501,0.3280899505563291,3.1624457142087268,-2.0022246000520973,-9.550603454472355,4.83632685590292,-2.655472187157054,-2.3300641905822115,-0.8231919305091348,0.3630299259278752,0.3024740085247138,5.573989726941094,2.9593984172250165,-0.6837703793202808,-3.455052626306633,0.6972618877837193,-0.7115298586526736,10.198501191331175,-3.116255102146718,-5.31064537697524,4.666399615828264,2.0429031783055414,1.3625504889153386,8.913620318554177,2.8275165715146597,6.115510630204256,-7.494670061002892,1.4733558863630642,6.798053429425379,2.8969574393059636,-3.9008817364149935,9.354630511942736,-1.7569532021959389,-8.184859434086436,-3.1308483035147328,-2.858678913234481,0.72794366876728,-1.6076486467128042,1.4311424918564355
0.028,1.379483192848478,-2.6898473122123363,-9.111303439690138,-2.0360927261719044,-3.485889866229985,-1.74751762470961,6.290092715143777,7.542646912177354,-8.180371665019116,2.8274873240823424,-1.7109339297821091,-3.7157286019596487,-0.1676474028974344,-6.8195674370462624,1.9279851716969951,2.5101907074810548,1.563440708207951,5.249006879387598,1.5691443481965863,-4.348532947271166,1.910939528804446,7.839946035615643,0.493199077692367,-11.233869010785682,0.2547221343013255,4.645259251187961,-1.438854957888606,-9.108535520657512,4.76202159223937,-3.20213943899614,-2.7845006965032395,-1.0329130207390855,0.4889812818164907,0.817760463394029,5.536522901685308,2.138466726414114,-0.6816978248925059,-3.4778343494191857,1.7707410420802354,-0.3318364071491235,10.88449866593543,-3.5587148045653296,-5.686885905389512,4.28219799047429,1.640815540263332,1.1914983407781177,7.029549427690807,2.873223617425573,6.217507979521606,-7.225468774511747,1.44642669733645,6.275482475090752,2.571934463378864,-4.076667053158156,10.39258989650715,-1.593055841158564,-7.477862512031855,-3.3571267002557645,-1.8508003147159584,0.7803186746904286,-2.20628558137813,2.6901232391262706
0.03,1.349357755178177,-3.333633457976285,-9.66218082164518,-1.849985964104372,-2.840850860903871,-1.9544685648271247,7.18386574893557,7.3465277620489955,-7.1595458054698025,2.622927349488617,-2.270994294857081,-3.885264563370634,-0.7528219848929208,-7.743137643868591,2.062805262683223,1.981665044641341,1.0086103640528208,4.465784441543081,1.2792839985125164,-5.3438361009019175,2.5965451107023445,8.255163135523059,0.2231643935970741,-10.338248745166764,0.5401351680285965,5.726710147392831,-0.6160977294253576,-8.432158326504089,4.665337992105304,-3.1755858252571096,-3.082996072559783,-1.0854165441454648,0.5744023166188875,1.0468044670113164,4.999093113568071,1.2592121409407284,-0.6042308806749818,-3.266067723398117,2.7982901501906983,0.139250464491052,11.301514681420626,-4.269001461119111,-5.244191155774647,3.8581621799584336,1.1247524770226676,0.9462291324711096,4.649873744473102,2.895469225896602,6.2422134528505335,-6.858720450581898,1.2026626826893758,5.348782468978204,2.2119776641131264,-4.209974329848695,11.276793850326742,-1.0121711968734997,-6.3356668471261015,-3.297757761387308,-0.8041126317172881,0.8006046295643795,-2.5753312653002607,3.90798590980377
0.032,1.2757529871657725,-3.668311801022139,-10.116644082887612,-1.605913771969629,-2.153080008105067,-1.9288748204066064,7.877111434895671,6.949733113799336,-5.898119397595908,2.1549761940636047,-2.3357219132087104,-3.978334657195307,-1.4282420528207491,-8.529246703100792,2.127035295476977,1.3835257062813822,0.7429771556959263,3.5147691273040538,0.8697856916475182,-6.008223566734353,3.317401488257267,8.764211947749338,0.1275939667604168,-9.016404169712814,1.1577479389767535,6.2956075319646905,0.2899395887620565,-7.604350229923215,4.522621023096117,-2.5394061489250115,-3.1446040080889968,-0.995117357862599,0.6109117521313501,0.9172242420237482,3.949844438195509,0.4581766532349559,-0.4430947252017055,-2.7815769926989056,3.70252007380312,0.7213761347898658,11.55808421089036,-5.110038491387093,-4.1058265990838105,3.4887042088888824,0.5433729389158667,0.6314397870593438,2.1094082773566654,2.8683698263845456,6.149622785543645,-6.601575792812857,0.8076370328191048,4.095915152215893,1.8290572976859616,-4.295790730536623,11.806854987436768,-0.0480645730688067,-4.995013150355966,-2.9476480455910505,0.1247017906672398,0.7971352161413493,-2.7127807543072016,4.860255889340517
0.034,1.2109226378933746,-3.71358641860705,-10.35326278782012,-1.2724690669403371,-1.5400147315679185,-1.6263649316854256,8.221640361222253,6.483619788565543,-4.583325811830831,1.5530221987982968,-2.0320131183424803,-3.981960623427924,-2.1181911065793377,-9.119431572445835,2.177115933415447,0.8082279794830257,0.7320953443046161,2.6290530517027237,0.36377792608290715,-6.308936060295154,3.9743052907196503,9.355833732554062,0.1342689200945793,-7.4594169239532695,2.003824828049687,6.310555344304752,1.0982530370121353,-6.710725128421546,4.333770941065004,-1.3419388918653166,-2.9403986938441973,-0.8009468849754581,0.5774490090488187,0.4381415396692806,2.469445096661875,-0.1557233329175912,-0.2022413532566725,-2.042798610375155,4.406922987023779,1.3973640788094437,11.804099241428164,-5.934368401074719,-2.5418733059583043,3.277709338108128,-0.0396933317139499,0.25373155944289627,-0.2000525721301054,2.77466001571893,5.912244798301051,-6.618694209040191,0.3499326789966663,2.6546556697760213,1.4373320813221457,-4.320957872329824,11.845006535834814,1.183480748488388,-3.7428947698023376,-2.3655628271995344,0.8281246876346335,0.7782549406074665,-2.6657697724552536,5.35937406436662
0.036,1.175964737293134,-3.5401567063582244,-10.310377021359168,-0.845773315735899,-1.1213583798137672,-1.081384012826096,8.125293951405418,6.100231638243939,-3.393062149687572,0.9401947837064992,-1.5408403395510937,-3.8964464327167385,-2.7349669046571794,-9.48311301369418,2.276698946250039,0.3242369266821213,0.9047855647617477,2.0434553482680555,-0.20428749413814384,-6.290648635588155,4.500689047560817,9.989159109413082,0.1544645631608848,-5.878515537539351,2.9213421323237347,5.803207174960091,1.66509705678884,-5.825774753340355,4.12251769510281,0.2845009706524588,-2.5013851776356586,-0.5537603290061368,0.4376920322898944,-0.3063943310034347,0.7192663551112782,-0.5233648344634126,0.1027183732527079,-1.1243641744848845,4.847103703063731,2.1071191803523104,12.18729252041477,-6.619738798435931,-0.8957090169203634,3.308910372855191,-0.5573668632528365,-0.17668023376223774,-1.9150074839380795,2.6074375679970982,5.518873395437561,-6.993287172003461,-0.0802285324798791,1.2003774403917755,1.0517906429915502,-4.272185769346272,11.344324193220425,2.499920342897868,-2.865055674105121,-1.6620020906989506,1.2748672514346018,0.7493613352224906,-2.512411740829905,5.29747691981143
0.038,1.1627292170295491,-3.2409426114001234,-9.998831525440345,-0.3588882299924849,-0.998904148553188,-0.4051585858190194,7.575297903790851,5.935307997001904,-2.460540875927632,0.4033557502853171,-1.0459995210750557,-3.7389414840108586,-3.197179852543049,-9.61731487627008,2.480004313393374,-0.0328003497870369,1.169429493243413,1.9376628214881897,-0.7913162132308942,-6.05662928519614,4.867811520153517,10.596833553292209,0.108145447387034,-4.475364652311807,3.7370576264236135,4.868367270804895,1.9159905447740773,-5.008061802607871,3.928359655656462,2.136257739246294,-1.9116724385658372,-0.3050648133403497,0.1460958229903251,-1.1800081330393188,-1.0892536359246816,-0.6450029877875125,0.4456706335182672,-0.1397003632750784,4.983177915475281,2.754870959226112,12.811353448676703,-7.090517583117595,0.5102256077906088,3.618554616289928,-0.952547590286895,-0.6429325279653777,-2.780098515124234,2.370934115206014,4.976356548907606,-7.708332532769876,-0.410889445601204,-0.0834387198313809,0.6864942819242866,-4.14727644048086,10.35495129974924,3.6819539503224905,-2.5865680384311647,-0.9746334500079096,1.517129062956041,0.7113472172172093,-2.33729450446524,4.671298601146552
0.04,1.146215996050148,-2.9000909180956027,-9.496271462624476,0.1165109708042493,-1.2381059801470746,0.2393961095445316,6.645569242751523,6.077710679913813,-1.8542235156231053,-0.0203867191330109,-0.6942307270777164,-3.541030673930705,-3.4483642843947915,-9.540177143857534,2.8164068423398803,-0.2603608735148062,1.428239850606165,2.3928907636881847,-1.348682930128372,-5.736770923578386,5.07774745752436,11.099894377207995,-0.0530106466389025,-3.419321797743863,4.302291280186813,3.6421046930707175,1.8599512926746489,-4.302643611018833,3.7952535072893134,3.96524348484771,-1.291230112716098,-0.0959995079375431,-0.3365613305429926,-2.025408281098996,-2.736550774805065,-0.5720272150547039,0.7935364089261641,0.7861702782629887,4.809820926577903,3.226407611134565,13.707415712458872,-7.325563696778703,1.4483833763592464,4.178768983702347,-1.1882688901487954,-1.120877420321476,-2.6970259749604235,2.0796251096659186,4.30825420939306,-8.650114462725757,-0.6016575284605222,-1.0357575972191857,0.3546462284836781,-3.9672869608726,9.011235406882966,4.51358099282853,-3.022338116266738,-0.4374666005613529,1.6753743743427854,0.660578233623167,-2.2058014525392204,3.5837758746346164
0.042,1.097686917554215,-2.5715846294271705,-8.92602767585906,0.4817443385699158,-1.8545597345507363,0.6759491055804453,5.486225628699961,6.549467608231935,-1.5715721085159544,-0.3392499276523166,-0.5652394302571713,-3.342462642231296,-3.471819555054999,-9.283717202259956,3.2793374623526943,-0.3803065105915539,1.5931883645674654,3.370147233943585,-1.8262887748636212,-5.454615130031829,5.148456412002211,11.431199932655591,-0.335368192654831,-2.831898200211206,4.526557770946275,2.2738114442016166,1.5804597090482078,-3.751065870866888,3.7569957181196343,5.512554863512305,-0.7716924426523399,0.0482322563207586,-1.0254006602174848,-2.702794888808901,-4.039881672140438,-0.3890495137788725,1.1139913986798793,1.5486787097885384,4.361072029301532,3.4133013038505324,14.82431136296426,-7.351855456185976,1.8253296420977925,4.900217634760027,-1.2517279111858868,-1.5808717901133633,-1.7526569815294586,1.7546590798617365,3.5509221342097352,-9.63955670035737,-0.6504153326157547,-1.545459371334218,0.06971028406553148,-3.7813918345338338,7.504946731673674,4.8250237222616885,-4.146761403314151,-0.1516720494466365,1.9057570014670275,0.5873904207780223,-2.14711302753617,2.22577946290578
0.044,0.9905412258062144,-2.2724785768232363,-8.426760964007759,0.6334925960133743,-2.807259058441661,0.7601585494851321,4.296753299975428,7.30099737063956,-1.550333310203187,-0.5892554878093328,-0.6602836133312882,-3.1843286901784285,-3.2958899299304374,-8.887329184475373,3.827164878906836,-0.4274926234451452,1.595987190760855,4.715359496173122,-2.1780174619223365,-5.299777618262232,5.098116007152855,11.553871694092402,-0.7064309591385329,-2.7761837332169126,4.397903739320384,0.9012023388364684,1.2045525368578378,-3.4002170791931325,3.8265718737077736,6.5487557697442735,-0.4676812227785525,0.1183562437881508,-1.8969498797051687,-3.121785633361214,-4.892074444718782,-0.1874415803760112,1.381431837827031,2.08872324910075,3.7081560622411582,3.238948161275901,16.040438153266674,-7.226662074433585,1.6863573647268115,5.6502371181462765,-1.1559779529021277,-1.9921330226753333,-0.2019196057199394,1.4210497646893172,2.7492144283294833,-10.478382630799777,-0.5920044694904825,-1.5704593617789042,-0.15470068209361418,-3.659487685151804,6.046122084983464,4.528698589806284,-5.790493019135069,-0.1636860745523856,2.3575041437862723,0.4773039167396261,-2.149766091087648,0.8374294894532511
0.046,0.8078681702883477,-1.984223518238713,-8.114848953854501,0.4906328172886071,-4.001432169268809,0.4205704954972139,3.2877153816016667,8.221609493226493,-1.6932121052132696,-0.8108346169268473,-0.9147047008741944,-3.099845948627667,-2.9902095628419274,-8.393513691493382,4.392280510985591,-0.4369517312326678,1.3954576458247407,6.19299246351056,-2.3672919614979344,-5.309935766132488,4.933035673666075,11.473753232671216,-1.105826264817763,-3.25489997525811,3.984728877082416,-0.3736728945639433,0.8570700304109767,-3.3043896204822296,3.9939703140516714,6.913290373234148,-0.4486963208105747,0.1183912641463326,-2.882311478942652,-3.25950930952469,-5.281055377930709,-0.0401452100521968,1.5810381983465407,2.4043495446763585,2.947648542891257,2.6814796546250395,17.193276266423762,-7.016165003213724,1.1828630573404169,6.282158342686898,-0.9367001174605176,-2.328382681260484,1.592456770465626,1.1067920278267245,1.9514212804854556,-10.997195618336962,-0.4876363654253383,-1.1477310541776002,-0.3059011757729976,-3.677081033768317,4.823818744084567,3.6404675218910096,-7.666374150639843,-0.4580534195494656,3.129168764377652,0.3150306829086021,-2.168928046653697,-0.343294296280928
0.048,0.552157560506716,-1.6674044692253949,-8.055632519192653,0.0196915151372092,-5.302852410598804,-0.3155608575661816,2.638747783203534,9.161448301999242,-1.8987067713850792,-1.0270224701699224,-1.2261526904142095,-3.105065889565048,-2.6528195689157976,-7.845952179066488,4.89647339067565,-0.4362954720190159,0.985534326740734,7.542024034221656,-2.3739689876527854,-5.467846303850898,4.645872061423487,11.241625634950449,-1.466273893830758,-4.216265312543638,3.417336899647426,-1.4987875950782923,0.6146301696917968,-3.5200050769662075,4.2259277670018776,6.543811061585339,-0.7213254038838062,0.0614788154010481,-3.874038949985737,-3.163422496190768,-5.288082276512153,0.0133227924814289,1.7092741805809548,2.5489600571879607,2.181735002963631,1.786258171153383,18.117441059157915,-6.775168579519866,0.5166969162947767,6.670820952687549,-0.643206066912007,-2.5745223383508713,3.24154446881318,0.8394203443486445,1.203798348555484,-11.094853750049706,-0.4089722409780536,-0.3868410313140456,-0.3719837413541821,-3.8952762883768903,3.972898746551032,2.2846984364047254,-9.42310117053112,-0.9640551597347438,4.235990110180363,0.0902801800916048,-2.14057615270009,-1.129197164268082
0.05,0.2487020692937057,-1.2872774363289583,-8.248451428698344,-0.7458014490504535,-6.558043259244706,-1.3199622355371374,2.463158004699295,9.9613380647636,-2.0900160950547564,-1.2334621701897397,-1.491300819111042,-3.19389745927002,-2.390614705425911,-7.286084207766979,5.2700120072159935,-0.4441887772469094,0.3926734466141184,8.536019289263677,-2.1997330472846017,-5.714124430895816,4.223352346624414,10.942270884249584,-1.7353501519204313,-5.563960138720981,2.8557471052431143,-2.471848401345146,0.4767291939301594,-4.087822590992445,4.473145753353273,5.492841733177855,-1.2260207614793868,-0.0332649233953408,-4.746749243690621,-2.935573359597315,-5.066600025595558,-0.0274098403244941,1.7721324152984608,2.615080922253024,1.497219246586735,0.6638351156265218,18.68074770570536,-6.536791923581168,-0.1186637476608603,6.744996611725511,-0.328285097474199,-2.7312125136397207,4.415881016990706,0.6429907790879941,0.5455295920367016,-10.756945789025435,-0.4216178267510747,0.5486593270662057,-0.34382188237259664,-4.339995501065883,3.553312657257553,0.675766351056642,-10.717919912455516,-1.5749463784997455,5.597565578120566,-0.1971403286985958,-2.000535320382911,-1.421981977468163
0.052,-0.0558697343173233,-0.8372281552442318,-8.627268437240973,-1.7048334029116394,-7.614794344501099,-2.386466034872156,2.7883181017706065,10.482854091257972,-2.2310830036752303,-1.3998854483432546,-1.6352918237941068,-3.3380572627833818,-2.297184201006083,-6.751715446016983,5.466048043061504,-0.4706552530241614,-0.3304714627627274,9.03485849839693,-1.8708076130029987,-5.967304104124875,3.655183253024643,10.673075206912827,-1.8894589959574783,-7.167363712286991,2.447716521856393,-3.329871343331738,0.3583066660749385,-5.008605137518354,4.683325316567234,3.9233430365396,-1.847281136579834,-0.1445743383309825,-5.387793042306131,-2.7034956186590207,-4.804651092085408,-0.1297527942706571,1.7845484148903032,2.706974531346643,0.9475897388159044,-0.5254088431272215,18.808035616820195,-6.313096853270188,-0.5936998404155012,6.50724950998811,-0.0392320624547923,-2.8160623000061107,4.912176314909548,0.5371227727451208,0.003897792369853992,-10.052620933444084,-0.5692726156408915,1.4691680598822972,-0.21774267364830224,-4.987485450441403,3.548508688721116,-0.9205512645451196,-11.290679161993248,-2.1760975404875014,7.048537359734249,-0.5345363285221219,-1.704330258397359,-1.229780264930525
0.054,-0.2967756913066313,-0.3537373698719984,-9.079274315908645,-2.705645287870289,-8.344931344865305,-3.2737071409880927,3.554351907119764,10.632078239777202,-2.329443702046329,-1.4838434570926615,-1.6272100494639503,-3.493374704769912,-2.428916062346847,-6.274927720014067,5.468709043102416,-0.5210545059309938,-1.111128456671805,9.014241687755217,-1.4361007654586868,-6.148380307926375,2.945088708196366,10.51804662052073,-1.938536842391868,-8.87321937881184,2.292896976341148,-4.131553527733657,0.1069999975030053,-6.222895821997804,4.810643316293064,2.085865922129781,-2.4350961750136584,-0.2539377252904372,-5.725704127881195,-2.589083841557034,-4.680523112981456,-0.2448168002431811,1.7666394167528576,2.912612931453566,0.5407270723825257,-1.6010483906836086,18.48789502447701,-6.100536163465702,-0.8721269544114681,6.036784657591707,0.1896806840237295,-2.8607777335297033,4.688783887144821,0.5359501186034298,-0.4090161856923422,-9.111749889038569,-0.8644102694011925,2.1925418186684147,0.0028113915648686483,-5.762427586235031,3.8761477339620254,-2.2366747310316333,-11.021944845530212,-2.671478378283962,8.371986714289049,-0.8948872006649736,-1.2405664066411604,-0.6597588018347154
0.056,-0.3999503246719345,0.0841471813910892,-9.474264876342886,-3.5735370406661096,-8.66350014178277,-3.7588134324943474,4.630355462035313,10.375425896709311,-2.423998374612551,-1.451225034057514,-1.4834151582215476,-3.610649431782589,-2.7886331760161776,-5.873764428835896,5.294794584735328,-0.6013718070363782,-1.8693661645702293,8.569746290811949,-0.9615687081132305,-6.199636482618067,2.1183211611645114,10.52441248130325,-1.9157199988692963,-10.51765453001068,2.4187148833776835,-4.930292865147926,-0.4512759430635036,-7.599456648234256,4.824119665105768,0.2816948657896707,-2.835020499693301,-0.3467064207165412,-5.752241281893356,-2.678626719745855,-4.819916151211277,-0.3258038757561032,1.7383273985260566,3.279074595209079,0.2406056795400206,-2.396870403463291,17.764303416842576,-5.891714561310145,-0.9988116091302836,5.473133429669558,0.3443042272883304,-2.9038946168181976,3.86872805106379,0.6437482062261155,-0.6976055772043391,-8.08934744917474,-1.2843293780746738,2.574573736623214,0.30663188923619994,-6.551384270957545,4.408597788152347,-3.0548428063647872,-9.95945771354329,-3.000696296315892,9.34677534557314,-1.2379352788725246,-0.6355663446812786,0.1112431300347404
0.058,-0.2946620816442963,0.3723862469237067,-9.699264606350292,-4.147146163077295,-8.539116864275137,-3.694101899374302,5.844706115423261,9.741057107025965,-2.560913565864638,-1.2934088844619291,-1.2601689824516478,-3.646082129374676,-3.323514084290768,-5.545822275610737,4.986196804416413,-0.719530726712887,-2.5301235851118804,7.89213297571392,-0.5201925730366628,-6.095294352911018,1.22181853991767,10.689766262364008,-1.8605845922636448,-11.943642322042038,2.7726869224786834,-5.748490777169897,-1.4539179908376232,-8.943074874312122,4.711107476103746,-1.1862859398793049,-2.9219173530285496,-0.414295602242311,-5.528136455977759,-3.004392061542608,-5.266782886035684,-0.3434018521488096,1.7162010694301968,3.80017668207927,-0.0205048296805228,-2.7929793476360567,16.7176961106181,-5.684964891092259,-1.071572941568112,4.986434888957785,0.4301824504662367,-2.98107282548186,2.6975541171519133,0.8505960709328969,-0.8813465222199883,-7.125515892905242,-1.7730017235222189,2.532232330079136,0.6744396327537158,-7.227840001036102,5.003067984715159,-3.249950443811938,-8.30918314676702,-3.149811213131472,9.798344279532166,-1.5169730336696738,0.0492024904467008,0.883921978407904
0.06,0.0781243800098976,0.4100029987993496,-9.690514411711804,-4.313533026163751,-7.9978953911679955,-3.046661151108219,7.022120921960121,8.80925148952875,-2.767608658242802,-1.0390955802732251,-1.0345001968789596,-3.5733541048094937,-3.934726021991618,-5.26387995051173,4.596248050444598,-0.8827601489283821,-3.0316483035699737,7.217139742466575,-0.17849896768970192,-5.844588484363168,0.3164318132667037,10.961497436428916,-1.802432744132233,-13.023269713935953,3.2355177363377687,-6.566486657319713,-2.948294438762176,-10.022164669764956,4.474719705336559,-2.067047732527884,-2.6267833862331464,-0.4571437163625352,-5.168759731482432,-3.542286259550916,-5.975804318300626,-0.2944490370846736,1.712494434964798,4.418318321596151,-0.3227830204538338,-2.740945999058598,15.441826936993284,-5.48815100012231,-1.1993676289497643,4.739375906118461,0.4685146391106895,-3.116105261165475,1.4738805329779137,1.131135700685715,-0.9933705853693021,-6.310881038303591,-2.250873778025073,2.0565975030115187,1.0815616911651151,-7.683298357490844,5.528928455229041,-2.815959870264168,-6.393103585804364,-3.147826494994611,9.643021751744756,-1.688313385087285,0.7291428806324511,1.486689353782627
0.062,0.7504371514699604,0.1300752083820555,-9.453766482754055,-4.035835606718203,-7.119130541777657,-1.907550014223205,8.018783872451786,7.696050141818327,-3.033445048171864,-0.7543202334511879,-0.8774376170879786,-3.3919572144326366,-4.498390456093172,-4.975646795613597,4.178415335713811,-1.0941639873869988,-3.33402289963715,6.769166993818111,0.017477099019045803,-5.48245883017785,-0.5391914989000743,11.248820966989406,-1.745516815761886,-13.674510784149533,3.652498704902683,-7.324324751187289,-4.854172980224333,-10.610258982247409,4.130245549045944,-2.2076864272321126,-1.9500297789246803,-0.4819333297487183,-4.816306785132789,-4.2237995761526665,-6.820695874290537,-0.1997217520248342,1.733603461768773,5.038274874122739,-0.7325796054534625,-2.275075038640069,14.023117754340737,-5.316584266440202,-1.4547345291220464,4.847533471509067,0.4901912664779556,-3.314145542527817,0.4739152150032073,1.4464987489430006,-1.076517038030211,-5.668881489908465,-2.628755569905486,1.2127926210945532,1.5010816995818224,-7.8562427428542705,5.888685684362056,-1.866575005222451,-4.579097505802957,-3.053856555892918,8.911108012409127,-1.7230354102297605,1.3114283460651246,1.815599444718712
0.064,1.7124642366221614,-0.4755247647158305,-9.06455779280638,-3.3632818050582483,-6.022633131973931,-0.477070386232641,8.746312217545483,6.528591015283875,-3.30146287433574,-0.5294922637612423,-0.843712202552828,-3.1286598322579304,-4.894863756827792,-4.612793799556297,3.7749070118702615,-1.348893023034489,-3.4178886699685385,6.711403108806246,0.05273824288031026,-5.053157984370079,-1.3047744004707242,11.445646904517243,-1.6633711791361308,-13.868565396822447,3.8740831473355377,-7.930776059533263,-6.956817113872793,-10.53643871528546,3.6992782082747175,-1.582686138110713,-0.9613755467650384,-0.5023447878512894,-4.602795321615851,-4.962723851574325,-7.61966239080807,-0.0965552249945753,1.7812579408837002,5.550254594818419,-1.2798110899981638,-1.5040174954128045,12.529780188059418,-5.182977668931302,-1.8441209089795587,5.3496872125772175,0.5279125800162122,-3.559271135900041,-0.1147281480450032,1.7486099155938135,-1.177705809558808,-5.157638695389957,-2.8236964621768266,0.1254511174822348,1.907704510344254,-7.751343899372891,6.029335674409422,-0.6114794617845527,-3.1997757820046195,-2.938197972657681,7.743050120480686,-1.6172676111698256,1.709915266911065,1.8576241866328405
0.066,2.905661895615769,-1.3400805563244038,-8.650339808412443,-2.4247100612782093,-4.851742977493879,0.9771538962181608,9.181544756686193,5.422973260560408,-3.475434936099965,-0.4605041041215159,-0.9644637551180304,-2.83239308448742,-5.036994458074453,-4.10464876466123,3.407931250296023,-1.6308117959058706,-3.280229932767204,7.110086779803744,-0.05089058628976251,-4.596611673530498,-1.9691588707139696,11.454762651456004,-1.5089236239135333,-13.635756089594112,3.795087221890416,-8.28480453686317,-8.93761237216101,-9.73135683109854,3.2037866497602967,-0.2997101280344532,0.2161544335722935,-0.53979846667571,-4.615088199026142,-5.681825014707755,-8.17766891533558,-0.0254911415849524,1.853720502202154,5.857007153413023,-1.9457717038804851,-0.5873478230060422,11.011142549637311,-5.087210192261034,-2.302665034845549,6.194813213554959,0.6085001195787931,-3.817445511144215,-0.2289884355523916,1.9882177948607964,-1.342863155745316,-4.687419988320791,-2.7735807616257464,-1.0461564939869534,2.2817574315018945,-7.441497371743324,5.945809321024182,0.6878395188386736,-2.478444953746529,-2.8605109480383515,6.363285073692178,-1.3960702117543964,1.861126785747983,1.6873085192631485
0.068,4.225685840211459,-2.3230140212771326,-8.361620268035203,-1.4034757237857929,-3.754641887528048,2.1807195925570304,9.360279117172741,4.467984756160784,-3.443817637912354,-0.6240137277572219,-1.244534930134436,-2.561178777766961,-4.894204066530057,-3.393923762035752,3.077835956986813,-1.9124206339308,-2.934319611076223,7.923704758433812,-0.2367245945573332,-4.138434255876083,-2.555524929072709,11.21009504103361,-1.2346916642152062,-13.067089661503655,3.3853665623312588,-8.304688898022457,-10.435834208447984,-8.253391416020744,2.6651644311684195,1.4185923578315884,1.4324053832860852,-0.6190268931230065,-4.871295493839841,-6.331282302883838,-8.329843907798669,-0.0134634060813553,1.946350709684638,5.895855977366167,-2.6614773786927737,0.3002406382385379,9.505353050526116,-5.009570345541004,-2.713953740615684,7.2495229685163665,0.7462177230619145,-4.045458933729588,0.0618185570876537,2.123085581546625,-1.6108679437115063,-4.154307373751642,-2.447451983404018,-2.139071739284404,2.6114108841286208,-7.051788923480879,5.672952486377592,1.7705384807188895,-2.480675612681587,-2.857374488330852,5.0315455441005215,-1.111336119628353,1.734958966615606,1.4412035373769028
0.07,5.537452428174534,-3.2382919132169934,-8.334835493335675,-0.497965468051362,-2.864195088148313,2.913206891251205,9.360219406155396,3.713172537575298,-3.11052036206756,-1.0545939546248544,-1.6719443575737665,-2.365822302083949,-4.504288449152972,-2.457634638395257,2.766841339875945,-2.1590218793221463,-2.4044691036754204,9.01822165627325,-0.4227659722984387,-3.683015756697282,-3.115143887404447,10.691608529104643,-0.8132907908620426,-12.30241891434325,2.702218851977362,-7.954750141566453,-11.124778513532764,-6.2902437331507866,2.1039538787294947,3.2739671103121086,2.539899575047344,-0.7632873212717087,-5.320597414843751,-6.900237577589031,-7.977881618471943,-0.065291601248607,2.053228966471096,5.650963712054977,-3.3182884145189675,1.0067437603858056,8.049890221485272,-4.910223959677865,-2.950609709653384,8.325146633266431,0.9391866617487824,-4.202457998417721,0.5843363835258364,2.1269076233843243,-2.0068762803752787,-3.475820069378354,-1.8530109878425165,-3.016781126657358,2.8926193174012,-6.72961846189968,5.268517768876767,2.4295662475673274,-3.106952999922104,-2.935864645552745,3.983727580851964,-0.8340838478517993,1.3394731051906774,1.2773906033881366
0.072,6.700189968103048,-3.8932408502926914,-8.656749435871403,0.1157476702786066,-2.283058308664077,3.058217710659725,9.275685883830139,3.16713061406625,-2.4252650441477885,-1.7325181421933318,-2.225703702670108,-2.277592819850532,-3.967288562486015,-1.3216736894574894,2.448909980530726,-2.336660866967996,-1.7233799399901395,10.202911955301802,-0.5181526057846298,-3.2211501288473228,-3.708149421710451,9.925230192017372,-0.2541223752864837,-11.50733661260536,1.8793545082440564,-7.262804090501406,-10.789757316622284,-4.132390125004244,1.5420715511476784,4.948255446716305,3.424011052355347,-0.9878923757061504,-5.860030395151204,-7.410985533873552,-7.113076752003853,-0.1626109557868393,2.1676286096211097,5.1548726378283085,-3.791677634852383,1.4331227908274693,6.688905583054856,-4.737584163353234,-2.9154497914340425,9.217015840738856,1.171293888380084,-4.260629242488846,1.1234125005592872,1.9973009006909423,-2.539034546036883,-2.622854809683591,-1.036332273225544,-3.59140202024541,3.128686004287254,-6.607610688459796,4.796193796206467,2.552633320846584,-4.122226944751303,-3.0760100683527902,3.3811342954466506,-0.6404314345191471,0.7227479617968091,1.3275365353834805
0.074,7.592625984244002,-4.133111312156817,-9.340617741739145,0.3173584393268379,-2.073370098703407,2.6282172777381594,9.191980068918433,2.8059744957162125,-1.4077971532286164,-2.583450688566212,-2.87973721291286,-2.299019369477747,-3.4240099961175665,-0.0626093427599675,2.098877219584057,-2.422172059634935,-0.933701041407594,11.276565641131606,-0.4416721659533153,-2.7430997097177263,-4.382432501171677,8.974301770588013,0.3891863547497561,-10.844106570888307,1.09930994487336,-6.322680239046675,-9.38900180713751,-2.1214602678809897,1.0076387957694284,6.16431122089393,4.022731957071705,-1.2923494941003222,-6.365767088550151,-7.898648379894089,-5.819927162157464,-0.2692006509497707,2.282030636836616,4.478437959136785,-3.969597370748341,1.550812707780549,5.475953165299014,-4.444987004462631,-2.5717561056437384,9.750114032363111,1.41549961660464,-4.213652346553392,1.4828836425640524,1.7567000397330395,-3.1964039443039582,-1.6357434124499404,-0.0748862628394395,-3.834915805423108,3.3281651236484286,-6.767078144269401,4.311700700936745,2.141840494365129,-5.216465607195793,-3.240359462197092,3.276011086746918,-0.5944970119744876,-0.0305678667279781,1.6575608802695645
0.076,8.13635184124959,-3.881257709629691,-10.32107187119624,0.0648177505773544,-2.24869277629868,1.7573578992037102,9.166884513026378,2.586566968286771,-0.156236273349828,-3.490149354856957,-3.603082296377557,-2.4005898736273568,-3.0235282902380125,1.199306723309442,1.6999663873881934,-2.411855677620935,-0.0869361540631577,12.070963134877084,-0.13947347734335952,-2.25075499957948,-5.152540568124885,7.924999333224954,1.0245520290093968,-10.443362103994923,0.5545577799837152,-5.280073677375317,-7.075082008113329,-0.5870387624808778,0.5379059614480867,6.736457277565924,4.33091891036812,-1.654312226797073,-6.733106877750446,-8.388046470457864,-4.2589284143183175,-0.3443685569519611,2.3877715634870795,3.7126242362223385,-3.778847980484728,1.4029298590030763,4.467341502181383,-4.00732944749103,-1.9621250562274248,9.819624877462624,1.6408999524009376,-4.079612506966631,1.5373299177367692,1.448786466933174,-3.9484766083967697,-0.6208673461818938,0.9340712399927884,-3.7810581238522025,3.500975822352215,-7.214274668060336,3.8535297022146473,1.3080220806410656,-6.083907045036989,-3.387323283528785,3.6013802530374943,-0.7324773055358118,-0.8083186639877179,2.248022104634213
0.078,8.31295522402143,-3.160960540010765,-11.46465712348993,-0.6003727259893544,-2.7727845357753624,0.6680519552078241,9.223204672304844,2.4616069264136766,1.1642458549399994,-4.315662182881521,-4.351912710772316,-2.5289528039409355,-2.8878162565275085,2.318838533298799,1.251216354031623,-2.3250997301412264,0.7576061402882657,12.483511556046944,0.40161258020591795,-1.7685591125986737,-5.984206776594371,6.865663967271544,1.541954925800666,-10.382233849678848,0.4034254510520022,-4.303424834390166,-4.170201170071421,0.2166457343144794,0.1779459784734483,6.606048910848101,4.393008915476536,-2.0283429964476065,-6.907524454364726,-8.874644497617034,-2.634671612321263,-0.358368687539966,2.474217979282142,2.9460661718374817,-3.205403112638684,1.0860559246791306,3.708484585280561,-3.4381769235855333,-1.2024284403416057,9.413593579867255,1.8250349336523572,-3.8975641598561523,1.2654434132902472,1.1303027541087587,-4.74854044556807,0.2693164454433832,1.886547236445813,-3.51165826557142,3.6545884046068307,-7.876455474940564,3.439056686730804,0.2437806318486692,-6.495823637884612,-3.484684890802623,4.189558740854057,-1.0519897519343422,-1.4854317181229324,2.9948893909952035
0.08,8.166120754402227,-2.095838731912227,-12.59823394303642,-1.56466575419165,-3.565066695681183,-0.3832356262457977,9.351226447941988,2.3928722436205607,2.347892568440749,-4.930366505832594,-5.066900116651888,-2.6234323365412253,-3.0820182062882338,3.1517343592125955,0.7695106092004892,-2.200617120090368,1.5389270525062666,12.491240781404272,1.148531083962189,-1.3449006046489405,-6.795696174774911,5.87110538901429,1.844732390272379,-10.67355518012133,0.7323273009214449,-3.546965365628537,-1.1033697752873413,0.1621502638644551,-0.023760059701437,5.84899052552886,4.286635699109312,-2.3523772631499416,-6.897685317228139,-9.3175132604425,-1.155280603801946,-0.3066218825977487,2.530810994580156,2.2463051467719986,-2.3011453553394943,0.7180243691625938,3.219590547780469,-2.799482664855764,-0.4557019180346386,8.616339201163743,1.9603412930107629,-3.716594206537269,0.7483261200397894,0.8591227643468854,-5.538420418223726,0.8740464934908526,2.686205347185969,-3.135052160185435,3.79125989197367,-8.61743952512705,3.0681050553910696,-0.8209254654794482,-6.351894498154119,-3.51763591014762,4.813793126339482,-1.5105601410637215,-1.9424377523315877,3.7316328151222726
0.082,7.797306761728027,-0.8857098547937099,-13.546642737947966,-2.667637455501168,-4.510279319201263,-1.1659327931308467,9.518212004529286,2.3574991897146345,3.186481789063666,-5.238862465009436,-5.671428800110878,-2.634374859571634,-3.5959850576255343,3.584498905259373,0.2853967119149983,-2.086673572835456,2.2037216145691287,12.143751802998416,2.0257851429622216,-1.0430634243516563,-7.47283307399824,4.9959361170732,1.8786484376873356,-11.264657775308883,1.5362023663223352,-3.1166298589074946,1.677463696384801,-0.7274711419656689,-0.0251885335759976,4.657848232356127,4.099109864749598,-2.558541619454886,-6.772497694106365,-9.642565876991725,0.0043807373540193,-0.2166587748328813,2.5478047645853343,1.647121383630218,-1.1768655394448575,0.4016957641303505,2.985694117161936,-2.196286825121299,0.1076420612455078,7.591308560465229,2.055570366193784,-3.5824944474758835,0.1427895036942623,0.6802019859059566,-6.255125723271663,1.0635924227698303,3.257731554057308,-2.7614500347810798,3.9073924957525747,-9.269536259927508,2.7314421784770744,-1.6689802127880078,-5.697641732869792,-3.492543200557363,5.244914771914006,-2.0335218430128927,-2.0855656431631133,4.270187777968438
0.084,7.340183091284341,0.2403133223063903,-14.169335678508292,-3.734775379057029,-5.473845812452806,-1.524999566397381,9.683369571289997,2.3468235342163872,3.511165320957098,-5.198942102920659,-6.081960702223677,-2.539934894526509,-4.343292612247556,3.560623961013809,-0.1645773825699002,-2.02997113515471,2.7110522660337453,11.53987367757813,2.9274253268649475,-0.9265654800547528,-7.895808633382495,4.2727282320621285,1.649739684544532,-12.050480852724046,2.7188259262698846,-3.043038558409274,3.801062461817111,-2.2853611386816546,0.1957051940002089,3.302398802208304,3.90418642574822,-2.58740936785813,-6.638169786294222,-9.757247832307344,0.7296351345654329,-0.143109460342942,2.517582916918052,1.1451871573919707,0.0176118552874278,0.1964985525834591,2.9555896585128907,-1.7569939206271317,0.3592986203551776,6.54390697892485,2.1342017279399133,-3.5261224630466104,-0.3574058165816178,0.617692225770978,-6.838697806324064,0.7733644666157359,3.5586496042870577,-2.4809198256008256,3.993723603420961,-9.67525614946665,2.419322281078889,-2.1411561887170123,-4.70422473978517,-3.4334046559745466,5.306255830459288,-2.52904416800032,-1.866693283591833,4.448233890119074
0.086,6.925830542754719,1.0762399700961591,-14.38798839491178,-4.609560656440361,-6.317347927995492,-1.4101280226173591,9.811555353619205,2.358712331238213,3.2289722482892778,-4.826197164569184,-6.223161710190382,-2.356773767642381,-5.180818620480403,3.0950975101807514,-0.5470289587244599,-2.0624654075833435,3.0392100090666934,10.798857258372184,3.734533676954178,-1.0375851698367091,-7.9716034278887475,3.7142089376260055,1.2285320891363884,-12.900074943590964,4.113994976591283,-3.2712716468404315,5.054823098950607,-4.234885058147955,0.6281611972524285,2.0721280769816017,3.7485926379583527,-2.4070893822913573,-6.600106363514691,-9.577764213896655,0.9850185925106496,-0.1539435970536663,2.4392900240749533,0.7079672192804556,1.1225081287001537,0.1033201683110849,3.0532607897454787,-1.604142293584271,0.2451059978532925,5.672580258804004,2.228909812904358,-3.5543174626179628,-0.57470550985686,0.671192414947958,-7.238861883853033,0.0282557272144088,3.583751588188458,-2.3476575005363958,4.037850773126674,-9.725912365515796,2.130271236841564,-2.1654077223317008,-3.6187913538960426,-3.3731701547321857,4.916396176838553,-2.906906067444886,-1.2983388867407974,4.171698686894051
0.088,6.655367705720002,1.4855315762986916,-14.19885802589636,-5.178981730579415,-6.916631107120849,-0.8785842861456057,9.881760904621366,2.3884998302351605,2.343022121220077,-4.187081064191553,-6.035118087674956,-2.1402023190632176,-5.938976191528876,2.2753226260497765,-0.8378455994910485,-2.1915863942102765,3.187910109803916,10.028387739298177,4.3372968682111335,-1.3806697585886938,-7.661157012728537,3.3205410562477566,0.7350742096358209,-13.686180207486778,5.520959898628554,-3.672889340265935,5.430410080369517,-6.245545256624127,1.2212380193694683,1.2150918212781092,3.649040135865665,-2.0285329587634355,-6.727863677411874,-9.053989575925224,0.8131519438169235,-0.3113081165138475,2.3188814539193348,0.2888950300539787,1.998062264879368,0.0690430213865106,3.196633106074425,-1.821462633378182,-0.2045306568659757,5.124067355662325,2.37288758607724,-3.645182787917907,-0.4009067318126987,0.8165396426681168,-7.420843890318939,-1.0578502701655956,3.363469618215946,-2.3734213684799377,4.026333399719935,-9.389032273693298,1.872211543401794,-1.7648391422117096,-2.699047355849645,-3.344518469144706,4.109839042080955,-3.0969931450979,-0.4593416993603271,3.441170263958893
0.09,6.571177712815299,1.433886341483529,-13.66708785800806,-5.386344685218665,-7.178825320007675,-0.0750711783546495,9.889066194693957,2.4198288117043925,0.9527613349891034,-3.38160642462209,-5.492818594695292,-1.972509851732671,-6.460313487961788,1.2478655560358434,-1.0262341231269625,-2.398149348036044,3.169996563246264,9.299696476872231,4.65510910605618,-1.913406241224348,-6.996030632762751,3.085793423116357,0.3067266293070205,-14.310337224537765,6.745633467392539,-4.074193687688783,5.121075013522697,-7.9958123857172945,1.8872034510229343,0.8893338345490711,3.5967307758249145,-1.5080186540809737,-7.028324646376054,-8.18620198809292,0.3182166277880143,-0.6497283220800683,2.1689557062027167,-0.1566875508980612,2.550940557371193,0.0093419364220097,3.3225298955997853,-2.4274764896247434,-0.8758557314816992,4.961828813743411,2.5898754793365755,-3.752814014996428,0.1768017357944362,1.0141261279783786,-7.369568639084887,-2.3057605112497863,2.959365855745432,-2.532119907460023,3.9461746799352784,-8.718081944897714,1.658841425493207,-1.044519585409754,-2.148410291256306,-3.373070686933225,3.0288616072340444,-3.0649688544488374,0.5127749722801234,2.3567096666576828
0.092,6.644207428367245,0.9938766450652816,-12.907800712450316,-5.233201808927953,-7.053874902226794,0.806564309484743,9.8413382620179,2.420771648136346,-0.7628620150085803,-2.5174468341966474,-4.628960727171029,-1.9423593384753248,-6.637156427293772,0.1889541149690018,-1.1145811602791411,-2.63977910224866,3.004315320029309,8.6409299961286,4.649879118841282,-2.548805850920325,-6.077907411989085,3.0036027448023,0.0615205576354442,-14.723593074388848,7.640120780700987,-4.292478878473059,4.4718381779016365,-9.23156902285927,2.513784000823269,1.1349202102741849,3.570298348763048,-0.9400818706530482,-7.439374774294945,-7.032756903587375,-0.357984788652129,-1.161955751973211,2.007882873975989,-0.658360755434829,2.750042582401218,-0.157662360428799,3.406692296220739,-3.3620712061472435,-1.5998134420893608,5.153208016014962,2.882719858191243,-3.8204361752664333,1.077739266097761,1.2204687058281793,-7.090900334525115,-3.504023991780892,2.453266672744049,-2.772636909694268,3.787035367174246,-7.84141411095015,1.505507728052298,-0.1610710240483748,-2.0696862897216124,-3.4737895236041605,1.8898204302825237,-2.8197691840171863,1.4420649536254948,1.1024199581134682
0.094,6.785833132291419,0.3233095521990128,-12.056492717307538,-4.772263133241706,-6.540168110228426,1.5705507631770836,9.751721729193289,2.348080406016311,-2.5768128305963067,-1.6871609659727211,-3.5359566483223763,-2.122071424604421,-6.437341297084821,-0.7313055184223611,-1.1110291197190398,-2.862753805477918,2.705911237503033,8.03942917479274,4.331694126582799,-3.171704372386189,-5.058161629313847,3.0656121763848767,0.0659990636071019,-14.934744179265557,8.130241737265417,-4.178878267523964,3.892231869477465,-9.806548142179002,2.985276419366862,1.870858040896832,3.552362776465805,-0.438851078649775,-7.840678698963427,-5.702573125759344,-1.0644218937176757,-1.79636943462669,1.8564850253471723,-1.2210674958239534,2.629476932387476,-0.4795012417341713,3.4713543413214785,-4.49299297873971,-2.1925915201926767,5.57977035284732,3.2278773986856506,-3.7950257536254615,2.149403905204204,1.3993072133017042,-6.611530847594105,-4.453661790661768,1.9342533506974755,-3.036831933804529,3.5422870622542604,-6.934605065755486,1.421704527730308,0.716310434094061,-2.4498611232908445,-3.647709227635741,0.9335105822320108,-2.4105072430595564,2.1472301680564847,-0.0901066775806696
0.096,6.877212305038491,-0.3773155803383735,-11.23700868977407,-4.092078620769821,-5.683079981786441,2.061472648391431,9.630150236344436,2.157462278773536,-4.255138207734673,-0.9523047682247896,-2.35213520062284,-2.546155780166467,-5.914784702309038,-1.3841240904783585,-1.0218786957452406,-3.0171253463799075,2.27893011231582,7.455378067430841,3.7577287276354143,-3.659568283253204,-4.105499540686475,3.256936728822182,0.3143934093141188,-14.997792216888758,8.223990364873035,-3.653425627078155,3.752897314235801,-9.698478465727906,3.209173663994729,2.9177012502547464,3.54158739649135,-0.109779516894532,-8.080847806351798,-4.336815070782001,-1.6639415827762274,-2.4663100694435536,1.732427683555158,-1.82288336939554,2.277702825619971,-0.945466552061525,3.5830729729127104,-5.6394613555893365,-2.502061483520972,6.0676966606511895,3.575575817000879,-3.6414355812386145,3.199805038522028,1.530168071541437,-5.9757976487910405,-5.0109588332894806,1.4851753178317957,-3.275847263411185,3.208748916000519,-6.1801319016545815,1.4055898989571618,1.442980543214656,-3.1770680266821234,-3.886486314634609,0.3692343375285241,-1.914461952271484,2.47913661910262,-0.9905357183152652
0.098,6.802787939298336,-0.9177076625347832,-10.537176091614596,-3.296789785780614,-4.568737143284452,2.191021526256056,9.477059958920364,1.8176219481595588,-5.594607961988311,-0.3376723562508821,-1.2397589465910632,-3.195108219537279,-5.1978757323334825,-1.7074559926713877,-0.8479066077470432,-3.069358818598812,1.7187629410998886,6.846519338953238,3.022865309762968,-3.908539699561147,-3.3708563364623974,3.5522342131457982,0.7276048338274026,-14.989741312784119,8.0030123176143,-2.7248772261362477,4.29121681607918,-8.999504646791568,3.1411619512831583,4.040889630658297,3.557018165925097,-0.0245915514461874,-8.02134569603807,-3.0847165876778657,-2.055192661246881,-3.0693393880354067,1.6486888244702893,-2.42340545541888,1.8145483313002384,-1.4795869504354793,3.834639122042615,-6.605939412118362,-2.4418992774847843,6.432122986568777,3.860012468068152,-3.353882046351109,4.043211609574464,1.6120899510038835,-5.240284170579793,-5.115546370438389,1.1711478883688005,-3.459118072088016,2.7861594805862686,-5.727042361966295,1.4421213576962877,1.9276318421876275,-4.077941238116705,-4.178471606769302,0.3264921435087764,-1.4202482175584208,2.352529111821073,-1.4177244812833116
0.1,6.488206471725843,-1.1644364253659882,-9.994861264570742,-2.48590544961721,-3.3116428157823923,1.949121353307534,9.282929106185037,1.3263479279231365,-6.453224399581147,0.1617586073077153,-0.3492551964326312,-3.991995229810884,-4.459470497059875,-1.717119981346038,-0.5851521610128125,-3.012065069588548,1.014301785998195,6.190965340596825,2.2424201929168874,-3.854675891064234,-2.9565092797869936,3.912200056019699,1.1751217559288845,-14.987024727748022,7.599450788998238,-1.4898584363458882,5.548891554035786,-7.884922154194684,2.80021426680947,5.003057772754978,3.634673676104416,-0.1997261797878357,-7.57285071329438,-2.0758769079986275,-2.1873719971713905,-3.512258992470024,1.6111971925609123,-2.976684502224989,1.3643114097903497,-1.9551216760219303,4.31541349071428,-7.224015527191763,-2.0112230330506624,6.522553022635437,4.013866668123978,-2.959647147830286,4.544630256602139,1.6608515823584495,-4.467639596775278,-4.797702439150847,1.0290500108167326,-3.578615605632136,2.277231088564249,-5.663349514999032,1.5065222744221225,2.1452291508574475,-4.967552375808978,-4.511344809982072,0.8281692334342659,-1.0082590397132007,1.765062714415296,-1.277786787737617
0.102,5.931663267939466,-1.0701287115117983,-9.597676517783867,-1.7401006100438683,-2.038648693892295,1.3961137202630092,9.033529530289695,0.7198968419204956,-6.767051909345386,0.5707676228080663,0.2113579223533802,-4.814520605252481,-3.877510616114386,-1.5009547977414104,-0.2307458755226911,-2.865327334543628,0.1530537052326896,5.501550444698942,1.5336483762277335,-3.481816973189459,-2.8979820632686617,4.288120251587822,1.5130847134714271,-15.04222835045534,7.162265839413204,-0.1141718466217539,7.3566757867541135,-6.566846428680889,2.269761172984428,5.6161605817130695,3.814177502341453,-0.5900260323617329,-6.71652518620361,-1.399551860570894,-2.061103751490587,-3.735565086448043,1.6197224813680104,-3.443988314111242,1.0290210637008264,-2.2278417712542966,5.08145454455687,-7.38857145680105,-1.2924019664455275,6.259728501285364,3.982937018486936,-2.513212706726748,4.647439541892939,1.7015732070972915,-3.7201514198666303,-4.167258748773482,1.0607180503747375,-3.647464362512646,1.688213051668782,-6.00162229831463,1.5713411891833555,2.1332348897364173,-5.698038132667643,-4.873741332415253,1.7852325329922214,-0.7352323563243033,0.8012104108964428,-0.5825433461448801
0.104,5.21218500608728,-0.682783636146646,-9.29706237388193,-1.112159584391456,-0.8716869230889068,0.6386542580378283,8.7185777104899,0.0754973956929707,-6.552928293855436,0.9190771912116484,0.3958002973426547,-5.519160999654565,-3.59081762828376,-1.1932088943935657,0.2069466561066003,-2.6690957821153725,-0.8664068084234682,4.8293852223555565,0.9990131435590968,-2.820205228091102,-3.16171501079827,4.62969536355591,1.6255340444539523,-15.162109523392578,6.822917176252945,1.1988109912857752,9.368310425998605,-5.2498159656430605,1.682867473951182,5.780509929887093,4.123789429486449,-1.1004831834312756,-5.511787342989121,-1.0936673157949968,-1.7244170609387526,-3.7302946506829215,1.6705606273083315,-3.80563468724055,0.8674790192327858,-2.1777969678354743,6.133149525168925,-7.077774709816887,-0.4266073979069579,5.651843519023395,3.7422231345268138,-2.083632551401872,4.382517450419721,1.7591655477009112,-3.0536914882991266,-3.382557140821653,1.2307350038068987,-3.69124773132229,1.030494428174631,-6.680161538011792,1.61550833030341,1.9714612480762563,-6.190589897252119,-5.255026972037772,3.01718985266871,-0.6240904370022015,-0.3835603833866582,0.5543175184773735
0.106,4.47569526831031,-0.1279789272724547,-9.029502789060247,-0.6240374224599284,0.0880852321201574,-0.1979278912651335,8.338608026488506,-0.4958609424156168,-5.895509246127356,1.2268887175268144,0.2286972058100158,-5.970650280168983,-3.6640820511358343,-0.9400518631482054,0.7012399352395052,-2.469462495564156,-2.027766471234254,4.25432320691236,0.7115323917700047,-1.9373420492606372,-3.661007130349932,4.894732371358058,1.459190640155169,-15.302813224826798,6.667844666849718,2.249178718433517,11.141232498602518,-4.096435344103952,1.19442331355171,5.500238362516272,4.568266736812855,-1.6079579281416168,-4.081273194079447,-1.1419640865967082,-1.2611960866376408,-3.5392266647447443,1.7581497979574088,-4.069571609145567,0.8864254747311449,-1.7475379004311846,7.406181942795707,-6.356117332802631,0.4156602606623564,4.790614277164606,3.3074137550728016,-1.7374027667002188,3.850650059872839,1.849483788711178,-2.5136701744062817,-2.61056119692719,1.4694429844962114,-3.73716239615046,0.3214876324771436,-7.580578380742566,1.633512540660312,1.754463705304382,-6.444644329388382,-5.643157643161742,4.292409083060381,-0.6608837968518843,-1.5970796209127651,1.940483645443564
0.108,3.8967861312996095,0.4293013945851312,-8.739181317212806,-0.2705537908755319,0.7693814153728883,-0.9950896556751088,7.9103995126988496,-0.8711896965682296,-4.924757085715033,1.5012005060534563,-0.2026880666676655,-6.072462151824707,-4.070093588315929,-0.8661548641953775,1.2009261007713337,-2.304031963450345,-3.2922372536799798,3.866298740877947,0.7042221610319859,-0.9197869009168924,-4.285813189466439,5.06058259966736,1.041476230457903,-15.385418248642644,6.7239704241204725,2.877953119938629,12.245917849492558,-3.20908778457377,0.9443111171564902,4.877377309249945,5.118103337666251,-1.9940935044391397,-2.579168738719317,-1.4830681467584093,-0.7734079219605332,-3.243224848829188,1.8789100719807168,-4.272112115888801,1.0439301058034105,-0.9671491352170184,8.779270603163765,-5.355520805622402,1.0686246793567815,3.825263750455261,2.7349110192935995,-1.5212713347381208,3.193782023852129,1.9737781534704713,-2.131364968037892,-1.9914132252152572,1.6849314158411384,-3.805721312338365,-0.4136644398202145,-8.556262716576677,1.6380578123820095,1.5641699523834582,-6.52188872385724,-6.021846735782939,5.3797554924155655,-0.801845208311131,-2.6544292395014533,3.345692294941293
0.11,3.631218477573294,0.8352201519860404,-8.393812808919572,-0.024661266753252,1.1367579999840445,-1.6603410868674182,7.46848711097707,-0.942886715630008,-3.7897136341329296,1.735128404318358,-0.7779424977680286,-5.789884347869776,-4.693568928155045,-1.0469358143281065,1.633099406800765,-2.188520010842768,-4.5964521648639645,3.741783093331678,0.9674993337268504,0.1455260322788391,-4.932809246760911,5.130800028331861,0.4764518967346423,-15.320805061720787,6.958757329318984,2.997576592482637,12.372155807928548,-2.627585974670746,1.0228045942166848,4.087132323382855,5.70783189521266,-2.1794800957480915,-1.1553941434536112,-2.0267039071196478,-0.3625155761786927,-2.93797142360639,2.031667446261258,-4.471556001136785,1.2625537191326233,0.0412691643978283,10.099294875846187,-4.242159130752667,1.4067752904055888,2.9220867171345177,2.112415686796072,-1.450089959926216,2.564199819743848,2.1183739965240855,-1.922063529106888,-1.6101879104761128,1.7771887046370505,-3.906975749689813,-1.1433972556211272,-9.4630626954225,1.6558080297366524,1.4494136628572107,-6.511808615428821,-6.369527210253541,6.098679048748127,-0.9864668097148328,-3.4208931269458014,4.548400192109721
0.112,3.7693477422033417,0.9845186722431616,-7.993497308919752,0.155085431067788,1.1900549000371925,-2.136877333536974,7.061263271091498,-0.6471190469627504,-2.6338264917303964,1.91353222768715,-1.3798538026103466,-5.160006852972592,-5.358461355816154,-1.4953936438224402,1.9172067889983295,-2.111619415313577,-5.8576126059449045,3.921731816455332,1.4541336564179121,1.184438985761843,-5.530362934606289,5.133435210120353,-0.0824055133377258,-15.032074531551837,7.292859136975339,2.610260449703959,11.410338973611037,-2.3409645751651604,1.448386687365835,3.335859659867897,6.246928969783823,-2.1469686730622115,0.0794481794117384,-2.6731186106189138,-0.1093212574005299,-2.706603868301596,2.215994425398624,-4.733991081925516,1.4512093457177504,1.0878482067154964,11.216180660212975,-3.179661281800945,1.370837474806908,2.220806021292644,1.5427131711085686,-1.5034765267964512,2.090642486797197,2.2599849487856183,-1.8855415500682118,-1.4836375728838984,1.653091523947278,-4.041514265750959,-1.8323233875096805,-10.184123001785162,1.7199986020277458,1.4177645581290867,-6.495002565772806,-6.657606124897432,6.3541945932753245,-1.152942653689619,-3.844497307268793,5.377164181453432
0.114,4.305652427472388,0.8471068621511941,-7.573182945025862,0.3146031108693029,0.9584758030436984,-2.404145969470848,6.739357772231722,0.0156412299288544,-1.577491446086256,2.022702286520708,-1.9160864571855356,-4.284953691566941,-5.869576164649869,-2.168133769811131,1.9823674410862355,-2.0384776650138354,-6.978953768908339,4.3978657702777655,2.087998959470829,2.141025633699488,-6.052438180842281,5.11238960290009,-0.4731971290385874,-14.481827736099198,7.622606328692301,1.8084222608149367,9.489533909375517,-2.3087393974715416,2.1608821116147587,2.813896193917238,6.636273503248148,-1.9503165461279208,1.0759592764017811,-3.334801012199184,-0.0552445627525171,-2.5984650887853022,2.432083991951732,-5.117520881245002,1.5276187019774172,1.9588945241180864,12.017232960849704,-2.294035923574786,0.9774411931850944,1.7998411069588802,1.1224213480661875,-1.6320465824501957,1.852488250256004,2.374552986877921,-2.0068724284363215,-1.5686929998878647,1.2440285562399909,-4.204627632347811,-2.4440361581237635,-10.645692687935515,1.861403112738136,1.4402670764465275,-6.512494924600095,-6.854782056469964,6.153192065069117,-1.2530065737906215,-3.965805131928725,5.739943464947904
0.116,5.135014945637111,0.4724845051976163,-7.192937812571897,0.4965499069411087,0.4914954604762734,-2.46918408175314,6.544060261690037,0.9739075985288628,-0.7076767720772901,2.05753406715666,-2.340636288652145,-3.312552776312256,-6.058338035367086,-2.982679437442229,1.787498295891977,-1.9217098617452744,-7.861564588077055,5.1083083083385326,2.7768937538623417,2.9767259534702104,-6.516816672218678,5.114580105213915,-0.5704687777775005,-13.695778903690712,7.847361417315768,0.7565683790575178,6.958534202052436,-2.4815636192246706,3.032883448708458,2.6556468492532592,6.790564578474948,-1.7029286879229362,1.846851754907188,-3.949080775506151,-0.1956742965924474,-2.617718878879519,2.677675844842439,-5.658614539510411,1.4376460025194924,2.468936530947032,12.4530847798107,-1.6515589851502968,0.3085325244903756,1.6555246479164336,0.920741797145573,-1.7719886702216279,1.8662267180552736,2.445566106641352,-2.2579255300218013,-1.7808082708524695,0.5213682686035808,-4.393169315120213,-2.946176061858897,-10.822606910261928,2.097596537719076,1.4676335061093209,-6.550867796805323,-6.93470494833879,5.600165525616808,-1.26196148006454,-3.9049099880624016,5.633837060713805
0.118,6.072978333131259,-0.0311054679853509,-6.922297852247774,0.7358295686026565,-0.1490613139003237,-2.354037631893432,6.497548233061046,2.0953973868853466,-0.0740855702421572,2.026719822918816,-2.665700222114789,-2.405379447694782,-5.825220718711175,-3.845033649463671,1.337868329969486,-1.717885779598225,-8.420898944843568,5.947515093931586,3.426515193497092,3.667841591217442,-6.971366422810401,5.17315575534981,-0.3195679600461727,-12.767190509398386,7.89301217241811,-0.3377655525280583,4.314028181779623,-2.8113957011484088,3.8972447899344393,2.91535074504919,6.658482649078612,-1.546695489397908,2.447259125163193,-4.480382111797233,-0.4806497991152634,-2.72336951170802,2.9450301376906203,-6.362112859341397,1.168811413037667,2.5096383634673627,12.54837748652267,-1.252789449107476,-0.5080763722255637,1.7060437365131127,0.9620009264032178,-1.8639941537639575,2.0908898386484296,2.469832772398487,-2.600494597397395,-2.020454778348922,-0.4948422038523758,-4.609909625607533,-3.315500605929474,-10.734622738029772,2.426577133464824,1.4496581601640572,-6.548011035492418,-6.882452857713263,4.868475784276047,-1.1817698627930184,-3.8281766587846766,5.137468290338638
0.12,6.899268822986501,-0.5338923829810138,-6.82510354678893,1.0516351550466658,-0.8960392428310116,-2.0876710277279145,6.596989239836008,3.211411352269081,0.3057809237099034,1.9532395201052857,-2.9491755964234,-1.708680346531821,-5.164797466952749,-4.678881726565391,0.6897141497994127,-1.403363055065691,-8.600685939170027,6.787506823417764,3.9550348339162387,4.200497588080584,-7.4708613416189555,5.292749861939286,0.2489787361647508,-11.840820057472289,7.726892138848697,-1.2596129925547257,2.0937223069546333,-3.256830187803464,4.583858135550177,3.560132486648672,6.237411403241892,-1.6129942673570576,2.946501101001021,-4.917664970852944,-0.8256531380201395,-2.8445592680731826,3.2200295524375218,-7.195635897162849,0.7504631619210572,2.0812320934734925,12.39289986697375,-1.0434505279808313,-1.3190885147202502,1.8184957197172609,1.2196440715958188,-1.8717740332414592,2.445464852178815,2.458773061863394,-2.9904476562160576,-2.20378024815203,-1.7350893539247714,-4.864307335483602,-3.540954639453167,-10.435495389684515,2.826181086652395,1.3524859638053286,-6.414589282034752,-6.701544141696358,4.1594413873311495,-1.0390178900106113,-3.9027137392938593,4.38779704069308
0.122,7.4120982339913315,-0.9269260538948232,-6.945395221791608,1.4443951010449496,-1.6832205942279823,-1.7024179426897064,6.812347824416569,4.154125980531906,0.4402195063056093,1.868030170841222,-3.258037633537408,-1.3216186304969015,-4.167748456062538,-5.443513766059694,-0.0547346336694552,-0.9849210268161148,-8.385698860101316,7.501977899638412,4.305424535425374,4.5662905034352255,-8.050546615132747,5.445084262268986,1.0283263540528595,-11.088297576624601,7.363736921456227,-1.8265887381109185,0.7611510433256825,-3.7818812511860713,4.957997989093941,4.481569290563011,5.578402740409199,-1.9836983953058536,3.3989105123321672,-5.263113565379123,-1.1316878540595836,-2.90245733373849,3.482033819198788,-8.093046626141382,0.2448498701596898,1.2973543753706749,12.114242647905373,-0.9372492777276488,-1.9700093830331304,1.847906780183331,1.6213153135366454,-1.7951540545697169,2.830838663041713,2.4350351441099956,-3.3826669885411134,-2.2849773948425245,-3.087604502607729,-5.167758264249885,-3.625424526672208,-9.996987802887435,3.2595079495802706,1.1704470746966804,-6.065326542932377,-6.413676711761247,3.657541064919447,-0.8759698682875182,-4.248125313079597,3.5476326152431
0.124,7.480947917919043,-1.1559101800772345,-7.295177622397976,1.8965068539738,-2.4474143403466675,-1.234996043763998,7.092174790679417,4.794886900459346,0.355548802414521,1.80564239162578,-3.638908842397678,-1.2786598240685612,-3.000172224927638,-6.1386773015663705,-0.7640809869067948,-0.5019505211695311,-7.811079088096127,7.991865796184692,4.453127521444147,4.762362614619247,-8.708743705237339,5.575104578445557,1.8648574288226425,-10.67459655098532,6.861202131267935,-1.9228822912880803,0.6046027219177883,-4.349847565497337,4.950145606850809,5.523906658577709,4.779439916716095,-2.662361026782442,3.821615583310769,-5.517240163764099,-1.3053207233235835,-2.834471428305617,3.707104394428549,-8.966344181452918,-0.2676620571593183,0.3625112701246887,11.84295865546764,-0.8442712838555217,-2.3326600743191843,1.6814588366876553,2.061187742277753,-1.6724278952848137,3.1582547906944463,2.4237804927788735,-3.7355355680607056,-2.2648083251178903,-4.41495172592392,-5.525070393500757,-3.5848159193558553,-9.495352103814495,3.684299966879765,0.9262337807511316,-5.45102545190972,-6.056492969548088,3.491768237885434,-0.7382683096678413,-4.89942674720688,2.772906788321541
0.126,7.082454336955004,-1.2370688847943372,-7.851528196771955,2.3730716487199848,-3.1292266575624,-0.7306007979585593,7.375113125200057,5.072433171098268,0.0880038970398714,1.7992605483282595,-4.094028694668398,-1.545278469279928,-1.8655532910918065,-6.799166421582815,-1.3043350468896462,-0.0209284497741019,-6.960459751522212,8.207516839045644,4.406966102023247,4.793994856001711,-9.401951095209265,5.616177166190069,2.5982910350052197,-10.719947143401797,6.306089404632512,-1.517210889083658,1.6756473774929688,-4.917087325291424,4.5687630917212845,6.516529969125301,3.9695393496048426,-3.5665612527517743,4.187605318476881,-5.672905805085551,-1.2780279576076217,-2.613591824821406,3.8722351770550807,-9.721116032766462,-0.7093835589866386,-0.4755740254237992,11.67837860373639,-0.6972598051712936,-2.325005121433471,1.277235689269179,2.4212577895252654,-1.570718644928208,3.3721916524281186,2.4409781759044016,-4.014498554857333,-2.1849628233627367,-5.575641461049576,-5.92588827245896,-3.4443958837752895,-9.000961105491408,4.063258915486185,0.6597472125208808,-4.578666170005301,-5.678189482666654,3.711604411728199,-0.6639562936025065,-5.79306343769244,2.1852569373192265
0.128,6.3081453428165135,-1.2487597075733,-8.561207968998263,2.824349327199481,-3.674040297140896,-0.2439678007668441,7.603245654069272,5.004799584324362,-0.322674200490476,1.8730753889835323,-4.563039609943716,-2.027980828954444,-0.9599613782622392,-7.47363839430613,-1.5668927722633652,0.3786733549571709,-5.956083179811509,8.15780661314977,4.206383139246558,4.680315678346737,-10.051301570676744,5.511304280412402,3.1054964231283817,-11.270495106763407,5.795411900921128,-0.6660436607000692,3.782975917906741,-5.429573158157045,3.8961432217476735,7.306048771697815,3.28593252626799,-4.541800639317137,4.437043070706736,-5.713022377054226,-1.0198399725516536,-2.2576635244888075,3.9593414869031727,-10.277477782307136,-1.0248616681461895,-0.9853637065012164,11.663773913783192,-0.4707608869424592,-1.9168457248566448,0.6828827162095156,2.5988850501531533,-1.5678559971968307,3.464722224750573,2.4848668778235634,-4.194557059347765,-2.111640387286508,-6.448177365539366,-6.337960947721031,-3.2344051649919665,-8.57088037169026,4.372379702334295,0.4124869867670653,-3.516605863892918,-5.327096780818668,4.282814756075124,-0.6751576291246695,-6.777900640298387,1.8543714807926663
0.13,5.339304517522532,-1.3030757429282216,-9.346499460356789,3.1929875265444885,-4.033912972071724,0.16359234537648,7.73357133350104,4.679912983312006,-0.8371667872213908,2.037188285566492,-4.92837234839273,-2.5974841982833845,-0.4301972755130039,-8.199271063656028,-1.4932620721200316,0.623871840167679,-4.935657789934427,7.907018207734107,3.914506854039373,4.46009403314055,-10.560900667591826,5.230748119818623,3.3328446747977423,-12.283607576693976,5.417855616634075,0.4967647439007056,6.536617765913111,-5.8277741160005965,3.0683149965615835,7.78189366476011,2.847394553480296,-5.395577606922179,4.502997467433159,-5.617364471410003,-0.5407904649498425,-1.8270117369434429,3.9610024282895,-10.586167622668164,-1.1952149220663402,-1.007250127084888,11.777215705464249,-0.1874435235478174,-1.1334542518093549,0.0288578412667007,2.5301637606637746,-1.7301275287326026,3.4754637129199937,2.532353987726883,-4.262342910838635,-2.114916743303686,-6.953505348331287,-6.70694498665474,-2.9842987652793065,-8.246591284005508,4.604778643989532,0.2111722033073457,-2.3835391933221395,-5.040483456323537,5.099931381202861,-0.7730594746046858,-7.649916304090188,1.7941379368097643
0.132,4.400671272589283,-1.5059491211577372,-10.115831584766529,3.425293627125336,-4.173096672993514,0.4314905128375694,7.744532346223569,4.228114295022445,-1.4186393356511526,2.284287266087613,-5.042220440111907,-3.118273624448612,-0.3428086792967239,-8.983830148701063,-1.0881881255486918,0.6658925765365767,-4.0255753730068085,7.561893020428285,3.60599089091499,4.188957388528138,-10.844298325136249,4.783570582936084,3.307639371720489,-13.631190357778435,5.237487702236842,1.7839834032442292,9.43648544057036,-6.056693730908162,2.2420007974374587,7.890504499455421,2.7330661354185417,-5.946730709852064,4.340418957879432,-5.377183001588019,0.1121472926200808,-1.4111280925506289,3.881455308769078,-10.64005736952238,-1.2437693319145169,-0.4922063916884893,11.942164878793164,0.0905186702920666,-0.0522596247584811,-0.5007009422650954,2.202004818108598,-2.091369287220593,3.478350603978797,2.542037101262027,-4.217738746076275,-2.2529029420309503,-7.070645736823696,-6.964388377901017,-2.7172068316538134,-8.055815714763517,4.769872154241452,0.054905101112806,-1.3233920000843913,-4.83787284465601,6.01410318696961,-0.939489224889042,-8.202072032632332,1.970229401036229
0.134,3.707188093039152,-1.9189563089166668,-10.772652331469637,3.476501595693828,-4.074220016873641,0.5132620551034057,7.63874737979446,3.7857620894080712,-2.035250699406979,2.5890196238740635,-4.768626410012415,-3.47777910903596,-0.6752266516806538,-9.7933910058137,-0.4194967079281321,0.4922181290714186,-3.319463941211327,7.246191717987022,3.351799597986294,3.930305057479334,-10.84951871920251,4.218520898326896,3.12592139335644,-15.117681893565544,5.282024556977384,2.989384688096673,11.984164414691351,-6.077588595459318,1.5589744515231645,7.635286278635931,2.9694385416925617,-6.073788781964145,3.9523103553665,-5.005389083113642,0.8646366907353509,-1.1046407858357916,3.736535486861861,-10.477933054150755,-1.2305700945442626,0.4872593787125917,12.053188708588207,0.2778236773882624,1.2099471519448048,-0.7113087256373911,1.6526985936641778,-2.638620060000328,3.559889583368559,2.4634535205357095,-4.075244231194053,-2.547921756576361,-6.8402147638467365,-7.043012625608292,-2.446725505186926,-8.013307660430408,4.886056256679099,-0.0876246862858369,-0.474034483624685,-4.716020706993723,6.871650595739936,-1.142793644923788,-8.27678161259913,2.317094995441233
0.136,3.4104410697746754,-2.5290317014949517,-11.226257539303187,3.3191634469532376,-3.7451696741595226,0.3895046971876778,7.440896247360143,3.457805243485353,-2.6613305139839003,2.9112606547908766,-4.021568310629572,-3.609193275711561,-1.326491343832124,-10.554599046366558,0.3948701773542351,0.1291384757342768,-2.861019005348995,7.076717462926498,3.2074520816996954,3.745838882482491,-10.576829980072072,3.6127422640907225,2.9212614060694366,-16.51263364919937,5.539148781784753,3.9241621645705114,13.789257288105832,-5.877962476179207,1.11516163231942,7.067069976397461,3.5258628337792555,-5.751213976750613,3.398740132777247,-4.545650377354815,1.6331679808709567,-0.9831162024680586,3.55248423684746,-10.177591239491663,-1.2375883884963532,1.755735082939797,12.008020665488274,0.2885516281621902,2.510149260913656,-0.4527104981500447,0.9625948724530448,-3.3091245134378253,3.789265490261961,2.2532647642433106,-3.8621018782026977,-2.977147300930563,-6.355348855323351,-6.896245506134989,-2.1750840923270416,-8.122292305677952,4.968258377198603,-0.2723322401055835,0.0606423360756181,-4.650554638909078,7.548826361262305,-1.345494538235492,-7.808941521555843,2.758602364722029
0.138,3.5630129005121165,-3.241945710530404,-11.402792932581788,2.948526727549078,-3.223708490697196,0.0762944528521886,7.19003596609245,3.2913178337100133,-3.2771190774540035,3.2005199857737874,-2.7995657836743715,-3.5027273077421017,-2.1423161404446045,-11.168409330838715,1.2153335209962002,-0.3648561808107651,-2.639762559023194,7.137969903243039,3.2046042149547245,3.6793896136155135,-10.081639107003904,3.052000968841869,2.8239942435335315,-17.59145206945314,5.959634029346801,4.44799654697071,14.643901415062333,-5.47792929510705,0.9418959653073086,6.266109088713705,4.321960352455275,-5.063113698926776,2.786046311424134,-4.072602589270897,2.3396978850380417,-1.083916827863408,3.358693786930889,-9.84100765485175,-1.3467725561340806,3.0785367628616407,11.738524254301506,0.0573867987411244,3.696473712529287,0.3343565626873387,0.2357980523518723,-4.003062218489143,4.19504358633882,1.8894294285489455,-3.614172149193286,-3.4848329120734958,-5.743407173414777,-6.515673685537661,-1.8954268722060355,-8.377679623594243,5.018530301626403,-0.5613338032180186,0.2300965020302297,-4.602852414627742,7.97651407297676,-1.5134785489315907,-6.844310933070815,3.2262299015395164
0.14,4.104781530290311,-3.907507298243146,-11.253289909563495,2.383492806254541,-2.5778325264403588,-0.3734121291242236,6.928609126838689,3.2665757879655044,-3.867555809822216,3.405418163046776,-1.2017224356093603,-3.2044334040753006,-2.9509092040844016,-11.532716025199823,1.9127097977086287,-0.9129660063069276,-2.603475124486131,7.463912260740037,3.346037886973754,3.74094669378695,-9.463281525666751,2.6068420653701487,2.92303891302548,-18.174087817236753,6.467647583131973,4.492971177215575,14.551865709650894,-4.928936156745724,1.0050080678677948,5.32308393908579,5.241969161368426,-4.184084082890126,2.241172391599857,-3.680573432871253,2.9215668401611423,-1.3943835671798226,3.181204535945928,-9.575606926032687,-1.6168826470971065,4.218925673456494,11.230440234715877,-0.4457736650431425,4.627490652721735,1.5950192974047022,-0.4239533864047934,-4.608640090612225,4.754788669891721,1.381156912659355,-3.3718313721471036,-3.99711225373934,-5.140457386827586,-5.942871105545503,-1.596445938900968,-8.766414466219588,5.021857742384287,-1.0021152559958448,0.042322485794813,-4.529410063997505,8.15333806368712,-1.6233439531838243,-5.530549406339758,3.674019135214476
0.142,4.883153843061329,-4.35827372920638,-10.761302347965458,1.6632463920213871,-1.90038952596056,-0.8789332969755137,6.693663372871214,3.309233972004884,-4.420210005184599,3.4846779490464304,0.5791108842249357,-2.804060062549885,-3.5996670254445817,-11.571188671364844,2.397091623526985,-1.4386471850980107,-2.677418064600533,8.031635837022291,3.605878634672115,3.897660437885656,-8.842151898229245,2.3134802145316256,3.2393576321567825,-18.15306347143511,6.97488379999857,4.076425273101629,13.70908054585636,-4.3078502321130605,1.2185460120348637,4.326656852604027,6.15465658338942,-3.3378986774289348,1.8754939468189376,-3.462406867549526,3.336728358337069,-1.8536125301277384,3.0393728355876064,-9.474014451422546,-2.062771767068722,4.993704844264659,10.527263401544714,-1.2063643873340626,5.196477823699047,3.161603432974415,-0.935443683094471,-5.0313119483010516,5.384482447813048,0.7741832786202107,-3.1750656646256905,-4.442841077112263,-4.663728292741739,-5.271050450343834,-1.2664768338728822,-9.268585414361084,4.947952574339222,-1.6098359543560603,-0.4418628103292505,-4.393428100527653,8.140182802810967,-1.6650397019391754,-4.08471206112269,4.085723081858514
0.144,5.694745503668526,-4.4547746067969,-9.948896386635584,0.840337722774188,-1.2947755429367822,-1.3486427786778674,6.510347982103483,3.3203692440807258,-4.922634397088938,3.412339863827622,2.288260643831055,-2.4122779940748518,-3.9845995963898,-11.255254499448874,2.638333991216905,-1.8826579115311064,-2.7890524635789267,8.766569138511565,3.937410315844599,4.073351695934136,-8.330557083607932,2.1631112225054787,3.7213522359119167,-17.509738323752536,7.396865894389788,3.295440706522675,12.4423593624169,-3.706148531806555,1.471236434590644,3.3540519022139788,6.933805465974066,-2.742126236589036,1.7479662063554722,-3.485020350562774,3.56203726529842,-2.364783922080583,2.940118969354951,-9.598829962495191,-2.64398461595401,5.310752621066435,9.715995183785797,-2.16610840194796,5.348720402694797,4.781523849557547,-1.2541369504582474,-5.219654325363059,5.953465488872515,0.147344059807077,-3.0575556782750475,-4.772290492583968,-4.390035174365764,-4.633934752278965,-0.8978579253254217,-9.858017151513984,4.761179664868072,-2.3560433670108654,-1.1235618173350206,-4.1717509300131566,8.039768260204797,-1.644176149139866,-2.7420752316378256,4.470037286508716
0.146,6.331340435310351,-4.130234299067708,-8.8793158896797,-0.0275007926531804,-0.8576877444747093,-1.6999334588989654,6.389443928107591,3.212124140019398,-5.357562348995418,3.1829088656370823,3.659309343808043,-2.1354039131293745,-4.067800386180634,-10.61538738266942,2.6702127317673128,-2.2155423220000485,-2.888891738281536,9.559741185321627,4.28489990793658,4.162955296298293,-8.007066834596174,2.107170870509014,4.261443624160703,-16.314517887961564,7.669735845822755,2.303178633462455,11.121733390446623,-3.212982868379504,1.6593053637778503,2.468553170039167,7.475462448556573,-2.5514575059929068,1.8417888241217903,-3.772634233031357,3.5909175054421345,-2.817377934673632,2.8767555275954453,-9.972014995442771,-3.265171757868337,5.18338055306825,8.900435969324777,-3.235387400657572,5.085193041983529,6.16901924845723,-1.37663276500964,-5.183241703923701,6.320017254471871,-0.40150417874897004,-3.042016576158256,-4.968829242892333,-4.343177925472447,-4.181589679239772,-0.4919569825149005,-10.5031565451628,4.434948563169845,-3.1692265915525963,-1.884307067058857,-3.859081706702783,7.96879933745937,-1.5782008015790687,-1.7022953499910762,4.852303248494865
0.148,6.632564373232587,-3.414922837140007,-7.653660008637061,-0.8850331126472476,-0.6606825142697293,-1.8795567756753384,6.328879175061116,2.9409033453704634,-5.700447326347525,2.8128457096212003,4.468937244480567,-2.0535399863899744,-3.877256300505717,-9.74026985455209,2.57830298453565,-2.4405095746904832,-2.9557699568523748,10.29113465381516,4.595514071755858,4.055426951466628,-7.898433690498646,2.074305292674493,4.72747411459911,-14.707364321993307,7.762070713312354,1.2787901092613323,10.069201861997476,-2.9031881608387486,1.7125332353324507,1.7229977639471905,7.708192495092364,-2.814177937474771,2.058938790607616,-4.297975340999854,3.431353240165489,-3.1153561024399754,2.834096929918552,-10.571731242809696,-3.7899377171891673,4.71811976750528,8.171988779825144,-4.308345182033984,4.459571182979915,7.068604144738872,-1.3341653744560753,-4.994875603763641,6.364626968394221,-0.776637585137574,-3.1358381786219027,-5.053503817489498,-4.491405107250264,-4.048432615342283,-0.06047805331839973,-11.16787554053868,3.9658375547793008,-3.947316964481464,-2.6065305836481825,-3.4683268298515078,8.027943216750705,-1.4910718681888495,-1.0850892069180782,5.259519558310774
0.15,6.519826717286136,-2.435709711173206,-6.401604631157183,-1.6863189336184832,-0.7335301558428944,-1.875271607029238,6.31756140456618,2.5266159935926624,-5.920323380700682,2.3363621442365523,4.589174349354773,-2.2038070471158813,-3.492045308951805,-8.761125118252803,2.4762358134326994,-2.588741103511805,-2.9994056607164654,10.854966603885494,4.830259869950352,3.659467729109825,-7.973835873336407,1.9941342024381552,5.001374290792551,-12.8685076519306,7.680992291335066,0.3931020616900634,9.489379566291149,-2.8309553542940407,1.6104114595140924,1.162436009031282,7.59939805152648,-3.4577365552341552,2.243992679302296,-4.982483599496375,3.100893840591478,-3.198927431312658,2.7951394371016915,-11.337957920259573,-4.06683034057651,4.079369296552568,7.582839277747185,-5.280510335871489,3.574993113083412,7.31189646611586,-1.177641068334191,-4.775689490869562,6.01839240117098,-0.9040539746616137,-3.3297617856312893,-5.077421470832362,-4.7597997665093255,-4.321708643016171,0.3755902195717893,-11.81101164901306,3.3844967249971414,-4.5787576405462245,-3.188896345214568,-3.0253936668672985,8.27646441338696,-1.4072870579367815,-0.9075729265794004,5.704050023099932
0.152,6.009342385411572,-1.3861981202265206,-5.265833050132589,-2.399822659579849,-1.0556535717674704,-1.7158915254156586,6.340225292698712,2.0505759918040174,-5.9822340738391615,1.8004987483387778,4.0186165548751465,-2.5743446470097617,-3.0175270616809704,-7.826678032561782,2.4732397891911817,-2.7079474452937773,-3.0511245814903605,11.1836847669466,4.9713034231275,2.928020055154983,-8.15704457770406,1.8232183290587736,5.01275156691124,-10.987733119650045,7.471635028278812,-0.2232498713887824,9.4341767750896,-3.022517289110941,1.3835285899924268,0.8262290584124897,7.157598354663098,-4.30794820006265,2.222380983354354,-5.712556637161041,2.6260426808413246,-3.0578546119381538,2.7487996170543534,-12.18581827048458,-3.961441678865813,3.4440161088651173,7.13187615025786,-6.066600761325909,2.568959236234515,6.856295889388614,-0.9590022424076556,-4.66668715165229,5.289046484022092,-0.7474343337778242,-3.600021392768676,-5.105736398254461,-5.049855529483399,-5.01518282327879,0.7884076068104988,-12.386561849120024,2.759466266029198,-4.967831965644175,-3.555190454673702,-2.5636600386634503,8.717964179253261,-1.3464805258764756,-1.086254822553495,6.176085530803946
0.154,5.205151899300198,-0.4791189092068751,-4.38171216723604,-3.0106647670680746,-1.5602202555617009,-1.4616860603415536,6.382816751091511,1.6353994665350766,-5.853070843333879,1.2548477061995764,2.8868693618032237,-3.10971610965567,-2.55729230411367,-7.071778135743315,2.642089745908995,-2.84581810631079,-3.141937236922387,11.26164701018457,5.024142797061715,1.8734871924085887,-8.347543628190756,1.5649213811574505,4.755794042201031,-9.23389109536215,7.209021965165077,-0.5049817290326427,9.809545171225237,-3.4768817832997803,1.100984432884495,0.7461350286135042,6.427034119480256,-5.13817142661057,1.8456616667553012,-6.364813655866414,2.044362123923958,-2.734462534957778,2.695109634253945,-13.02098581320166,-3.388320214194068,2.958506928614251,6.766825111676105,-6.612017185583076,1.5855443856819549,5.799974513986915,-0.7132642761988758,-4.792767763023001,4.275409049902931,-0.31845230310374617,-3.912214618656166,-5.197201580576881,-5.260816736250423,-6.056593256920075,1.1471936423779132,-12.844810255167603,2.188191567904374,-5.058439171292696,-3.659505118297785,-2.114956139439772,9.300502137497682,-1.3190278080119957,-1.4628647461159676,6.641997106769648
0.156,4.267065657359793,0.1067351070093806,-3.855774864839993,-3.518075582240685,-2.146877101126169,-1.1838782524995457,6.43391113039851,1.408374278290487,-5.509735790042744,0.7437458887486312,1.4332401120761025,-3.7250581680507056,-2.187966569225928,-6.588652442375992,2.9984246235675265,-3.0338579502523477,-3.2854740445087574,11.126127724392608,5.013109101496432,0.5697480697864629,-8.443287645758259,1.274352592958172,4.290176191090652,-7.730036727942343,6.984510269808266,-0.4637914538790331,10.417840976424053,-4.171563176874459,0.8499571770023245,0.9376809138707176,5.480855754534856,-5.732452807370057,1.0347818726903617,-6.829375146071394,1.4066513068226485,-2.3122397012604825,2.6486531741098287,-13.75458936768142,-2.3333051789656,2.706890797325161,6.400804382503965,-6.898748253861175,0.7447132652080567,4.36437107289377,-0.4493689494335252,-5.226309367782053,3.156694524384098,0.3233102377998275,-4.226648430637781,-5.387665503717443,-5.311597058825095,-7.2934316978219424,1.4229170346619902,-13.133734608404692,1.7782975925833415,-4.847276367130577,-3.4876542948103846,-1.7023139938857204,9.928752106585923,-1.3241082970483462,-1.850282756669109,7.050840997121121
0.158,3.360568769603377,0.2702779379530159,-3.745559803524174,-3.92809507997169,-2.7022807872080974,-0.946663734076012,6.484838472253827,1.4625403856626942,-4.949288033928446,0.3030426189884295,-0.0417202788617366,-4.324180045838895,-1.9441118150081365,-6.4114183617610925,3.493569787549012,-3.277060876691801,-3.4658605571950534,10.859673556641,4.972649969314743,-0.8611029066232421,-8.365024434574039,1.0501629515357571,3.7216887585952527,-6.542755320965153,6.888177258260153,-0.1844848850332452,11.019959502763149,-5.068589714659912,0.7116198236105706,1.3909906376427883,4.41328555583172,-5.9461061642600495,-0.1916272649950983,-7.031452800659441,0.777119270976161,-1.8938200435464585,2.6357674902592696,-14.316308584770647,-0.8639981973990252,2.696631273841527,5.939964285175384,-6.945633316375853,0.1251721080990538,2.849134573997022,-0.1513883130243651,-5.961671768244612,2.1553555529803323,1.0827793517761592,-4.504379647058405,-5.679685583712222,-5.156857255994693,-8.516529323573256,1.591721007787833,-13.206546356449762,1.6248798007654186,-4.385732112149264,-3.0577318656730634,-1.3378603700605731,10.487171948518402,-1.3524889364465855,-2.08285054157556,7.34834128285118
0.16,2.610962663385898,0.0145897138177028,-4.048122900164123,-4.250852064169615,-3.125892326435808,-0.79306829087934,6.528936417093057,1.826399463467681,-4.196158732792501,-0.0437001462849423,-1.2384482731645066,-4.817887345644868,-1.8134891086217375,-6.513726275022434,4.025658281581394,-3.5514194816898983,-3.6312021931309215,10.567099957350848,4.937057604047246,-2.274377457861467,-8.072397280400498,1.0103351580688826,3.168437442982937,-5.686433830693055,6.989688163867664,0.195106493541921,11.405319351855944,-6.121346526926173,0.7408326086115301,2.062377380241597,3.330368070968056,-5.748225028124493,-1.7151448034070136,-6.946107647540705,0.2300320126066602,-1.5772256879113444,2.68599055753841,-14.66321827490947,0.8762486750424827,2.8665105226055614,5.313410053460537,-6.803266227347675,-0.2446439067386423,1.5705601818788877,0.2121046397803939,-6.910105875824433,1.4922597419639494,1.8483928035564856,-4.712989690543875,-6.042446136148112,-4.790949652722306,-9.499092228584573,1.6393587055388625,-13.03008105163165,1.786753959203343,-3.770604966087798,-2.419147858493798,-1.0221929506483023,10.869983392228203,-1.3892057951054833,-2.0577891046761567,7.4929275019981265
0.162,2.0818353106998826,-0.554398749984147,-4.700087219676378,-4.498240444556099,-3.3504069325648698,-0.7366511470370976,6.559342438215499,2.4493695933435378,-3.306422198756296,-0.2873522469200579,-1.9168581656089447,-5.140776951505635,-1.7468850476715547,-6.817208873500718,4.467502618173076,-3.8093861259447848,-3.700791092517283,10.349612345774052,4.931048140411276,-3.532437063678488,-7.5686032117910305,1.258533158632312,2.72710631667315,-5.1384033950733095,7.323620926554196,0.517601483311405,11.446387786496173,-7.276498955080336,0.9568317230734538,2.869930494780544,2.343086934949136,-5.234702573204047,-3.343387301345551,-6.600372683288913,-0.1562770831804668,-1.434503490607117,2.8229169561067,-14.781742034979754,2.692210368213941,3.1135102005523145,4.497771796394565,-6.544351492334056,-0.3888978333639868,0.7933039796381671,0.6721468895220891,-7.91407097221574,1.331222435099278,2.5120002654244695,-4.832842531286083,-6.420597185704279,-4.242810774662242,-10.042227627102523,1.5647977864096898,-12.591899397092746,2.2706237496211523,-3.123779585233602,-1.6501835971510992,-0.7476524284375538,11.005667765423294,-1.4175079437617373,-1.7589305120076009,7.469029078495863
0.164,1.772755805203021,-1.2577090345149005,-5.586790154647608,-4.68158225230667,-3.3537077859349926,-0.7650014287888968,6.5651816834189365,3.2079933618984247,-2.366882442832855,-0.4307236550321558,-1.944500933183381,-5.2612092554047525,-1.6780872887017435,-7.212913605735959,4.699521613882673,-3.991129965348248,-3.578131498903682,10.283488441385929,4.963514195258541,-4.531513010762635,-6.893904340139657,1.852721792535326,2.4475776408653998,-4.859062912096663,7.881460836941491,0.6410730078852286,11.123772556356087,-8.474684979423724,1.3434875443889538,3.6998593014026855,1.556980368079276,-4.603887371858574,-4.851086152890318,-6.066029378453643,-0.3138280520456322,-1.498106111766802,3.053022268640828,-14.68533424555355,4.370926242402415,3.3249061026323483,3.526835322295859,-6.249461386532347,-0.3729738871560068,0.6765407979801229,1.2417021467972802,-8.777611769600943,1.7338092919452563,2.988997813370121,-4.859440120670264,-6.749321042385424,-3.5654771812888613,-10.016889712143636,1.3801436715334587,-11.909501239055722,3.0271213285780623,-2.568283659519509,-0.853590321315959,-0.5045075374173201,10.873076567555184,-1.4245799049128711,-1.2581213328569536,7.293649900419721
0.166,1.6274859954194534,-1.8914475323390896,-6.5607181688013965,-4.810806293677909,-3.1619216953159768,-0.8506946103689933,6.531776665589808,3.936576523822535,-1.485143371809757,-0.4867432736658023,-1.3236280258083368,-5.183724418930312,-1.544239382091978,-7.588452589106327,4.641801752481151,-4.041425663229696,-3.172378897536611,10.402282397839294,5.0260109004931826,-5.218404286891809,-6.110487332008401,2.78340882237883,2.321384098597963,-4.812170188066219,8.611398633722409,0.4692997723411646,10.518493768271776,-9.649582963016645,1.85624876425646,4.423485601497572,1.0611352999608463,-4.10534730156111,-6.030819528304812,-5.442577224907623,-0.2064450498528957,-1.7541183275191872,3.3581178433933987,-14.408640035263824,5.719673091135972,3.40601165263517,2.486496294399441,-5.994952597203095,-0.2835374143294817,1.243698949239501,1.902455768112871,-9.309617142431279,2.639627008446399,3.2337244526374027,-4.802602064964725,-6.972694045582141,-2.8230599847781206,-9.392225286354051,1.1095397814782606,-11.03536143724149,3.9590862263427016,-2.2042662712540277,-0.1453986709437132,-0.2848236922036159,10.50247823137748,-1.4036050104565545,-0.6935300056098943,7.013199945074537
0.168,1.560522874158281,-2.2824611592461594,-7.470417501911857,-4.894680737781309,-2.8393194148151264,-0.9646470147789724,6.443026110091681,4.471114354150986,-0.7757257969892142,-0.4751160306584925,-0.1954775816644744,-4.944184972368501,-1.305478422651892,-7.853354655831486,4.272382782770366,-3.9246526291414296,-2.4248338642046083,10.69049962202921,5.0966885086808595,-5.595430171138974,-5.286459714947442,3.966728849122521,2.289096572852384,-4.977201810952162,9.42714137288738,-0.0285458954704295,9.776072676812165,-10.72403021310842,2.4370233812135425,4.918000828589007,0.916424337711483,-3.973575599342176,-6.746181094484569,-4.834521053919374,0.1542808069057513,-2.1465626424546294,3.695716108145367,-14.002067335283805,6.6010277846825245,3.30269708305703,1.4963282457403173,-5.84380194778247,-0.2058089211730228,2.37714457904421,2.6018508831082614,-9.369327916987103,3.866910293537416,3.2440048818635505,-4.684510132106512,-7.058643403486317,-2.077014624850617,-8.246505606942902,0.7875676228081752,-10.05478747841008,4.9435203152002725,-2.091962894738815,0.3599726946166969,-0.0865798053767438,9.965534259003196,-1.3555023493939755,-0.2331282516587096,6.691452222600676
0.17,1.4972512370629,-2.328948134048632,-8.19039006706576,-4.940078410246022,-2.467119122865255,-1.0905777702379065,6.285910752764138,4.692794993843903,-0.3431478722201804,-0.4180494887294648,1.1931356357341338,-4.599149454612545,-0.9572397895891726,-7.958194557165012,3.629867296851935,-3.6349301961102944,-1.3251661495023324,11.090800516172504,5.147895460941923,-5.70956321688417,-4.480672930802104,5.254663134073346,2.267127539877585,-5.355197820632899,10.22303367685245,-0.8115021744639721,9.05682067896586,-11.611765211809844,3.029508569127312,5.09471983904194,1.143651791453708,-4.363523220077772,-6.96540193106948,-4.331539065772609,0.7029554920234778,-2.5922676397028788,4.006305254754363,-13.524262581806989,6.956820062643598,3.0079921601811352,0.6818690506607504,-5.838480744766723,-0.2034212851038009,3.8462412290529886,3.258885372304859,-8.89931287802143,5.14667565408695,3.0554701073432096,-4.535497233664216,-7.008804733926643,-1.377012761747226,-6.754818116355721,0.45567617110463754,-9.074817654257478,5.858976862949596,-2.246139934364461,0.5688290606843199,0.0833680859442241,9.353908819593952,-1.2875574059300186,-0.0319829505108672,6.392319953043412
0.172,1.40405039435314,-2.024547756645377,-8.641661253867408,-4.950804215148959,-2.120751510258532,-1.2311647967484132,6.05554287048292,4.563323199483361,-0.2646859756752341,-0.3379938382568329,2.5449052332020825,-4.21438311591901,-0.5306029774610974,-7.89877126485412,2.8039300382726235,-3.1994602726058323,0.0765400206464377,11.522772651242242,5.15466739579581,-5.635045398386271,-3.731840863443527,6.46542947788139,2.18164890421474,-5.96241164454722,10.895306132822938,-1.7759391058428835,8.485751411333387,-12.224960000965137,3.589142863707244,4.92420039513558,1.7179458532431109,-5.305314680891208,-6.766516827246865,-3.992076126526239,1.320786428446236,-2.997061594409459,4.22473578338633,-13.034263803032369,6.8156071550906585,2.554824970994759,0.1451955281209442,-5.99769998263995,-0.3077080710252371,5.361633632107485,3.780440719099645,-7.94064584913732,6.1839435610566005,2.7305995214169645,-4.389455766295289,-6.858992053947929,-0.7581845342167022,-5.156260617918928,0.15854915254216362,-8.20770743432874,6.61216564633832,-2.637756604088099,0.4282127317782175,0.2106152009440879,8.752120848865461,-1.209151803575388,-0.1935834388052708,6.161205065483933
0.174,1.300352284706939,-1.4574120341858348,-8.802910509177734,-4.926432275625603,-1.8486747923722564,-1.4055177139306336,5.758594387497722,4.13815727061159,-0.5778749785618265,-0.2540513661331373,3.57027493761342,-3.8531412303162704,-0.0847392981405899,-7.708032651829079,1.9114289291481328,-2.6723839354733787,1.6669297305036332,11.903752658451396,5.10184366633028,-5.449853974931826,-3.056328435821542,7.424028850630211,1.998031217839776,-6.812113171271286,11.36203752699987,-2.776881882661212,8.11650478002663,-12.48282198340936,4.08639054273196,4.445162937082672,2.56600315408126,-6.690558441841395,-6.3149368550866365,-3.834538438247384,1.85265414095292,-3.2724155553492444,4.295151475004628,-12.5862411946988,6.281079557450251,2.0027767587943908,-0.0568891502168388,-6.317250573975466,-0.5112065442645745,6.6385062006867575,4.085788855496273,-6.627716811061603,6.722358131960736,2.3435341601738084,-4.278965626266164,-6.6702296802918575,-0.2436634857225101,-3.707437956526365,-0.05952226824973994,-7.547239604420713,7.157692049842956,-3.206496816778995,-0.0617275664199072,0.2764009745334587,8.215932541855105,-1.1301490393453415,-0.7466523327091638,6.011705955160765
0.176,1.2520199835084385,-0.7818793826262208,-8.71134107219824,-4.8617988131749525,-1.660700478953097,-1.6403919005030612,5.414325157655577,3.55206478267797,-1.2732904152586215,-0.1782402890716532,4.043779189508535,-3.566028250296713,0.3082431288233148,-7.440494871710584,1.0654581285806215,-2.125207613717812,3.286517370510244,12.170691297118903,4.988170926270126,-5.218104918895866,-2.450994954495277,8.001297606744014,1.739840819795701,-7.893476977852814,11.57840774241638,-3.657416496454617,7.922214818894602,-12.324903184731076,4.506276857407675,3.761603971690493,3.5714394823817983,-8.297375508060133,-5.817777559166423,-3.841222174161848,2.138296455033557,-3.3516789865678325,4.186067769402464,-12.22538886693846,5.505438593731464,1.4209250113797909,0.0777101160288465,-6.7724240603876575,-0.7756866884817873,7.456403270360906,4.128756911550771,-5.160005946496322,6.605351095871114,1.9654879065516218,-4.230061424176027,-6.513756364221781,0.149748798058506,-2.63417686628694,-0.16031326673842422,-7.145443535287213,7.50430252084293,-3.8774411781462255,-0.8441616492718937,0.2630526837458418,7.760456902352196,-1.0581103321773535,-1.6379388128556254,5.923068101645191
0.178,1.3501689744664709,-0.1734650179674901,-8.448855669265606,-4.745993528082554,-1.5293030549907705,-1.954132965372888,5.054409918225936,2.986393253049045,-2.295862640770338,-0.114735025434512,3.848175597581704,-3.3848125148045347,0.5810917093793833,-7.151264276030193,0.349519369821384,-1.632299686810858,4.754814688221841,12.295682694777312,4.8253857541887175,-4.981111594055554,-1.899407457714735,8.145502625977475,1.4910000381273922,-9.15629123774992,11.54457925615448,-4.279309442253818,7.81404892679264,-11.725735886561726,4.844101251390706,3.02534505774706,4.589406748562572,-9.84188713268768,-5.466591514327389,-3.970769472252943,2.051170759631655,-3.2009919199146517,3.9010148207112008,-11.98669500185767,4.655079735837188,0.8710069947297079,0.5013871426438663,-7.324376217798887,-1.0498694721213342,7.703195151824165,3.912196919007122,-3.7582406594526923,5.817156676892132,1.6513432113538464,-4.258307693166149,-6.452668122483409,0.407776444450006,-2.089486621403378,-0.11578997721079909,-6.995448843577591,7.706847337604035,-4.5750319170488805,-1.8121356043346788,0.1591328866113383,7.359639863697686,-0.9962491282389369,-2.7476508807732505,5.8490674088896455
0.18,1.6895237073832818,0.2177073291805919,-8.121681975065666,-4.563970063876407,-1.4029551499151809,-2.339807509644149,4.719932470376369,2.6215499833994707,-3.552414350919343,-0.0590963358415483,2.999363844364015,-3.321141719738385,0.6850394114426155,-6.878809070331781,-0.19753368930745,-1.2549713278184775,5.902105387617202,12.291318517617466,4.632070991304988,-4.754369596939664,-1.382080699002814,7.89595900903704,1.376697823218594,-10.499441623568345,11.30443895183196,-4.546002429386838,7.678466133851899,-10.70449695378427,5.0985252947787165,2.4026731330316693,5.466744181438889,-11.045948599505907,-5.388842698464903,-4.175577926787611,1.532493592946864,-2.8252699619344304,3.4834928460339007,-11.894306478908431,3.8751165483568912,0.3979976777074442,1.1324630202723345,-7.929129943575951,-1.294154070119209,7.393347935271515,3.490211279947934,-2.6179969026737244,4.494151042243831,1.433742639194846,-4.36735425733354,-6.524688856500244,0.5181731511227978,-2.126103922269912,0.08811195219952395,-7.025848658566579,7.846429437995104,-5.234231785728855,-2.8311448534558568,-0.0373179917755537,6.958319561544338,-0.9454169455583512,-3.918571027605904,5.736442663944794
0.182,2.3340401353623257,0.3022536119060974,-7.837468339977029,-4.300361223003654,-1.2299397002466588,-2.758774852387573,4.453286964118595,2.5894027708469123,-4.925016737518238,-0.0007413906162726,1.6410410568128568,-3.367543950323012,0.5998102567203809,-6.633941451692853,-0.5847797165936418,-1.0286233313622672,6.6048583114194725,12.206793731734916,4.427225907030605,-4.538554824710699,-0.8848345792470885,7.375420466745385,1.5313785559743545,-11.773356102403854,10.935292535601508,-4.416850928701199,7.422065197158237,-9.328464463372669,5.266571091738517,2.034849777397546,6.06715385345223,-11.706622932234856,-5.614781466578656,-4.4183466829873295,0.6106703417984665,-2.2709821288324203,3.0086441049321047,-11.959581548037596,3.26224240827582,0.0292751229511024,1.8777001330018304,-8.543449382672295,-1.4947894838964453,6.65632563400998,2.9595760191668994,-1.8694876955257593,2.892228651533561,1.3253605687083367,-4.548703838545696,-6.728233914596643,0.4747010401573171,-2.691500510855604,0.448009572540667,-7.112174756528884,8.005172932179953,-5.804990431850886,-3.7689163517704425,-0.3185462759845638,6.495266531950751,-0.9082874801099984,-4.988423771268958,5.5458945101588855
0.184,3.2920593340380235,0.0734207379215821,-7.68290716339214,-3.9449059678159952,-0.9833054614528532,-3.142606318722786,4.2892414476816105,2.9383543811881414,-6.287671871452703,0.0720677934577239,0.0141857576100963,-3.5025359778146075,0.3368068844058243,-6.394896341392244,-0.8585628363017225,-0.956433370428772,6.806576816140296,12.110530337592436,4.2236785992644155,-4.333284621508917,-0.4032835061936767,6.763346414757224,2.0594702711719712,-12.801931297759088,10.53094313640223,-3.90874132983335,7.008608012985071,-7.706620487792447,5.344651220665212,2.002974634960203,6.29753844698284,-11.745086314744006,-6.071070774868415,-4.680445696802074,-0.6014411850316033,-1.6207029774930923,2.567669578250975,-12.180406001258874,2.851255762502595,-0.2235167243357691,2.6556874579361334,-9.129065396167643,-1.6682866085213373,5.696129727943717,2.438149306006707,-1.5529435170465806,1.3238766744851576,1.3237705107104532,-4.784230797308458,-7.018770824078096,0.2832203857882495,-3.644953086784165,0.942282865053702,-7.103653644902662,8.241707091369234,-6.252535021429379,-4.525840512144549,-0.6656987937405995,5.931316887052339,-0.891963456118838,-5.822963122684942,5.271276353048726
0.186,4.509784291837633,-0.3979726507279807,-7.710676232075317,-3.5000798542470903,-0.6801391686990887,-3.405329744133424,4.248671318717809,3.619909930237706,-7.521588045031919,0.172149289966617,-1.5951789761236868,-3.694290677781725,-0.0653888215641377,-6.113621926279589,-1.0847736529490384,-1.0108966415532656,6.5280837331702495,12.069150300687634,4.024481519716297,-4.146945633015757,0.0552032641452863,6.254863235197951,2.9989844686961566,-13.415602941071196,10.18201662105219,-3.0867720888678463,6.479773706867119,-5.972950834388356,5.330002327697964,2.301558734277448,6.129053703396461,-11.224598141823892,-6.605169419437218,-4.964420720786128,-1.928800504440184,-0.9828242561455746,2.2516718594724225,-12.542153242459056,2.61764050311855,-0.3594397372982474,3.411736750517331,-9.6523397093672,-1.8535140704125503,4.739100535446233,2.0374506202940657,-1.6153528998850755,0.0877308107650437,1.4170155245314082,-5.049200375775863,-7.316026083537785,-0.0340047902934941,-4.791925272244937,1.5330514249005476,-6.860150604388815,8.57435842138333,-6.554712599770191,-5.060129554715076,-1.0496918547292104,5.267761284266498,-0.9104414604896802,-6.340044222418649,4.952615061293687
0.188,5.878014420694468,-0.9952017845929348,-7.934883618425999,-2.988152847323285,-0.3861699037602379,-3.466879059348506,4.334233905615088,4.501499432584264,-8.527447184546991,0.3134864745115565,-2.9143150400801754,-3.9022157295018105,-0.5498169247210963,-5.731448492067098,-1.3269976584558112,-1.1431227953543197,5.861037084923943,12.128919230189329,3.8240135847882906,-4.003562728221152,0.4755942241171069,6.013549079924324,4.301883743924796,-13.484690600740837,9.959128572852231,-2.049471887586637,5.9544003538766415,-4.267722099332112,5.223905154972326,2.833507103815052,5.605303037740136,-10.33322733304292,-7.0322868053483605,-5.289105946817066,-3.1752764407238785,-0.4759359218642143,2.130829861460048,-13.01704505275613,2.4940005665188907,-0.3818947110309769,4.122225444057554,-10.08353700512682,-2.097054927932392,3.979227576503988,1.8361394205709023,-1.928795002181391,-0.6020000581356663,1.5908398826239565,-5.316319433660196,-7.522546121956922,-0.4341904281162413,-5.928226576746966,2.170429011758233,-6.293024727358611,8.975827888490699,-6.697604070634296,-5.398839521752224,-1.43560937699048,4.556142494996009,-0.9866317055872222,-6.516448935951007,4.67293705207903
0.19,7.248379581323307,-1.5886084842517043,-8.334470585058574,-2.4502740599136583,-0.2042655145689308,-3.2776383241275977,4.52881465523029,5.40184596651615,-9.234084642074622,0.510896938683887,-3.733124988984108,-4.08037641187953,-1.0524124934567258,-5.196464430668156,-1.6246131302127456,-1.2958298968168172,4.940579094116835,12.299797175496408,3.613981254116758,-3.940383628243971,0.8389266535109571,6.133701799987637,5.836270539892551,-12.951524829054552,9.903663335051975,-0.9122382044693476,5.598264184108085,-2.718357503399354,5.039797570837125,3.428423983309572,4.838162221681397,-9.336789453894673,-7.189368755183898,-5.675346699261687,-4.171136691593824,-0.2086238324589996,2.2375031116786857,-13.56612201099633,2.396095613113192,-0.296680032083315,4.789497876694631,-10.396501255701974,-2.432102849349431,3.532024469642915,1.8615015577437928,-2.3249814887501112,-0.6736466508150645,1.8346189284084438,-5.560324017580835,-7.549168846236016,-0.855725517648398,-6.8861149980770415,2.798842446721613,-5.396944544818073,9.380596597241857,-6.6754939751904185,-5.6310301876126205,-1.7876464086380237,3.891280354052921,-1.1496213500095462,-6.383585622317348,4.541710862509565
0.192,8.46243941217067,-2.0697882685000506,-8.863660023879111,-1.939730911342271,-0.2488748181575271,-2.838977541668422,4.7986091075678505,6.136942888526844,-9.60176447650055,0.7793159806547999,-3.937395564050739,-4.179932762090616,-1.5133157730363267,-4.480839830571283,-1.9825686305562416,-1.415781156889581,3.9141504148373967,12.549233589090797,3.3909614574715174,-4.00172339435786,1.1252020281103998,6.6220005779657845,7.410199050674016,-11.855609961279319,10.024612825740055,0.2112777446342459,5.575688847608837,-1.4251619560148865,4.807993436379747,3.881391361231683,3.98708667141622,-8.514594472676688,-6.984659381043703,-6.133281332204154,-4.814407360027505,-0.2596241268139907,2.558474356445044,-14.142942862961474,2.2502140192426965,-0.1134052185293948,5.428709123149792,-10.564201192558794,-2.849717925251066,3.414616010065448,2.084211853550969,-2.637018645577601,-0.204516300389847,2.1392554083332564,-5.761535794182441,-7.339326442336479,-1.2267332511188074,-7.569480156760884,3.36414863560677,-4.2649982508808,9.70460333087944,-6.493144205438395,-5.885073334689099,-2.072315697349369,3.389839780325497,-1.4296256057555778,-6.014156525483142,4.6689511336513885
0.194,9.381528776903856,-2.3819424632192736,-9.46662719751452,-1.5158984758639733,-0.6107393493421431,-2.2122071618832684,5.099381291961268,6.56459299706278,-9.622254580067684,1.1327230939935298,-3.519577310916367,-4.15301560461585,-1.887635377365688,-3.5941236422877143,-2.371870030901759,-1.4666467759048,2.9113544571598564,12.807438465201182,3.165482797269258,-4.230269807756267,1.3184600377567923,7.397476340309753,8.808514809815218,-10.338229910101408,10.3005057813149,1.2247154795185409,5.995094912052718,-0.4548593792539454,4.574216423933464,4.002957616144118,3.227866501614738,-8.093556414312452,-6.430056265329863,-6.653445032257395,-5.093757914818444,-0.6605630134198214,3.0364263336941115,-14.699165334122338,2.0134683206922475,0.1508811746043764,6.0490719255191605,-10.560345434115131,-3.2957274985593368,3.5528064489465887,2.426554891313672,-2.7374377371795324,0.6147862856962774,2.4927814688982872,-5.9082418985072955,-6.889075002402429,-1.4798596741795609,-7.969521147212994,3.820375171708121,-3.0791660148644384,9.86677138819511,-6.171600447539008,-6.294499206337229,-2.262283219027725,3.159272317283653,-1.850731448481351,-5.500228094745755,5.131745715507162
0.196,9.90338161228098,-2.529004079582641,-10.091863184700948,-1.2287271351523434,-1.3229384311993873,-1.5109612919804984,5.383743965473105,6.616299208438771,-9.3182041191492,1.5822260648215825,-2.575300315991086,-3.958942020135891,-2.153377329765449,-2.5893151617951533,-2.738614114415668,-1.4377110712190384,2.0216484426675674,12.982204740554314,2.9677742908721676,-4.654531123420491,1.4102015303091249,8.310926407951717,9.838231331552112,-8.62138246627827,10.687763597686704,2.060056270371376,6.86758914373205,0.1625887374438402,4.395836191644087,3.668489679398201,2.713801377667133,-8.196588805881394,-5.643349019029518,-7.205239125619369,-5.085413441119845,-1.3858092830544235,3.5804166547251683,-15.190771438451051,1.6837994832310492,0.4714112417833558,6.638214422960881,-10.363911520337457,-3.6816346991240154,3.807254532966552,2.7839642921345984,-2.5641616676706587,1.525379066909416,2.8766239165332435,-5.99793809363353,-6.258413782830225,-1.5674760876371552,-8.163046697072074,4.1368179665425115,-2.0755979381856484,9.809861620490071,-5.753319885013402,-6.960278502213544,-2.338742792027813,3.2648071202988467,-2.421807684215457,-4.931124524242808,5.945516030101128
0.198,9.977752656368065,-2.564452636231924,-10.698414104732322,-1.103539125034022,-2.337145756568568,-0.8780649402955019,5.609296517333531,6.307971951180851,-8.740695568558232,2.12948266458009,-1.277541758075461,-3.572079907046011,-2.3131725877338285,-1.5597298953318963,-3.022167039253139,-1.3434765369186568,1.2893215134262026,12.97962283824485,2.8460409683261076,-5.28040693300713,1.3990856621278398,9.181938848588942,10.370286691490806,-6.9678145818230055,11.13264120548482,2.682602630541693,8.08691788257867,0.4296502437535183,4.33247397196675,2.8581326593363285,2.5391831641716256,-8.819186797531076,-4.819424832297632,-7.746218929663242,-4.922822034262676,-2.354874278330831,4.0858525365892815,-15.582972520218132,1.2935358885918569,0.8170272065373841,7.156184518362373,-9.966451333107772,-3.898762084663172,4.018732946673275,3.053286334312903,-2.1291552296826834,2.269426525029018,3.261759786506235,-6.036374864765939,-5.564814316899084,-1.4769873313468382,-8.287173980186727,4.3017033429327265,-1.4945153039188148,9.516592543918588,-5.303732708948421,-7.918238921833385,-2.2943094611548305,3.7061370151024096,-3.130323191893428,-4.380316532542146,7.046849034575847
0.2,9.616016184373036,-2.5635335983026724,-11.260228426335736,-1.1337367488801473,-3.5212208722576483,-0.4532567712518025,5.745120845625099,5.726961683307013,-7.96683265035858,2.756734518593215,0.1632439060818786,-2.990875108251179,-2.3924495353972635,-0.6249036961771769,-3.1762782984197653,-1.216970591000073,0.7170467484244828,12.725632097182327,2.8571511043801494,-6.087530520460445,1.2894193481511405,9.8420813464412,10.366251972350868,-5.634891969642702,11.581296083149445,3.0905268854161925,9.438205040264444,0.3725569208678276,4.434737937719143,1.6734847070837748,2.7166278569966105,-9.836562635830004,-4.1799426591499085,-8.236066539804924,-4.75170088400487,-3.4410463633846886,4.456081424382629,-15.853274180000684,0.8923869334949951,1.1561827398758149,7.537599704517844,-9.383627554166626,-3.851402783407439,4.058539368964705,3.1592165042203235,-1.5086698296043788,2.669295016425292,3.6064532686447057,-6.035903048936588,-4.962980539866171,-1.2384308687172316,-8.500120638451309,4.323506502290218,-1.5233494256474494,9.012797749685303,-4.904550546982984,-9.121204926501678,-2.1326940710052997,4.406598708471341,-3.938625092976616,-3.89780497537135,8.29507670223304
0.202,8.878340539781409,-2.592310629935576,-11.765392943985962,-1.2773788871515916,-4.678067135064062,-0.3387093267318131,5.775647089357502,5.001778633342971,-7.09530886702322,3.424620873913656,1.5440359961006798,-2.246088273552324,-2.4339666515294103,0.0923191022069487,-3.183202687924539,-1.0976033005474823,0.2797540071072089,12.183443022521129,3.052766437031878,-7.029387118930101,1.090360015479048,10.175391853971844,9.885842804259047,-4.826869173759154,11.984251215491314,3.3089205575115592,10.63790286401074,0.037838223940498,4.733558995864475,0.3274555338182662,3.171325322353041,-11.040292847322528,-3.914094466321962,-8.648778143027194,-4.679981494769005,-4.489771951341151,4.623940201615576,-15.993218808270386,0.5266570061684254,1.4666624572436495,7.702853931879469,-8.663080819447945,-3.492641253549293,3.865530325394989,3.07073215879841,-0.8186705128861649,2.671905939269776,3.858843280940456,-6.012390611693355,-4.61479991239276,-0.9214470540097917,-8.937779799757827,4.229259934952096,-2.2477033411697063,8.359545875274675,-4.641411137913629,-10.442561821609749,-1.8688197580660784,5.221148455303419,-4.786733654758582,-3.508140842929531,9.49610420788389
0.204,7.8595739641028,-2.6835009270987027,-12.20738758704158,-1.4635441529929465,-5.583381179540174,-0.5706664877059596,5.700779547160886,4.264694716265121,-6.240000446942819,4.072856440685637,2.7065548043677805,-1.402945501013403,-2.487227800194282,0.491526508325698,-3.0591570984048984,-1.017694423429301,-0.0532807478241034,11.363391569215096,3.462511441860962,-8.038816766526205,0.8175739074920066,10.144859004789929,9.07196141847738,-4.655042581829588,12.298238855493343,3.3808867296093745,11.39315831854186,-0.5097696056730138,5.22972505144983,-0.8947237235720046,3.7543701400589886,-12.192869003720508,-4.126473568082529,-8.97927291606087,-4.741506440439432,-5.3469115343912925,4.566224424322478,-16.006013648167464,0.2180168500264742,1.7437753583471916,7.577453330017236,-7.883368235341666,-2.847830789524541,3.4636105809892186,2.8061562008337564,-0.18248364932522543,2.357182375171913,3.966695359661732,-5.981898437482922,-4.653403646740888,-0.6204407656486438,-9.67422944807658,4.060126170127675,-3.622973167786631,7.638128130861866,-4.586164760267011,-11.695546489259485,-1.5289683730632992,5.96469864451946,-5.600306137088535,-3.2158464500428776,10.439884014468168
0.206,6.677567770608034,-2.8244546415833387,-12.57956143941106,-1.6044832909165934,-6.038645854331164,-1.1083120857019606,5.53333431868232,3.6170622093952174,-5.519825941911822,4.625235793421093,3.557306851747464,-0.5556656158636987,-2.5965383642077327,0.5203202703619482,-2.852403421898578,-0.9904870959752884,-0.3066614581250743,10.32174216658046,4.078322964183319,-9.03598400250766,0.4938529765640512,9.800547401243149,8.115890795680752,-5.1181028624026,12.486055391314618,3.35672714680576,11.467616001966338,-1.188218660547187,5.8920635931059255,-1.6928094064155117,4.277136015027244,-13.082893734924516,-4.804875378393006,-9.241521699524444,-4.883879520246344,-5.885991914138346,4.305776626407653,-15.902739070052654,-0.0487065991616163,2.005263906801587,7.113005030361307,-7.147223761771899,-2.0232496089421392,2.954936639560863,2.425138154529557,0.2997055640752411,1.9076524874804064,3.8882191715170773,-5.958378592796597,-5.149474071466261,-0.4330830089071827,-10.695925028364126,3.8644866481607667,-5.472286407758957,6.930755702961473,-4.777338759077762,-12.670202452377064,-1.1473146891724535,6.453564242053472,-6.301183401728418,-3.012885507365554,10.947217589691126
0.208,5.452407853722939,-2.95936109066536,-12.873232240576138,-1.6156641590901295,-5.920385625353623,-1.842195358366876,5.294327980784399,3.1078942073904043,-5.045859730938972,5.003385947854009,4.075308808322979,0.1844505415592858,-2.78918175604392,0.1912681897883673,-2.6293275744983915,-1.00358075534085,-0.4923936536203139,9.149411974285249,4.844817711367783,-9.934908627872584,0.149382233485654,9.26920862556982,7.212362960861956,-6.1072498238290205,12.515337899646449,3.282145962362636,10.741043189216253,-1.898019478658009,6.661225638925253,-1.8138014176972557,4.55600557300598,-13.568821657198136,-5.816852768266188,-9.457477294412096,-4.981287326223665,-6.029974660771077,3.9064844864403847,-15.697533473174316,-0.3234436939183702,2.2884612612446933,6.302834171566501,-6.565748626503855,-1.1828087066861908,2.4921391718462678,2.006827498679519,0.5717337322143783,1.5485511108463292,3.6021242175976673,-5.951371440961019,-6.089450342499547,-0.4346736237984581,-11.898292608144963,3.6910411423115717,-7.516736195507755,6.303853202865691,-5.205183978698577,-13.177610072053763,-0.7641944202237979,6.549234871050981,-6.821113223125208,-2.8851108167622987,10.913428010778148
0.21,4.287864669306207,-3.010162385109598,-13.075913074286593,-1.4388841205171794,-5.2152138537524335,-2.620259192000823,5.007927100800551,2.731379871911411,-4.905531981478349,5.142672892234256,4.301550280108557,0.7091005193325333,-3.068241200135575,-0.4137142035361548,-2.453720277666336,-1.0205014596993656,-0.6099239088634829,7.955181019137972,5.660940742141421,-10.653029713139732,-0.1768771453459608,8.725014766519156,6.51869891386098,-7.431849209643981,12.359450006476449,3.185600141205236,9.246594961373964,-2.526780173648536,7.460618346072602,-1.1111291833258363,4.457860792224624,-13.604271072117662,-6.93847218609272,-9.642543483283786,-4.874772663167316,-5.766434419267949,3.4580147006245525,-15.40341190864294,-0.6765013425010854,2.638897052183158,5.190416194416649,-6.23558162616191,-0.510712185839605,2.234238240242173,1.6231499887295489,0.6293173900016481,1.476078165959931,3.114867340932206,-5.964643375344427,-7.371667689365454,-0.6558329944272059,-13.10306883810575,3.581245905475334,-9.432711891191492,5.795888389423959,-5.8072157627991015,-13.086783166831037,-0.4233793249526122,6.194958722772363,-7.11588790305774,-2.8139866438820063,10.335468812473083
0.212,3.2683209611556987,-2.907440997896873,-13.175705831549417,-1.0574780266524186,-4.032598994131218,-3.2824266368355923,4.696827130020617,2.438945503968535,-5.14521227842818,5.007991923373505,4.315614426818941,0.9395770421519088,-3.41118686010321,-1.1514843341786842,-2.366224887305363,-0.9900021911478324,-0.6561888276174997,6.845134229384482,6.39394026241551,-11.118690268102624,-0.4388438905411995,8.34696139651468,6.121969236072696,-8.861479823034202,12.00180976512388,3.0700755826785024,7.173422884986815,-2.958444408928877,8.212027394798056,0.4196940681643062,3.9360949897897672,-13.23589769816976,-7.906459184647248,-9.792434721190157,-4.426740756901069,-5.151848143914996,3.05369190877356,-15.0322422591448,-1.1745499512613062,3.092091266155391,3.866891584044645,-6.217174228065052,-0.1694073380061297,2.3007961585484087,1.317111912208419,0.5144595390327876,1.7930441621002322,2.4634244015288376,-5.997427179638021,-8.819835277588806,-1.0729717131270455,-14.091273025147796,3.563502501916378,-10.919833525590578,5.415118283810633,-6.4745410390170495,-12.35318647902978,-0.1650913319372482,5.432634893150272,-7.173318577542446,-2.7775868788630182,9.317884445615588
0.214,2.4530597550643543,-2.620957597354923,-13.16707554731444,-0.5017350516143426,-2.589307036173457,-3.698490667560967,4.379442219192692,2.1645482784455106,-5.756339713453046,4.605535727758329,4.208148214555613,0.8480384038871097,-3.774049691479967,-1.8446539903703827,-2.3711882243172613,-0.8621318094301998,-0.634012631761491,5.903655875906245,6.902523379168233,-11.276044973155887,-0.5901553956561888,8.27523069030589,6.023182436303339,-10.175888203784325,11.440953232883434,2.9118670548427863,4.835295585105814,-3.086468923307749,8.848683825516797,2.638022796190654,3.046696106679146,-12.577829002390123,-8.48320505612007,-9.878576563743543,-3.5723384451892493,-4.304647965358586,2.771137634756636,-14.594278966624683,-1.8549163443160668,3.653130987799161,2.458220876882788,-6.513468698985599,-0.2503952743793579,2.7372735140312763,1.0906722691462756,0.29784008334434786,2.472823424310985,1.7091870898799255,-6.046007958253149,-10.215424551601668,-1.6122639950699935,-14.64823987839469,3.649186102694811,-11.762404300993357,5.147105704659471,-7.070544095050821,-11.0328056711261,-0.0223585338194249,4.397667072617649,-7.017048942814981,-2.7517634100127792,8.052939995572764
0.216,1.8681621644802,-2.173394656427458,-13.054776536726196,0.1561030420256364,-1.1674063347329295,-3.796514802580925,4.067613365490899,1.8529468658699144,-6.669517913244459,3.9858767879120816,4.058432385094672,0.4700786334754991,-4.099515596215754,-2.318494033794616,-2.434548663739991,-0.6055765430316155,-0.560060016982862,5.180925849415065,7.063853508678157,-11.09134206733246,-0.5953152776844436,8.578832722812093,6.145367562974699,-11.20480105848079,10.697567874655885,2.665674174446845,2.614673679225793,-2.8351961327163693,9.325878489473276,5.284733899513256,1.9378038959252424,-11.777588178295234,-8.518059449508154,-9.852432295412887,-2.35309732425115,-3.383259255373356,2.6578526734498698,-14.0999825327641,-2.706372494464984,4.282227710392817,1.103432252282837,-7.0584090839332045,-0.7418549166111512,3.498670682844903,0.9057643405884352,0.05618714763453103,3.3621511151744783,0.927007769863061,-6.10657950366558,-11.338409741785286,-2.1666743262051846,-14.610343668832904,3.8320231781541794,-11.871756343753455,4.96485475074216,-7.459127228043364,-9.272881925807177,-0.018863390739693,3.294049384187724,-6.703231698781163,-2.7094970889277823,6.77783459031215
0.218,1.5147936637728496,-1.6384330007472057,-12.856948945906234,0.8181108213318796,-0.0550225329447961,-3.573944346652638,3.765821470753452,1.4838661709385803,-7.759089444372834,3.236738240502764,3.9190162018967993,-0.0955682463824609,-4.330100898209457,-2.440664231963322,-2.493915391973232,-0.2214087956821011,-0.4701401346167934,4.689006877961905,6.800827393567953,-10.560213130049702,-0.4417933285284724,9.238843880259004,6.357981823591446,-11.850591287705381,9.819012746116163,2.274667359588173,0.8910358019473803,-2.181126007655774,9.627126036335648,8.033582759515518,0.8173450494070993,-10.976435477552076,-7.988489670947662,-9.659683202870834,-0.9183855658838276,-2.555663575014393,2.724793080585777,-13.562406249880398,-3.660975758414289,4.890674913382527,-0.0721488910729737,-7.724164432340986,-1.5256255001799572,4.457512311221825,0.6989427124441664,-0.1492263800918598,4.222435815428085,0.1909689291445119,-6.179628656599602,-12.013234677192774,-2.6242040099573147,-13.900834290430888,4.089790911055262,-11.30146102128847,4.840968071089975,-7.535331264004668,-7.285903211825433,-0.1641304796046807,2.3511140046443124,-6.309800299630289,-2.624840188110209,5.721856422959529
0.22,1.377016168080623,-1.1256841993717426,-12.604724658278531,1.3859514375359137,0.518333456949352,-3.0919413101932784,3.472242847010313,1.0836089100024535,-8.859941201946661,2.4666011408654973,3.8107870604485625,-0.7035076630952795,-4.421012420713755,-2.15591872226299,-2.4788757236277204,0.250668312260661,-0.4130899599743513,4.404166542583251,6.103276668411885,-9.71202365112431,-0.150739457862717,10.151354195420708,6.514256385189347,-12.094686171347668,8.88085959738503,1.687749722109819,-0.033161637840202,-1.1667803263073997,9.759324099069955,10.55750705917395,-0.0950147387381619,-10.279918258687037,-7.012215544898126,-9.265434184349369,0.5023690331712314,-1.9686728513023728,2.9492611129277213,-12.999691667565706,-4.601868676994292,5.350993954980394,-0.9780406362897652,-8.341602430135003,-2.4004453224267577,5.435399083752652,0.406272870806155,-0.2874801591238911,4.796539577540962,-0.4405956169806099,-6.271960160012776,-12.14307752943303,-2.9001063555613404,-12.546619539941194,4.387883470490674,-10.226942275026117,4.756876514210054,-7.2537171494617985,-5.313249627997707,-0.4525506605851251,1.7739361374701932,-5.92210746243409,-2.4796770673641526,5.0552054351103415
0.222,1.4216753247363283,-0.7527564707752957,-12.33557264622366,1.78746484099173,0.4301850152982065,-2.454036594367313,3.1788291823381263,0.719709946311191,-9.792690687871016,1.7826363978504298,3.731848864329416,-1.1921851566705033,-4.349244320073654,-1.5025049251140916,-2.3348854659460745,0.7360775971223238,-0.4420219602475633,4.2748496907754205,5.034725861028229,-8.611360466617205,0.2179837220308907,11.152122200194553,6.490169105207401,-11.98495718416666,7.981789184648929,0.8801080923089732,0.0097826901386118,0.0925035040079531,9.745101435384774,12.59382113402717,-0.6228574593468883,-9.745008693516716,-5.824760826868992,-8.67497602850978,1.6526419370609178,-1.722270443229302,3.2824391634594354,-12.435314996323248,-5.3848186268092,5.523411261631935,-1.572633072666646,-8.732271730896299,-3.126088079023439,6.248827475534235,-0.0105835662997211,-0.36264604909971976,4.887108351549443,-0.9367525037324634,-6.395693877445124,-11.728907603501964,-2.9614750088243422,-10.67308953342045,4.685264470445057,-8.898457635512699,4.7046470510540495,-6.642189800478789,-3.58520548452033,-0.8658754256748148,1.702032934922684,-5.616530802618921,-2.2703721797697445,4.850267086886742
0.224,1.606613745906361,-0.6114073323414514,-12.08569129862027,1.99640069844444,-0.3094097981356872,-1.776227626146106,2.872008652599632,0.4833097400242093,-10.395065381926116,1.2724604638115808,3.667754055302596,-1.4235240897972512,-4.120333468764719,-0.6096389729714397,-2.043532875297758,1.139911223078938,-0.602303938319222,4.23406277692944,3.7234771676056426,-7.357704508809164,0.5692601841686029,12.053065644101826,6.216872855547673,-11.606497792076867,7.23007707540883,-0.1290611279256432,1.0197201659101405,1.4167064899114596,9.613131575370804,13.9914308153931,-0.6794731921386146,-9.379672119431158,-4.729894054292915,-7.945848376585221,2.32029456280914,-1.8488970652078425,3.663562044449848,-11.895534364343966,-5.870012643768549,5.290674399838747,-1.866907425415601,-8.746599144902024,-3.4883996330980933,6.757562952126816,-0.5473493749676213,-0.4068509987314088,4.421112383312824,-1.298492503554622,-6.567873895507667,-10.8709434440826,-2.8403636748859213,-8.478444362553596,4.941084677230105,-7.577247406415245,4.685573896846727,-5.797736991699383,-2.286296415851094,-1.3747282096558964,2.1804632345867327,-5.444601038036453,-2.01603578272228,5.068693788196306
0.226,1.8891324338867703,-0.7388373009783161,-11.880828802670694,2.0400429602193144,-1.5602547054554303,-1.1576204190504322,2.535545153302172,0.4644070970724145,-10.552234214166994,0.9908856956414966,3.605593432629792,-1.3203911508664097,-3.767617935369392,0.3273866299943067,-1.635387081580212,1.3686807301342483,-0.9151136198199452,4.211419207028068,2.3407844073703226,-6.078863965138991,0.7862349547493969,12.684263475182838,5.696538049562354,-11.05065754689484,6.72501276342017,-1.2662221963176412,2.8268577214533,2.584653842078819,9.387947188812408,14.729468051259843,-0.2927870460329095,-9.158457518451934,-4.031285016794097,-7.18860091791037,2.396208865418654,-2.3076620506905727,4.034956429353258,-11.406147382993904,-5.9530100092311855,4.590563546055223,-1.9154948189793457,-8.297027273026314,-3.3621011598532147,6.900560677554658,-1.1530755409760072,-0.46737671823965043,3.4808083794937734,-1.5559422157777738,-6.8074975186786535,-9.745349920231083,-2.628923884077345,-6.192458877375681,5.119583157127094,-6.471373395644231,4.701781557706089,-4.865754542628941,-1.5305767736147602,-1.9433421217262312,3.1531656771520327,-5.425303715344755,-1.7607048796772096,5.574779426824465
0.228,2.2269178986054685,-1.1065155141403065,-11.729671728093765,1.9914715214351768,-3.0860012525320126,-0.6578508551243569,2.1528428091912444,0.7237673037611441,-10.220320645609092,0.9536297394361016,3.548151080806613,-0.8934784679303881,-3.34665435120604,1.0891614897845991,-1.1865692777895795,1.353628527796487,-1.368538416337298,4.1433524586335295,1.0698959084615511,-4.916366831872175,0.7522523492459049,12.935449662329644,5.000935970597362,-10.391736429339392,6.5346797093866975,-2.4040116965674367,5.1236643582691,3.370322041037223,9.083983682555152,14.907013566666638,0.3975910316127872,-9.043295788968036,-3.959886225648311,-6.550168316741985,1.9098683591715224,-2.9975535739572616,4.349926522821877,-10.989538276788856,-5.589078829117957,3.441523673594554,-1.8014165723893596,-7.381945412699227,-2.751296307689804,6.710801052884044,-1.7387982958746162,-0.5914787003045041,2.2882849442559348,-1.7581596801508699,-7.130499358593857,-8.563668201968339,-2.458909505411728,-4.03125830073765,5.194912751843512,-5.6905643051219394,4.746362833536908,-4.009915438708155,-1.3488502611669255,-2.534178408429536,4.480181653365952,-5.542697744268139,-1.5680560562917654,6.172098749174217
0.23,2.5908540301411644,-1.629220524370517,-11.623184944166193,1.9470995441590977,-4.607139271929195,-0.2882438667152652,1.7093830525825293,1.2732142190805231,-9.436284933904709,1.141804657529377,3.5119064215901776,-0.2496238712537393,-2.9262538277611827,1.4804739034356904,-0.80148476066144,1.0710265203902831,-1.9100888026754,3.9800793763457785,0.07162378818787019,-4.000310788842492,0.3765688529219174,12.779935367515929,4.252525014866213,-9.675895975147007,6.678750609298335,-3.374509898569428,7.521411714023352,3.586946220016816,8.706329733675378,14.707011033147596,1.1680571422267274,-9.002851718923262,-4.61913005841702,-6.184865650947492,1.033383276260916,-3.78243214539305,4.57858432410197,-10.659225275378716,-4.805147156141109,1.9509165463893705,-1.6157314866862411,-6.090665471938369,-1.795858996463063,6.305581182211614,-2.200189838717653,-0.8115738724624985,1.1512577903753949,-1.9582891365205493,-7.5462776104869755,-7.525458784948413,-2.4677431074090577,-2.156661041321556,5.154867842495401,-5.227555612257929,4.799128671023351,-3.3755314988525376,-1.6930571396957177,-3.1144446303393805,5.9707734152414496,-5.750389769983159,-1.5118800659657186,6.65356509821645
0.232,2.971681363944,-2.186442571443577,-11.536667681601216,2.0021109835150157,-5.863322293552228,-0.0196766596835781,1.1985015107279666,2.0704819106785366,-8.310628731267043,1.5097839467022287,3.5170615840064343,0.422873367460707,-2.5761085808657627,1.3775758699101976,-0.5855567361930749,0.5514665564360804,-2.4477884442373554,3.688564311517573,-0.5448379826876775,-3.4230382788043783,-0.3825794696970372,12.27749140477643,3.5943788813042565,-8.925876692364794,7.120702324110957,-3.995824291686236,9.616702134578246,3.128672921950508,8.254856342458092,14.343430179025978,1.7600967540025658,-9.026093489916912,-5.959647291981345,-6.217929077481222,0.0406148952244379,-4.522255103818256,4.708332876777136,-10.416680247524036,-3.6960210871743016,0.29994039169138,-1.4362067593375525,-4.586432011089283,-0.7455334715663244,5.854029500142717,-2.4482437647344373,-1.1358756353289772,0.390590462200516,-2.1979654794861796,-8.05492014397987,-6.778614703667418,-2.7589560945797715,-0.6484495704481174,5.000197250165924,-4.972322538399996,4.828623435525159,-3.056317348215618,-2.452816353053146,-3.660399157567421,7.424635510221482,-5.983227516341326,-1.662025581406472,6.84793571313995
0.234,3.3691680099375354,-2.6560391380308395,-11.438497301869692,2.222830596371239,-6.668538042355507,0.2020250959095529,0.6262749435935715,3.0267098718064136,-7.004051549540011,1.9996797574506984,3.5710887130630766,0.8899610986228391,-2.352951639405652,0.7617303503446416,-0.6157734134236064,-0.1243882920106992,-2.869775995157953,3.255724459220072,-0.7399445476072526,-3.217754434968997,-1.503412208833151,11.55904348062919,3.156053768026501,-8.1572198404454,7.768098128578279,-4.1084286117391,11.059477810699525,2.0004912429973967,7.731905517469112,14.007514409329932,1.9420392900829493,-9.124569251856832,-7.785169928104988,-6.707347098599369,-0.7613114181052544,-5.101606697201714,4.737985593117391,-10.252435386836837,-2.4041434189813624,-1.2894079793476922,-1.3137794190552952,-3.0735314798521896,0.0975545026892875,5.531889874504001,-2.4380259603958585,-1.5480823850142988,0.2513327471906069,-2.494168484844227,-8.645653117624176,-6.3914664706007125,-3.369857247356691,0.5025848320908359,4.743000425445647,-4.753145492806923,4.799112706063216,-3.074522824568767,-3.477352392584762,-4.157788710758265,8.67171340754342,-6.172771341912861,-2.06703161263716,6.657273445662598
0.236,3.7846319464251255,-2.950501161563246,-11.299730656360696,2.6255739088854115,-6.94484832344269,0.4348131797933527,0.014299807091133654,4.02401997983207,-5.69322634290336,2.558356397045709,3.658804966285029,0.9252335915808554,-2.2895676247285808,-0.271388585293635,-0.9198358383918932,-0.8408754689113009,-3.0660186261364903,2.6885936036296263,-0.5471362505561748,-3.3452629492253974,-2.897036414038909,10.796323070365776,3.023235847172268,-7.399202962813495,8.487705234119781,-3.6138927008910233,11.609811692881973,0.3287484746578678,7.150071729248368,13.82281194194506,1.5658118881520342,-9.328684168009175,-9.795135289586405,-7.621331516570208,-1.112146118927338,-5.451846374855099,4.671635441369887,-10.14805726449787,-1.0899703671980665,-2.596906945382616,-1.2631311287810338,-1.7570920236036254,0.4600420132886625,5.4734537574690005,-2.1864683584979407,-2.0134142941965263,0.8315339631986272,-2.8343279429671746,-9.298695228167151,-6.3375105339644255,-4.254377411199629,1.380905353424073,4.404760143608305,-4.394449880496763,4.682381636634744,-3.378390087518777,-4.6024496943418,-4.601785105510882,9.599461978480814,-6.263586228762238,-2.739867660917974,6.07623476939357
0.238,4.222651746828733,-3.037999708985732,-11.102204623991623,3.1703809771244797,-6.730507874499421,0.7195917765099199,-0.5973528355911593,4.941573383705745,-4.534596926246431,3.1474607140946387,3.738798747898752,0.3636907737639723,-2.38734759363302,-1.5261835863304372,-1.4653073477792025,-1.472616932911677,-2.9507821589239653,2.0125589169869302,-0.05958217620377915,-3.698128984247921,-4.417143886252464,10.161719435521617,3.2194977150316992,-6.71478005703113,9.130725955392895,-2.5066767968513197,11.171158373350249,-1.6558935525246488,6.537730518397845,13.823067016186204,0.6045440832084419,-9.677782866943357,-11.650126610320347,-8.833836060221433,-0.8695686791035045,-5.562419995958651,4.513590591234135,-10.08229674127973,0.0974848097335328,-3.4502511116967893,-1.2643828075857997,-0.7996969850374241,0.1713959241991126,5.737244311150567,-1.772027802046812,-2.487959967663893,2.0560206089031445,-3.1804121993725243,-9.988721090756275,-6.508903434547129,-5.28529960364166,2.1144667341784857,4.011760299400071,-3.776013333204477,4.470905247322955,-3.8575042803010655,-5.676470154234339,-4.9973660039969126,10.16268989436344,-6.226372260550606,-3.649294200826653,5.185383123385995
0.24,4.677188585963903,-2.95112863727007,-10.845581124882289,3.7710195616654776,-6.159901687682705,1.0696647200084903,-1.1505177791520538,5.680673854758566,-3.63569374599988,3.749019940643384,3.736854312745366,-0.854355614191761,-2.617121418393559,-2.744857658471669,-2.1623322194488543,-1.9131455716610235,-2.4888031385488394,1.2722811892640007,0.5947427733990887,-4.121255788318514,-5.885493137366787,9.78769076799468,3.703249825974183,-6.206565151574038,9.561751371262618,-0.886227765551111,9.79772922788938,-3.65714602685988,5.940764543891944,13.954317076610907,-0.8371611452250586,-10.204013936439448,-13.042510957745955,-10.139354746478846,-0.0517490409321232,-5.475928780804758,4.265744082503795,-10.038612750565113,1.0464603625574225,-3.760077503955678,-1.2756215683673553,-0.2869041049453051,-0.7864382297534429,6.292061957626533,-1.320243120609764,-2.929427759363782,3.684562527122462,-3.4785859443439775,-10.690034799414207,-6.750548443813301,-6.27653768213905,2.834600280913954,3.5916296910593344,-2.8741967229653067,4.186756064115122,-4.372813022316751,-6.583809641627906,-5.355040827634857,10.377310098166936,-6.064231316533944,-4.721730589084438,4.1251107122488495
0.242,5.122757513358841,-2.774238193399617,-10.54937819837282,4.317643956437048,-5.419745520077074,1.4675723491418309,-1.5754666916008926,6.181634205679713,-3.03727354585616,4.36498345157254,3.561519414039464,-2.658756723020718,-2.924892395034917,-3.664309012540381,-2.883126822154313,-2.099849505198821,-1.7104236002117894,0.5273798380066714,1.2831377229742396,-4.446689371724463,-7.125702627774008,9.735468994522964,4.378857976669346,-6.0024215056079875,9.689008228865818,1.049499957344875,7.678189039515076,-5.369990036689204,5.416219415130303,14.102747912758716,-2.54236545128778,-10.921801014856731,-13.764441163030904,-11.291625402321264,1.1629439259374277,-5.27117656751535,3.930305005425264,-10.010719426927816,1.698971513250728,-3.5370516774412963,-1.2483186391087546,-0.2124013079015662,-2.268128095610191,7.02862489882159,-0.9743695539668612,-3.306566203127857,5.36294736041263,-3.6720862259635725,-11.381430557488411,-6.900593350790598,-7.0222789572062405,3.639080222882781,3.1718478597197968,-1.7738304635888658,3.880775765891838,-4.79290510381118,-7.258937231702601,-5.6885595393093125,10.30350865475107,-5.814351791569647,-5.853271252213868,3.060485201169276
0.244,5.51531311341692,-2.614531647663554,-10.249064151741742,4.704954083595778,-4.698766087856546,1.872213493982032,-1.803021533238828,6.430698948169922,-2.71212269508374,5.006948635481717,3.13765344574189,-4.853883599452233,-3.2442301045667272,-4.070867659298923,-3.489045769877245,-2.029919505712072,-0.7102153429987158,-0.1545685455730481,1.8964631538323387,-4.537483163264633,-7.995456178694734,9.984703587688513,5.121063382893292,-6.227341478578278,9.48529629831935,3.0346401184096146,5.099296706642518,-6.545425044866866,5.023719279338751,14.135006784887256,-4.226819360632209,-11.82030491771849,-13.7520844816084,-12.054756044012407,2.479418759627042,-5.039618513291701,3.5152517705833533,-10.008444964697164,2.0502347169215893,-2.885522728339057,-1.1450812408881843,-0.4846413344102517,-3.9900668686544982,7.791318770771034,-0.8587484961156764,-3.602623496437818,6.716958525853308,-3.718262990526097,-12.050901511400403,-6.83482280281931,-7.344907949284246,4.564952060369349,2.7768689890552576,-0.6499227676411612,3.6240571642684634,-5.028234290778038,-7.689994505230801,-6.011405613259201,10.02066538847603,-5.543546533744096,-6.928276384746277,2.1397127801610263
0.246,5.79445202020504,-2.5690136222250195,-9.988658370036129,4.860131828969975,-4.141311339511702,2.234708035418904,-1.7782117756904345,6.454246845345279,-2.584030660316255,5.6829873585548345,2.4315732600322253,-7.154536238927182,-3.5134338305118384,-3.844390450226812,-3.861192398068684,-1.7596977558097278,0.3692872106109403,-0.7039041413133639,2.370354907470496,-4.3245890484733565,-8.413789153478596,10.44350389220285,5.805214204139404,-6.967105179136205,8.995744718932759,4.786033359731503,2.396076056846065,-7.043468744280671,4.817726549041613,13.94198532365836,-5.600180108865146,-12.858941884124514,-13.092936430010171,-12.256570324442016,3.562140137320507,-4.861968603007913,3.0401633316156715,-10.05835144382231,2.137950359386255,-1.9765325877521915,-0.955935367222938,-0.9536483636933032,-5.592084482370297,8.420086208726037,-1.046535645622829,-3.8145072378111413,7.446174706239682,-3.602127511115916,-12.698039941062405,-6.499949600987985,-7.1368806258863815,5.576945480523655,2.4270581490948633,0.2779488198638479,3.490345030217457,-5.051155770490191,-7.914270142945415,-6.33077475936173,9.606394174948193,-5.335589858211038,-7.841621049333108,1.4630231457879082
0.248,5.895310387369265,-2.691045784556179,-9.809436344263704,4.764752430800828,-3.814055494322336,2.514007615405007,-1.4729903718138844,6.302140691160916,-2.5568531239176497,6.384220270262392,1.467113932714108,-9.241662684339287,-3.691222597474268,-2.984622208371955,-3.9266778586727566,-1.3886511540767197,1.3708237626664956,-1.0577782734855834,2.6943073989896007,-3.830007456793119,-8.376654267192157,10.971581096338152,6.332696535899688,-8.232702069529664,8.32993495169255,6.059398294771067,-0.1026355553720566,-6.863131760643914,4.83664579972333,13.473912620681393,-6.426926050582702,-13.97245208492048,-12.001437260062522,-11.8327163834817,4.119998920402116,-4.7921229164185295,2.5409090456737085,-10.198946233245126,2.0246218877311457,-1.006476522118152,-0.70562935518062,-1.4501322430589731,-6.727106121703594,8.792322134097077,-1.537627888977276,-3.9481562979478126,7.394977680156631,-3.3401646702701955,-13.332091696238955,-5.92346291097447,-6.3887093208702685,6.577811572364499,2.1376527393530127,0.8061600120190957,3.53503637327094,-4.898355212719849,-8.006395658157768,-6.647348120361563,9.122123038766938,-5.275533362686817,-8.517109843780569,1.066582465576679
0.25,5.767775582177873,-2.976560186684023,-9.739816187574906,4.458529073995447,-3.6986571401257207,2.687559443340493,-0.8963397421552186,6.0299686145330496,-2.5466948566921306,7.075787778596074,0.3413889043031694,-10.827952976267555,-3.766757939526874,-1.6061723854142382,-3.671835919887677,-1.035269289083597,2.1549773827788825,-1.168553486628276,2.906315422203833,-3.167969800311452,-7.956852583909101,11.41388760835381,6.6491203399678565,-9.935281520934538,7.6403113968380385,6.699508823122387,-2.12359430187199,-6.142908627071796,5.092097631845018,12.756057432757004,-6.573058573370743,-15.080748943787569,-10.766125478353318,-10.84461290565749,3.9766888051450944,-4.848198729596786,2.069080416325097,-10.474306636649464,1.7764324999073955,-0.1522013750290176,-0.453184765064653,-1.829267288454525,-7.14425975287568,8.850953194867818,-2.255270402431189,-4.012912506113551,6.586954306608382,-2.9769967226237912,-13.96771839415506,-5.206548414507556,-5.196598520373208,7.434382780753631,1.9176097052301686,0.8057696233871453,3.778459306182384,-4.655106118378009,-8.05900157443728,-6.95548966715548,8.608504850136038,-5.433118641532744,-8.919768211510307,0.9223703800405436
0.252,5.395144222420847,-3.3648469283982907,-9.789460957906783,4.02743962556955,-3.705648500656022,2.754158509307841,-0.10012875056786397,5.681752160017445,-2.509985742513637,7.698640802467995,-0.7748026520681333,-11.716562429464586,-3.7626598531403537,0.0946510034360961,-3.142926592149425,-0.8059364359671823,2.6300249107654725,-1.0129751244257978,3.0749521104294546,-2.521804150380329,-7.290793506572957,11.64019037538952,6.751067014285431,-11.88472094620544,7.091259942493756,6.6692523834179065,-3.484521417316661,-5.126836862817909,5.5637710551611415,11.883055502022772,-6.0320614946557205,-16.100615493827302,-9.684590604204336,-9.46830971002609,3.1153025957984046,-5.012867913166309,1.6868469225747236,-10.924857105715448,1.4472601099269349,0.464304297189196,-0.2817989250181127,-2.005200450025656,-6.749548656666275,8.61620802526927,-3.0632426563401163,-4.016663643701067,5.219811843218477,-2.5768900864592186,-14.620424178202652,-4.498840328486602,-3.7453858648288505,8.013449169534113,1.7708967397978037,0.2647509315799215,4.194435180487626,-4.426660782175484,-8.160092669394972,-7.244801283603583,8.092772929566951,-5.84749931693081,-9.058749883039384,0.953335048181232
0.254,4.80561304478372,-3.755914044711981,-9.946709570997792,3.579052993582626,-3.705611172119316,2.727886743683716,0.8255631874138729,5.278642435290573,-2.4569825526484146,8.178695301847515,-1.6672077276146025,-11.839054912470727,-3.728804568987601,1.8895912650959863,-2.435033854728004,-0.7675573833126409,2.77520041867843,-0.5991718791713576,3.2767139230085593,-2.098978693336563,-6.548144087773458,11.578264589575422,6.678957968341063,-13.81327128214594,6.823701899473607,6.056786713360842,-4.113128955667819,-4.109268136984696,6.199460417978158,10.996068805073708,-4.922010845716853,-16.958331936269367,-8.996214531990805,-7.957008095246706,1.6808339748893488,-5.244843775834233,1.456792800368018,-11.574744836863276,1.0719680057462655,0.7948510982513516,-0.281701723578331,-1.9695343171931927,-5.62678711099143,8.174904490843371,-3.7988352322760672,-3.964328097790406,3.61829944629517,-2.2085470353684973,-15.298832290883237,-3.958069348991927,-2.2724220469268848,8.219055829037746,1.697889638144638,-0.7007012618491643,4.709269424429734,-4.304068076249924,-8.370633890501967,-7.502918378105548,7.599730971098219,-6.516898973867269,-8.978699572623253,1.0597232750937589
0.256,4.07662573045436,-4.04537869831771,-10.180091119272973,3.2115338710139296,-3.5713360527997287,2.628392976859072,1.765899222181584,4.817661309230449,-2.4476715723064126,8.44453737555778,-2.1248084738067754,-11.266111641563224,-3.728882486748976,3.574096477595134,-1.6680602938060891,-0.9337058159559382,2.6402688924046904,0.0335387315533418,3.5725185813116385,-2.0768956229243325,-5.897864924520611,11.228583419505672,6.499544376972696,-15.421654626582427,6.925832550596306,5.05272448617976,-4.049081104675203,-3.368338804973017,6.922967945149543,10.247932873338575,-3.453190751711243,-17.597446207544447,-8.827055535555516,-6.582720829482472,-0.0615635549913954,-5.493351709817262,1.4265710724208869,-12.421674837940603,0.6658604347284366,0.8660317061030779,-0.5308767290122939,-1.7897217361127815,-4.015736736482829,7.648843034439778,-4.313287389399831,-3.859019664438009,2.1502837095463887,-1.926933650670335,-16.000292891724616,-3.7127922288571833,-1.0208776687500278,8.01871854331975,1.6952795175154245,-1.8681532289296727,5.214124102423372,-4.333031317105906,-8.707621223355902,-7.7186061539984445,7.158298951854119,-7.395868094148267,-8.743664234408891,1.145850778867085
0.258,3.3202090550482395,-4.16272532067742,-10.444764412850557,2.9863874764676672,-3.2137079590354363,2.4684166815126245,2.5998247789129456,4.28066108323488,-2.5716545140026827,8.44896649668231,-1.983952844162172,-10.184181710230394,-3.821050552212671,5.010815513644644,-0.959734608166085,-1.266403509193797,2.3295439533031623,0.8214051491806529,3.988766159693768,-2.5556518953431104,-5.476184543107277,10.663403642351671,6.283065068720605,-16.434786107444562,7.415664190037133,3.903884773338758,-3.4269182250480976,-3.101291113632473,7.64586050710676,9.762444368412302,-1.8809009578299365,-17.985109585837087,-9.166931564751197,-5.572046327636372,-1.7953950986053553,-5.711743409018921,1.6160043844231544,-13.434196202543898,0.2341270857715097,0.7622624979397447,-1.0745944803151015,-1.5848566339236034,-2.2584955568344443,7.158648154619689,-4.507607519490017,-3.7046259019118706,1.1370652412253388,-1.760736000784328,-16.70827928275424,-3.83203449290304,-0.1915653118372845,7.455082600257525,1.7571333005829075,-2.957543075847292,5.587597310601382,-4.49679601862372,-9.137330114644442,-7.885220831584325,6.804321010927277,-8.4005118441315,-8.420743613292949,1.1445533756553925
0.26,2.6586036263086887,-4.098356164756567,-10.69412304390664,2.9093147028788766,-2.603223430469178,2.2438133197229364,3.2219184776472454,3.648416911674591,-2.916139333760518,8.186225728073953,-1.1715098147055454,-8.846566130173857,-4.040319082813821,6.151691582371869,-0.3997089524187511,-1.6893643085466972,1.976021855410356,1.682551866910914,4.508837220604885,-3.5275459882001683,-5.3603863765759465,10.010666870529445,6.084434041880258,-16.659069547784654,8.2390449215211,2.855755985720905,-2.445798135081051,-3.385129922850965,8.280113317464377,9.605297691820628,-0.4509842962877432,-18.115715248186124,-9.876120947046322,-5.0544579808844405,-3.230149413568048,-5.868382220347378,2.008052152474272,-14.55344313571893,-0.217733395858299,0.5960935431985441,-1.910942843116872,-1.4897149230233413,-0.7126853129312019,6.790683729046401,-4.354364541875728,-3.5102920949719882,0.7814646560332547,-1.7070386523966046,-17.391311155283038,-4.3065973848170245,0.097076511019975,6.639264740402034,1.8744683858816247,-3.696834718453737,5.722331299626586,-4.718848004453838,-9.578753362133575,-8.001715774680418,6.57758746672582,-9.420744515701305,-8.064326956143777,1.0307612437415676
0.262,2.2037574340498347,-3.909109091551636,-10.888639844033504,2.9264176849295898,-1.777524876136222,1.933264504267292,3.564311307183945,2.9155266045543,-3.534418284116252,7.700548161678919,0.2676043515275855,-7.51292230494668,-4.38780282200996,7.0337230960016655,-0.0320819577679232,-2.113005566822055,1.7071896464422784,2.529418621400485,5.07733000331606,-4.872592735923775,-5.556455779126788,9.421889093640608,5.931770929445131,-16.025225719465077,9.281954885082856,2.100001143985222,-1.334294789379767,-4.163887677868443,8.75256494021611,9.771117022136425,0.6504015798730763,-18.01041849122555,-10.719417047852296,-5.0366942374856265,-4.164659548452017,-5.95143630478152,2.546651429740552,-15.69992822453166,-0.6773666442042953,0.475249474466607,-2.985772645102186,-1.6145909820957751,0.3307235717228622,6.5731937695171245,-3.9015662119260326,-3.2935506812000805,1.1206760597992207,-1.7315193585929827,-18.006811000695944,-5.0502541245125245,-0.1694060689750196,5.726220628641258,2.0350803634811827,-3.8870927831508646,5.551567875626947,-4.881864136002132,-9.918004427269532,-8.073754018078324,6.509936780074487,-10.33912227547515,-7.706260424521035,0.8243711873044421
0.264,2.027455936931504,-3.703651033282205,-11.003227982240924,2.939980032077466,-0.8302195681612996,1.5055464751970524,3.610644870229015,2.1029610947883213,-4.423312940233016,7.0821139657192775,2.168633495005238,-6.390278312493376,-4.827403381392266,7.747950391280232,0.1487445341915445,-2.4628147594109526,1.6185606778604444,3.2828942975415227,5.614399392994956,-6.383145440241998,-6.0025673481964334,9.036663368732128,5.823259398953521,-14.604029952573024,10.397146099589644,1.7354544145528843,-0.3104623432930405,-5.26614098261726,9.016162481542285,10.186067368510656,1.327340480954082,-17.71234631736235,-11.423269314295748,-5.40896123741209,-4.522389572708266,-5.967409159398662,3.1441281758394437,-16.785634015964746,-1.1233894499824306,0.4737102135573116,-4.19891288412274,-2.0106583194040653,0.7050501659844477,6.474715936778987,-3.258090414835212,-3.0804408908585126,2.0210212253895112,-1.777728158094484,-18.50734415172097,-5.9220860449692605,-0.902804622632522,4.879708678044938,2.2244257377845775,-3.450738927908427,5.065327497812694,-4.859574474999504,-10.035102710072216,-8.111098126255152,6.608484605725592,-11.052490413011702,-7.354327204546892,0.581573626328905
0.266,2.141048608310089,-3.612786280009858,-11.034742274468153,2.8362926069092254,0.115456779035616,0.933682026459198,3.3984658411982784,1.2631891425782351,-5.512783624353522,6.44776503891769,4.268984351968518,-5.589193209388025,-5.290395678676437,8.393573428908928,0.1924793185616726,-2.702824734097429,1.754989630227713,3.887013406252119,6.035438152467166,-7.808447633321262,-6.586403122788251,8.95110170430434,5.736864304410557,-12.591246424232635,11.433826131441878,1.7533974086897928,0.4522521212179409,-6.451083380421036,9.05664500251981,10.730166011470468,1.582461036100504,-17.280770156774167,-11.737918736312592,-5.977972543683513,-4.3547140210831685,-5.9327318693897,3.695842927303624,-17.728458101517017,-1.5294197446592903,0.616658709189494,-5.419698869664046,-2.653793428738051,0.3963240538958489,6.419092930605753,-2.5623182743685287,-2.9017152480659414,3.2180395939029824,-1.7839041769835662,-18.84629704809224,-6.756962442732594,-1.9344543367442744,4.236350392301284,2.4268511254901264,-2.4517053195649607,4.314719640920803,-4.553000431639613,-9.834455212341798,-8.124994556793155,6.843402541327456,-11.493899121800869,-7.00051896025549,0.3783143680926153
0.268,2.488507294014205,-3.748916268302924,-11.002022164126911,2.5156883505688605,0.9351164386937516,0.2128326633811469,3.0111116258700283,0.4758479546479529,-6.674790778216406,5.914738707768979,6.260620656705935,-5.109682153690251,-5.689163199456023,9.034257794555186,0.1754999125516428,-2.8467124556336274,2.101083595124208,4.317635220445503,6.2726244688571535,-8.911183487445179,-7.173298614316334,9.1959168173948,5.647466877317716,-10.267792772391665,12.266056001877072,2.0521383161936018,0.8504467526016422,-7.466391781050441,8.89182557751764,11.266539476569523,1.502655141116975,-16.782165323622845,-11.493274921955251,-6.519507469759104,-3.809834642001049,-5.86369201589987,4.102501873203526,-18.46465525817496,-1.8732691117668567,0.8803301642655118,-6.509950475786204,-3.44767934183441,-0.4669347113922871,6.312889006836022,-1.9444470333016504,-2.786772802438506,4.385764566567577,-1.700293764048858,-18.98606206937407,-7.4009491189981,-3.0510125299960245,3.876838800714232,2.6269107252055073,-1.081718798981025,3.402835647321218,-3.9213329484858255,-9.2713044891838,-8.127589876868866,7.147057332355712,-11.6476706827825,-6.635745921100061,0.2929171366186471
0.27,2.9596117198509466,-4.16647500548731,-10.942031084536374,1.919487953281867,1.5306615142014477,-0.6271040675495816,2.5595899266391378,-0.164418398608664,-7.751561641817373,5.573862624501097,7.857762969756875,-4.856665032165642,-5.936285191459731,9.666683546095497,0.1776438043355452,-2.954165306865328,2.589989400359676,4.5846572625029145,6.29301106642523,-9.521885396818748,-7.636082021875084,9.731204980741577,5.543445054955523,-7.9429693921128095,12.813841467371036,2.474580776400781,0.8668357746250869,-8.106218131448793,8.563745466481873,11.673395715624206,1.229425155178666,-16.282214878895545,-10.63592165349286,-6.8372950285455385,-3.079657199313656,-5.770564010678382,4.293815356363447,-18.95796190618359,-2.149140452039996,1.2050130427031234,-7.347646862535312,-4.245751092601693,-1.655472037793213,6.078823922383765,-1.495456757273995,-2.756611621234052,5.21580535938475,-1.5018123700594952,-18.90427361318236,-7.742978207833449,-4.0382126714210935,3.8115736237321896,2.8109436160456616,0.3834582937784928,2.4623686445534614,-2.998638742438525,-8.372224312832062,-8.130325046535503,7.421749249891766,-11.554013174186029,-6.262580632175883,0.3906012218847244
0.272,3.413921748335056,-4.83569771959652,-10.900092157464885,1.0472003461260495,1.847284590936432,-1.5171106889160693,2.1576115025800515,-0.565729198764768,-8.592557786025264,5.468432714034157,8.853252348675326,-4.678045898318143,-5.962202177314445,10.216511989996471,0.2629699506765823,-3.111578579694669,3.120343172718211,4.729657295816903,6.1084430788177375,-9.575939737375757,-7.88142944237569,10.45866962420727,5.4401885004536,-5.8929016466012865,13.051926486183334,2.856216525332726,0.5655661225126166,-8.255104333807738,8.128378471073724,11.867115469518149,0.9211564026217702,-15.837967607291311,-9.238513278712544,-6.809551913226173,-2.3459171978772115,-5.65338139270786,4.244046838387234,-19.202950274176843,-2.3744857682201674,1.517040188671771,-7.847311019989575,-4.88928839136656,-2.8985725217375475,5.682409168599767,-1.2472058524440064,-2.8195020330866,5.486606037242165,-1.1959729412791085,-18.597038046496664,-7.735780836571406,-4.72249870848653,3.982105769213943,2.96851271458517,1.6467690343632366,1.626261807953405,-1.8909080735910764,-7.241889334759353,-8.144032353239597,7.558523732098114,-11.303937385760632,-5.902982265235001,0.7108742141302636
0.274,3.7086938673791696,-5.642087675784419,-10.917777118619917,-0.0433736537910251,1.8782349000663607,-2.355990287738282,1.8954602674250993,-0.6574154059247979,-9.09028639338197,5.585657876130488,9.16207953345462,-4.414492069799743,-5.729147294097957,10.560848994504765,0.4628262277553276,-3.4034415252031134,3.5768718829123807,4.816854632722428,5.774025958124824,-9.126259132795017,-7.867455690823045,11.246593952887846,5.383140547436098,-4.30975478335401,13.00610665618647,3.072692540566124,0.0721781675818388,-7.9062231647426655,7.6426385349195,11.81552036206938,0.7151647357235796,-15.489602668908503,-7.480476925648896,-6.412469266704746,-1.736078128241499,-5.50102681988867,3.9783618201746176,-19.22163384761508,-2.587220965052809,1.7520030483120277,-7.971370166086558,-5.249107711237346,-3.9444203419179913,5.145770321910151,-1.1695294066451771,-2.970118462264043,5.113054383397662,-0.8266745879085813,-18.08043664292534,-7.405381725682843,-4.999963151559035,4.2803761982412665,3.0930899728655454,2.4576651199795023,1.002307190783251,-0.7539275696698294,-6.0494474748070175,-8.179691402179634,7.463510033556167,-11.02221914287453,-5.601000336907762,1.2625867259771724
0.276,3.735632536704691,-6.409104349215556,-11.022853338310837,-1.2520477611665848,1.6579471800093448,-3.029172054681732,1.8204960508265469,-0.4060557702429592,-9.206990983682903,5.861945456667016,8.83883840611238,-3.950638138841186,-5.238828995765185,10.568797635794091,0.7717570923808258,-3.8843893812538473,3.855542638200807,4.9160756654694175,5.3761013161039255,-8.328461493938725,-7.608936117999415,11.95953799044923,5.437700951670593,-3.274072081915543,12.739224763097315,3.071716158689397,-0.4549069218470961,-7.155094870969592,7.152978748634701,11.535477496452136,0.70085543607254,-15.254528110495407,-5.6050531083812265,-5.71881212906065,-1.300671389278244,-5.2962770622505815,3.5700964717496086,-19.057522211525605,-2.8374857100085658,1.8717571089202565,-7.730959509850507,-5.261251444351867,-4.613815114262356,4.543591342628514,-1.1869718995224945,-3.1918435849881233,4.168085264218388,-0.4681436869251854,-17.389474090472973,-6.842682480999232,-4.849873577220748,4.578197056859213,3.1814374979798457,2.6664833347129115,0.6517000729030695,0.2412467845367112,-5.000632569710981,-8.250115989177,7.08489209307161,-10.842850292292765,-5.415633727810148,2.027081908334613
0.278,3.447916238694,-6.939247005301192,-11.219617250668646,-2.4620126107523017,1.2467566770053684,-3.432347240442596,1.9281480279211272,0.1751747165129663,-8.985687794237204,6.204199538597268,8.062897903923822,-3.250656308382596,-4.5329774361624136,10.15186147760658,1.1558431723315157,-4.557570182595863,3.883096628335852,5.088566508014376,5.014170679083092,-7.402660520626497,-7.170822155459207,12.486693502354182,5.671556178567818,-2.7544613848535313,12.331307805007077,2.882238442188771,-0.8601094665921716,-6.170411334126807,6.688977818710824,11.079100620234431,0.9068701932244522,-15.124852603080226,-3.864479471001336,-4.86955600306306,-1.0162100280503774,-5.024614230454623,3.1245618448312844,-18.765057096448203,-3.170941985125659,1.87049042014046,-7.178197665004898,-4.9467034322871335,-4.831126310936715,3.9824450119930286,-1.205241028555653,-3.4622076086271285,2.861506149133646,-0.2092546156034704,-16.573291258422667,-6.183101814093613,-4.331681897062663,4.75781009953158,3.2329996189437593,2.2545209290993453,0.5769448519098884,0.946580425986248,-4.300060847458711,-8.37436328114441,6.430654354870431,-10.88158799510203,-5.405647818047719,2.96059958933116
0.28,2.8668798416205954,-7.068143210484844,-11.486078230755076,-3.5652583843577546,0.7172903774926183,-3.4953032311473686,2.165245459150415,1.0222330160159332,-8.540407714429374,6.51786046212694,7.097649616451135,-2.369446483209165,-3.686766005418389,9.303123268072603,1.563473151136269,-5.366727976341149,3.63243771680674,5.375296644012489,4.779905837241847,-6.581512537013688,-6.653337265478111,12.764099223776483,6.131940565310583,-2.6314080220114406,11.85973633914194,2.603798346880614,-1.0256834713484846,-5.146668755543378,6.263281776818871,10.516434740511556,1.3033340095123065,-15.06978745686623,-2.4645181024847687,-4.031747052585426,-0.8065755592488608,-4.685432766747605,2.7563530478417726,-18.39765215039912,-3.610854519503997,1.769756458078007,-6.389210862693098,-4.410667702446325,-4.620435796949279,3.569889220194069,-1.1396919125357727,-3.7610902614262214,1.4822478587787948,-0.13583935608285636,-15.689168731937333,-5.57977409280534,-3.5647894082231684,4.738533879413254,3.248818929168228,1.3313642706948168,0.7271270268564712,1.2713780443569014,-4.108908573040167,-8.57838909398541,5.571756010989127,-11.20939796233241,-5.612319142005661,3.997616820821947
0.282,2.079643756559216,-6.709677956810409,-11.77698595247934,-4.4873952250040725,0.1390621896911933,-3.200977554785662,2.4443684023965533,2.027337435995442,-8.027052228938748,6.73046932333008,6.226511400605895,-1.43498757649437,-2.7943543306824585,8.113225430647233,1.942144013424188,-6.205456771811175,3.131052122721872,5.787148952981591,4.7378376825918345,-6.058512887089097,-6.170345319490089,12.78326982990139,6.82483984285473,-2.739114690320828,11.383953617481966,2.373122115523706,-0.8972288520164948,-4.257835325165286,5.875420030624102,9.916175644224689,1.8153388533423531,-15.042959130483862,-1.5209202521592782,-3.354800480415931,-0.5808888288282013,-4.301242850567582,2.5660906187606924,-17.997498971671018,-4.143891604485053,1.6054888639589155,-5.44397937864604,-3.8220313100456056,-4.076542042065662,3.381450335122414,-0.9412324948099726,-4.0778784406187,0.3316001683287213,-0.3164233298836081,-14.79728823859256,-5.174890630756931,-2.700368987690112,4.492775607682217,3.229382550125518,0.1038581683351665,1.0153208426978428,1.2030713731969749,-4.507590113999807,-8.891751657309406,4.630217839302709,-11.834860229262636,-6.042150831290122,5.056062475719991
0.284,1.2250572603291665,-5.88220097821379,-12.032067270958466,-5.201906312965932,-0.4298908065090429,-2.5901280177264714,2.667896838232415,3.055479413776068,-7.606694866895715,6.810743150884573,5.686381745978856,-0.6120278456070515,-1.9528243311529017,6.75924282310092,2.2536003733863974,-6.941079893738464,2.452017266227837,6.3041048147485865,4.911481575953573,-5.950261063832764,-5.828185288108993,12.585837219375254,7.70279250064448,-2.9117278365432693,10.936417686034927,2.318369145335729,-0.4950324788780341,-3.619777764265917,5.519687567651659,9.33335455955757,2.345131816154392,-14.993869239565315,-1.0367084168657927,-2.933855781460152,-0.2686838917961591,-3.918088984735645,2.6168924305099863,-17.591175523451636,-4.714460562030691,1.4121058229759085,-4.410294060560731,-3.378396665792525,-3.331734484159261,3.436837299853829,-0.6074972834538709,-4.414901280408111,-0.3442427075043289,-0.7878633296149198,-13.955333876288677,-5.071836953469129,-1.8893437353081293,4.048610802623244,3.1725761065235005,-1.1743077828378372,1.3401370135992194,0.8110702755664139,-5.472129550285207,-9.3423830339589,3.7556118735157766,-12.69926315254736,-6.658903709909316,6.0401763484318725
0.286,0.4687710184419574,-4.715636483332113,-12.190880113650373,-5.728487495969978,-0.9436716965146552,-1.7518787499350714,2.7544476094776584,3.9641049014101295,-7.408439592913153,6.777598699018522,5.611037870506912,-0.0541639553528837,-1.249933194878272,5.465309690021214,2.4799440274793243,-7.444684094567456,1.7006771227610924,6.88410592881886,5.277579163805885,-6.2794086657805215,-5.71092161421707,12.247937553708423,8.669159264921142,-3.0226834218424177,10.526249853544464,2.5212526898573047,0.090626627104366,-3.269373342170514,5.191893326787231,8.804945044592298,2.7950699348821746,-14.881671030858792,-0.9092947709234508,-2.79195264313385,0.162001782421909,-3.6007707823432957,2.921923468212212,-17.18842005637756,-5.230642906859509,1.209863584533417,-3.3336409669849005,-3.260818984071369,-2.5191919540402465,3.692062898826821,-0.1771685819331694,-4.785639974183816,-0.4070098402375366,-1.545472309795128,-13.212350054634399,-5.319186600705354,-1.2549896295113294,3.4782007243870825,3.0733281277300475,-2.2617786814421352,1.6098683746778724,0.2310535383017978,-6.8712344767435285,-9.949880134768936,3.0900900072230484,-13.686926372863176,-7.389598586920563,6.845992543742887
0.288,-0.0282576443421762,-3.424352108386641,-12.208121179559845,-6.119668426061611,-1.3661725399008189,-0.8059648447358734,2.6606226313390904,4.625531989993342,-7.50072940220308,6.689158579448812,6.001912669036936,0.1403593573065766,-0.7510755551115194,4.4453099932591575,2.623830774224088,-7.621296838775601,0.9949664065010267,7.47512184540321,5.7719157019364715,-6.979421829330338,-5.868498369325225,11.859059838341857,9.595881030904495,-3.0102305792231396,10.149353986270844,2.993609026454437,0.7220712350818159,-3.16850353482842,4.8947492456900665,8.352504991879595,3.087736442292666,-14.68450006181862,-0.9602134887840826,-2.8832497935675896,0.6984257172103174,-3.4197192243677987,3.443508229541865,-16.784355078925586,-5.582300378679425,1.0006648318649638,-2.237801684632528,-3.588421288995294,-1.7429981701745472,4.047889487191368,0.284387139596701,-5.208850425760071,0.1455184737707395,-2.542947798469336,-12.606011644802129,-5.906010919125753,-0.8756167128620468,2.8768947234458864,2.923721326266244,-2.980423930407531,1.7632206351805,-0.3653187497338624,-8.485904221578686,-10.717750635941249,2.733440713071562,-14.647279629269349,-8.135919015384335,7.371010165773884
0.29,-0.1443018364925563,-2.259683715938133,-12.068742939418389,-6.43849297589085,-1.6668657018280155,0.1212490494297418,2.3928373950855075,4.948721652107018,-7.878788589907841,6.623627897011855,6.735600606230878,-0.0425697126339034,-0.4905469381161456,3.8471664337386073,2.7044874493286173,-7.434917860358213,0.4371212288946641,8.029607242570002,6.303471094578327,-7.919065048885471,-6.31244903348412,11.50074288952462,10.352107125939604,-2.8817233300732097,9.799481920704595,3.674443949272793,1.2487599237251217,-3.227730166976317,4.640099291274432,7.990517064669682,3.177255931554216,-14.40561850799248,-0.9780253933688208,-3.114305873682422,1.293434124451433,-3.433484809224656,4.101377549994989,-16.3679916834344,-5.666614527363992,0.772443327201616,-1.1310397335145117,-4.388737583257058,-1.067416852224023,4.372489253370044,0.7101837711601681,-5.698755767504515,1.1789936026082022,-3.6974958194051433,-12.159353878545327,-6.762728611984366,-0.7761063108913924,2.34018254160298,2.7146421733144965,-3.2469458424505167,1.7798947186666711,-0.8072236239229943,-10.047168363513856,-11.625959059562762,2.7194318637216965,-15.425195813099688,-8.794440820245976,7.525909892627999
0.292,0.179414612811214,-1.4535359276313395,-11.79979964802307,-6.737465479395596,-1.8192195786934564,0.9198056611586202,2.007365756589535,4.892872604996985,-8.470536359728603,6.656530158562803,7.598118561248534,-0.5271890794393095,-0.4702233252236209,3.712072227225373,2.74841062605373,-6.9174995015708935,0.0950483514195207,8.517926731404193,6.772995583476941,-8.940272255367548,-7.018040398721796,11.230855050673782,10.836635742434776,-2.6977767381953432,9.481268439416548,4.449848693194973,1.5469672058125945,-3.3430663061705634,4.447006472933038,7.73416463377805,3.0537570111678347,-14.07192424721658,-0.7703785235005969,-3.377529496648206,1.8873589289143509,-3.671983280777885,4.7914725395787015,-15.931063543776387,-5.415808071100019,0.5104558716100143,-0.0169466199843433,-5.586465949133644,-0.520126245372928,4.534560228208304,1.0591746598004432,-6.254944428182226,2.45991518211262,-4.898673373091503,-11.878335612486314,-7.772592924425133,-0.9308543640981516,1.943223261311531,2.4372220003501797,-3.079765189123197,1.6814919582255858,-0.9619516829990044,-11.28479123967539,-12.627227851411858,3.0079781392209464,-15.893732326359467,-9.279939934828503,7.251547444685689
0.294,0.9337737608839932,-1.1658211327137276,-11.469812717028054,-7.043779634185078,-1.8044887479120892,1.5134937653649667,1.5983963288959893,4.475026057535009,-9.159966624749584,6.834518137802466,8.33951380695936,-1.1671787593590366,-0.6631046573014009,3.961539941363061,2.782314537763787,-6.160463127445973,-0.0096455744168793,8.935851206401995,7.09240768652056,-9.89813985118641,-7.927895771951197,11.074862942637486,11.003776493022272,-2.544358597857224,9.21763622939134,5.187344176178296,1.554978227343773,-3.4338019894646945,4.336864702565134,7.603208900868152,2.7414649449989845,-13.723059071233823,-0.2091870854720575,-3.583535227221493,2.4287455856016917,-4.123372433970675,5.407593466074131,-15.475439693491838,-4.819915812999829,0.2123348017107305,1.0913597452517647,-7.013362491650122,-0.1040666999861648,4.43429633237858,1.3297705225851033,-6.855330274235908,3.7104526220782335,-6.024014449437777,-11.754144727328619,-8.79293111304835,-1.2754634135562983,1.7276685364925588,2.0844594917631096,-2.5805405779642983,1.5206685753691502,-0.76119048786262,-11.978828868158825,-13.648802926092287,3.4958248684829254,-15.981507801473738,-9.542866698353349,6.533835037578696
0.296,2.047670462820937,-1.4431326212329767,-11.17974857459406,-7.355070029838137,-1.6170771322909006,1.8681810314977505,1.275670172586534,3.766118630827672,-9.817719481814295,7.156072215068296,8.732170667920546,-1.7856869610438253,-1.022866914582358,4.420565932236986,2.827793856812235,-5.2939896510240025,0.0959620641937893,9.306247451451378,7.20330968157638,-10.688309174177467,-8.959741277157407,11.0283859161206,10.876545650422576,-2.504735608412013,9.048150063025703,5.7754270275357324,1.2939929203156726,-3.467475863573205,4.328147562093219,7.620785638309001,2.2904179680029886,-13.397660301085038,0.7455165832159896,-3.686421065876031,2.8906136471049084,-4.732364398249295,5.861002047703846,-15.018434926131924,-3.935870317342265,-0.0989463754320594,2.162255944467706,-8.43950249461883,0.1871127001504536,4.02667624149975,1.5607243075228543,-7.453735018553324,4.6611606476312,-6.955106549934495,-11.764858249965064,-9.67784005567625,-1.721890573174365,1.6973956244495207,1.6525443209249606,-1.899141459573256,1.3638007186350247,-0.2113341436995897,-12.002366969588875,-14.60165519520336,4.043969687861354,-15.69051350020905,-9.579967329022278,5.414625131930032
0.298,3.403592575824526,-2.207377009908954,-11.04379008638896,-7.646401089106199,-1.272470407473139,1.9881876654427264,1.1395649951890554,2.874726181550961,-10.329495425373969,7.565905031149274,8.626809668571031,-2.2196525986696694,-1.4928180706795238,4.867802024396567,2.8975529925356125,-4.459542464284309,0.3511082007849734,9.66975210707162,7.088715206300348,-11.26041510859726,-10.016227425362375,11.064926050527337,10.541911428055034,-2.633609965638921,9.018791222712045,6.157185646881025,0.8684571653492026,-3.469116471328105,4.430297112726524,7.8077615356427,1.7654228274376211,-13.119901633828718,2.0370789652262857,-3.693936098523534,3.270303945166179,-5.40923352894826,6.096845387667695,-14.591542889623993,-2.883377308192084,-0.3716790514856964,3.146542229213632,-9.617520013489266,0.3603113731703631,3.3302162959946653,1.82067565574434,-7.983877666377365,5.104024211730585,-7.5903003240287825,-11.877786540626467,-10.300697896087586,-2.174716002355682,1.8235036047731776,1.1421833085360371,-1.190307664751115,1.2729764206044172,0.6124720221009011,-11.346950583912715,-15.393384471695292,4.512680302410712,-15.095780462303074,-9.4349107241993,3.995471896855256
0.3,4.8572701201178825,-3.2798803439679047,-11.162844752777264,-7.886031274998272,-0.8142787623313514,1.9070497845152732,1.2584134000423786,1.9259368001354669,-10.620016083834647,7.962044377041351,7.987639221508844,-2.358959956597359,-2.012318610334828,5.102280847086667,2.997437246353597,-3.782484384606668,0.6754045805525395,10.070784722637228,6.7754907746270465,-11.614274399161292,-10.993600993623245,11.145153063499082,10.130233919185592,-2.9427816841150056,9.168765580822829,6.346241778301393,0.4450640331844825,-3.5120698327626183,4.639915240478182,8.171114676279991,1.2367960774169855,-12.890521783890105,3.525002258683994,-3.65682199578026,3.5725128828384363,-6.044467771226367,6.101307900940177,-14.236034701228,-1.8257331682010087,-0.5310239073342702,3.984588153548301,-10.33319636009911,0.4173513859385351,2.4203196901203747,2.1837612086868745,-8.37091162883834,4.933188891351184,-7.857583185571899,-12.054280567776608,-10.570495471357091,-2.54656645685132,2.055854942048468,0.5591289206166733,-0.5747918548737199,1.288196192966777,1.5868495376362668,-10.127733060178237,-15.941961723362123,4.793574384522191,-14.329924049840152,-9.186764750852328,2.4282082319590783
0.302,6.266508096656924,-4.419393833787421,-11.600412119384378,-8.053582883511758,-0.3146405696171173,1.6734019812846428,1.6532926562238492,1.0369414757427555,-10.663552509815212,8.217346420429434,6.887996946790831,-2.1742536599220483,-2.5245780568338567,5.0037795814519415,3.1286001254535627,-3.350722410863231,0.9873472105900496,10.543195380824455,6.327784303096258,-11.781262602559876,-11.792934195871728,11.230796192647473,9.78287828507268,-3.402289244115857,9.51453027801079,6.421375100891515,0.2141631955229471,-3.689109561129775,4.93861197933151,8.694469057701884,0.7730751574243117,-12.686440891944294,5.01947025574398,-3.646477866863005,3.790800945647054,-6.531674725837399,5.900478983434302,-13.994143113411932,-0.938263759516903,-0.4925859808206327,4.620539348837443,-10.449124981988316,0.3608622039597777,1.4090789384895237,2.703921688945881,-8.546345332966851,4.160521673255673,-7.725307297817431,-12.25393982751947,-10.446200087756717,-2.769502150542742,2.339528877349927,-0.08612058213564056,-0.1156548556498884,1.4147077042571643,2.5709496698474545,-8.563639245685295,-16.19118671682911,4.834895601429493,-13.55620084754188,-8.931696024112476,0.8973941169274836
0.304,7.515064357954089,-5.3770125146696905,-12.362186051171925,-8.15469836942429,0.1344806012238983,1.337022522044269,2.294697463812726,0.2954617301599349,-10.481433530073431,8.210103476724674,5.485949528324541,-1.719955782616701,-2.979852308515367,4.572369410830072,3.287184731646127,-3.2049544503652427,1.223429476227493,11.096154050572,5.833686318429383,-11.801813587488054,-12.32853417096749,11.290861180592046,9.616665824010862,-3.951150762983694,10.03861946664124,6.497927977160883,0.3441647604515068,-4.077047854993952,5.292900391521464,9.334757483056174,0.4337680787155798,-12.465996584219708,6.322305264256742,-3.7261667109866137,3.8902027488944007,-6.792231508827264,5.551347457620821,-13.899259540827432,-0.3722228093208227,-0.1827036898468962,5.017953995498461,-9.9319741245966,0.2028404630900183,0.4179419013774058,3.393768803007809,-8.46293022406541,2.9094903837984187,-7.205994621408864,-12.438992773907067,-9.94235226713928,-2.8021403699986123,2.626834025510145,-0.7797685282648061,0.1834128098044314,1.6224252400887378,3.435716710108585,-6.936336143787718,-16.126271381774597,4.6511123711804965,-12.935036346576275,-8.762989578713965,-0.4062239562328406
0.306,8.524282700796922,-5.955336677097577,-13.386418532989936,-8.227350093339046,0.4365872853055092,0.9430863959942268,3.1115392293756368,-0.2529606507030493,-10.12961198609447,7.855793528046933,3.98129094862522,-1.1145502471941378,-3.335465490778036,3.935720042728696,3.4650922846294097,-3.341251983999878,1.3446015428019975,11.705704434330016,5.386946273168226,-11.70427022652135,-12.535339539485058,11.302807606631646,9.693339586495645,-4.513899349364341,10.686696330009134,6.6877381061002765,0.9348037124592036,-4.704748368129629,5.659699485523224,10.023475629684564,0.2640958568267312,-12.18068813343121,7.267524501279984,-3.922677159558257,3.799239788889128,-6.789729433934667,5.125511819376812,-13.965556400235888,-0.2250076160023946,0.4402452419098931,5.173353755197059,-8.858895989036297,-0.0250619348661235,-0.448383713711497,4.213243477215105,-8.107862473099615,1.3875018236977583,-6.354140638414698,-12.580251566634743,-9.125715761132186,-2.6348969205628947,2.882709001554065,-1.5054731242697774,0.3648493832682744,1.8542791791134488,4.087960665718952,-5.540287113602385,-15.777212309993937,4.313007958220204,-12.591720497356196,-8.752432133496125,-1.3172756178126723
0.308,9.26027228169385,-6.04873005055292,-14.548123344390854,-8.331922821569819,0.5125696863406253,0.5290854482257672,4.007537171607282,-0.6089524326167914,-9.679228993358274,7.133787011742417,2.5658457298840536,-0.5057625093995626,-3.557076748332041,3.314227620262849,3.6500757149426577,-3.72410389379226,1.3356977747268557,12.316969657427048,5.06614707661622,-11.493269539157472,-12.378364536536072,11.253331970369054,10.004291222740209,-5.017588011621164,11.374502545307,7.062861538877014,1.986104644701688,-5.534022950210919,5.99165663455785,10.676318337968826,0.2923275067620156,-11.792933684930416,7.755531442578566,-4.2106840799365095,3.422598509817161,-6.538638879390994,4.692869545312233,-14.18145367268425,-0.5202531917928059,1.3683237060265518,5.126058395709437,-7.402209196621717,-0.2672026652713805,-1.1204544261463836,5.075343085184065,-7.509463547739502,-0.1584690065662854,-5.262065153184933,-12.659855906627719,-8.108424496477268,-2.2892497118798136,3.0871241087238603,-2.245531472426598,0.4910888050099723,2.0389189621272483,4.484767062458454,-4.629623684593136,-15.213335938988086,3.925461539745736,-12.594382629911095,-8.937536103076713,-1.7250140659001525
0.31,9.727887847693369,-5.663871409795789,-15.680569162660085,-8.534819264226417,0.3206225250613415,0.124192667353852,4.881735710304371,-0.812965059394155,-9.198712831420323,6.0998706268059015,1.3826808840369045,-0.029755946773672,-3.619676790414718,2.9576082716967687,3.8251590584681785,-4.303182250538599,1.20066225708434,12.85546077023128,4.917439622056524,-11.151838778668129,-11.856604087393675,11.136209059420056,10.47707377670693,-5.40325867968045,12.003330033644543,7.629941032336636,3.3922642056337207,-6.461380228489997,6.243648623995269,11.21087474402028,0.5285789688024038,-11.288716677324649,7.769215491864248,-4.514004028665077,2.66820123566277,-6.104631892622589,4.308649843367904,-14.50973230472186,-1.2047492802122095,2.5377968227583603,4.955501822852347,-5.79585907981329,-0.4529432655355595,-1.5732528950250335,5.864610110005898,-6.73492796967267,-1.487242569393534,-4.048700334968077,-12.672467154195182,-7.029201029483455,-1.8137873702947005,3.2339781383819743,-2.9835105292215003,0.6139714275479187,2.108538481573959,4.634000407603089,-4.369729967698547,-14.5334221121734,3.59897353447801,-12.943291231369528,-9.3169853853799,-1.5933424923755752
0.312,9.959813550819865,-4.914593837675341,-16.60777301671997,-8.885910895385202,-0.130393012175601,-0.2445461641153952,5.648821055752755,-0.928586820025012,-8.745848305390119,4.880605523296463,0.504628161143768,0.2257381880868495,-3.51345083039536,3.070854888236056,3.9701509439482425,-5.029663454898578,0.9513684883936712,13.245503979813554,4.944854248197634,-10.653799147185383,-11.000339987109111,10.9507635600431,10.99728934260728,-5.627662486131047,12.48084331185883,8.320154453959075,4.957915979888496,-7.33430100518454,6.381759535772541,11.562713608311896,0.96183219170489,-10.682511040046451,7.369644988149089,-4.726282067182975,1.485901047985437,-5.590174128810653,4.004594875733277,-14.893813634279551,-2.160994378349844,3.835636995885223,4.7650388612592565,-4.292079200885764,-0.5163127366776146,-1.822300466054524,6.467201872808305,-5.880423308589851,-2.4039625685992307,-2.844177824598778,-12.624657235123951,-6.02594430800308,-1.2771140854873966,3.3245555226562344,-3.7055128705539184,0.7513397841902218,2.0150585021977205,4.585712932636789,-4.8085619087446405,-13.84838281268952,3.4208059675968387,-13.576739333903488,-9.856038960791718,-0.9685622219271371
0.314,10.00630397272101,-3.990512557577597,-17.181177635226938,-9.398930296957776,-0.7772581279296801,-0.5476005710163178,6.253366586574538,-1.021409058851183,-8.366041721268411,3.650820961740065,-0.0668131574074475,0.2426709325445446,-3.2491874135975056,3.746775505352792,4.06502078527079,-5.865180799619149,0.6013429263796839,13.434905109494338,5.108134514884221,-9.980082396015096,-9.86698180419887,10.701482775900292,11.439852487663096,-5.663226431022501,12.741605686796072,9.004442686958157,6.437460827509046,-7.98333182706629,6.387319749411444,11.701759206146155,1.5582979845601508,-10.01711872811146,6.6796479279447984,-4.744502331049159,-0.0949362276013958,-5.115264770978642,3.7858534714394536,-15.267712908686168,-3.233225260505646,5.116035264508884,4.660157812662712,-3.114124162479429,-0.4129659926290486,-1.912551656609216,6.802977779250852,-5.05662922594769,-2.795481390985666,-1.7736131429842243,-12.53130747823963,-5.220464430649646,-0.7583627306336885,3.361475713927117,-4.401157484947564,0.8787463364144203,1.7416001185449566,4.414033178569806,-5.868725543650264,-13.259328135171376,3.434523555937612,-14.391132476635136,-10.495504620763825,0.026648271235964
0.316,9.923749369798529,-3.110693179924259,-17.31331876932393,-10.041829399474535,-1.511772545052318,-0.7531272144172839,6.6745146383685565,-1.1398666192140536,-8.09750609718793,2.594914578998839,-0.3817275600027114,0.0714289122012145,-2.85860971340921,4.926191018654547,4.094630367986312,-6.781871451381868,0.1608016265362252,13.4136060641266,5.330492981735665,-9.134435412349369,-8.53506124860627,10.399641304208844,11.704854558505913,-5.491015161799671,12.76219163059219,9.528464891436515,7.588843502071327,-8.262598554539462,6.256675048933071,11.642638376480823,2.266434083642561,-9.354180101741385,5.854226507762005,-4.501338649621757,-1.9487890217559445,-4.794493971573984,3.634620034909698,-15.569552103071722,-4.261220916500074,6.224971208998354,4.722430031711136,-2.418600420194923,-0.1317005676235373,-1.9017156251930876,6.849272446147792,-4.370303607514697,-2.6430450948753625,-0.9408716945061361,-12.411610706079424,-4.702686808752188,-0.3353559495454151,3.345721457983013,-5.064499662628821,0.9363764830041812,1.308573773215138,4.19619214826062,-7.362006513206073,-12.837057738986845,3.634043910570654,-15.266209586348682,-11.165346241191118,1.2095276707124782
0.318,9.763727398074428,-2.472238821083826,-16.99900110253335,-10.736968121932328,-2.204633140943322,-0.8289807678172765,6.9227385573105975,-1.2998485530173949,-7.977636477445174,1.867191285469508,-0.5104559497654075,-0.1888738155575069,-2.394601479267989,6.400980777638972,4.051756002317103,-7.756676766706485,-0.3686517222823376,13.22471898340788,5.51495499466466,-8.154454348990916,-7.096240489826324,10.069376169131116,11.745196794003816,-5.092718903546775,12.568821288410678,9.7580866916769,8.226334219845178,-8.082322339936825,6.002375286123076,11.443654047750744,3.0228232702044626,-8.757139305020305,5.044472136813547,-3.990390064270906,-3.860499974990599,-4.712059889550559,3.519508328562325,-15.755430201153484,-5.1131894371658655,7.030210593851558,4.985968080999562,-2.276114021014808,0.2911356934196203,-1.840825338544896,6.650978071495899,-3.9057346124723735,-2.0124872700839687,-0.41170227171263435,-12.285626111156088,-4.516766093274371,-0.0696478055126851,3.27681384049164,-5.693447671854878,0.8481112405300619,0.7744805918332072,3.996356494346336,-9.024444330827812,-12.611405757539757,3.9734004204769415,-16.09251977579417,-11.798870942243456,2.367726083658136
0.32,9.57320311229627,-2.2079612869336533,-16.319322649808395,-11.37310070897374,-2.7337583996191306,-0.749252745264476,7.028999245865133,-1.4809293077685783,-8.047215976693812,1.5593036360971586,-0.5098696491533167,-0.4231039149671374,-1.9249714843322483,7.859762676428745,3.940097014474656,-8.760400131796002,-0.988902346523134,12.965465812241542,5.56584063491208,-7.108321491211663,-5.644657040060085,9.751488299885212,11.577414159056977,-4.453355471045538,12.233769348406335,9.61689554186807,8.261460139438414,-7.429031647752759,5.649156620071202,11.195839004594715,3.760615329937412,-8.276742692375558,4.363530988406177,-3.2757936885576644,-5.560209727463825,-4.906837952900163,3.407481800626361,-15.807582714025097,-5.710198759074205,7.445198968725395,5.425718673720461,-2.6654930795706995,0.775749523415275,-1.7620356727222202,6.312820706003928,-3.7114377043845774,-1.043542609709698,-0.2043540042390036,-12.170594326710576,-4.657555919385964,0.0054686864357657,3.1531472028689653,-6.289174685639287,0.5487945187401895,0.2281698961507132,3.853732626201212,-10.561024307382542,-12.568446226106715,4.385659738203527,-16.79248851794714,-12.338713518008026,3.2983000400879097
0.322,9.396755496242664,-2.363848648741575,-15.424184223802568,-11.832201608293929,-3.012869114519244,-0.5023744483718869,7.031215696839785,-1.6338369132596002,-8.346101140634413,1.6773601512025011,-0.4024598916255315,-0.5360913009247825,-1.5205069002843508,8.96840862319005,3.7780933689246607,-9.748354295151188,-1.7008489693379982,12.76996023677152,5.408964349832219,-6.084531819655497,-4.266211135684501,9.502531172696507,11.27369918551015,-3.570697370827932,11.859258982183547,9.110009448202373,7.723231308634532,-6.371122596529194,5.228104229772111,11.00174494416162,4.420541296099606,-7.939792340502502,3.867305030553661,-2.478180762927681,-6.784628972464497,-5.36416490706412,3.271457334010534,-15.73987801500647,-6.037939588049044,7.443682878409896,5.959524603761348,-3.4879186614108946,1.2200055746116267,-1.6763373559148087,5.976125421598658,-3.7949423460402665,0.0810085350332302,-0.2881295153699978,-12.078245882421225,-5.077775473778879,-0.1065506033216392,2.974564562648945,-6.856616837442758,0.011236013730278,-0.2274773374795318,3.777912880746098,-11.694666451077302,-12.654698904992872,4.804755094073823,-17.33084929698416,-12.740658177885615,3.8432492316945104
0.324,9.270031764850785,-2.8992836748326964,-14.497045077252166,-12.019620549867447,-3.013875152446132,-0.0967423798466343,6.96221733098796,-1.6943639621331483,-8.9028520812711,2.141516516232204,-0.1760534782615255,-0.4791533924870248,-1.2425416064675257,9.460997201948938,3.5957932878434367,-10.657174013102985,-2.502777691800412,12.780962856565168,5.010074422199326,-5.175141231837168,-3.0337671352529827,9.391135109327651,10.937314169336174,-2.4622436499870335,11.554292918666317,8.327254167044407,6.75051028168989,-5.045455924724582,4.774412872978055,10.953615435672894,4.958989880127373,-7.741506560388444,3.545826160848745,-1.7433045984059805,-7.344864039464855,-6.015486965987681,3.097772729202836,-15.597407745829363,-6.143298723767366,7.06589154951451,6.466231562707144,-4.5952006770008,1.522235473494589,-1.5765113553503802,5.782101677407327,-4.124651560024196,1.180100743141347,-0.5891567940149417,-12.013534772262116,-5.702522038462467,-0.3629218194298819,2.7465219620206045,-7.403263335029765,-0.7349732340021301,-0.4932807447642503,3.7536835625953366,-12.21219344087507,-12.791429914157558,5.186877523185661,-17.71441609251076,-12.9748549542719,3.917335749637013
0.326,9.214319601754458,-3.700119793410988,-13.711649346470129,-11.888222414956756,-2.774464915263249,0.4358199920409602,6.842926545091644,-1.6031995783665027,-9.718278469514347,2.809141639858708,0.2013614978934925,-0.2634172220469157,-1.1268939162862324,9.21414896972582,3.4269929512569157,-11.410692533437452,-3.382075565601554,13.115964205658578,4.38515513595228,-4.457632947954595,-2.0059566313322343,9.486873748514665,10.669247608631135,-1.1759186173746248,11.411963422304847,7.419618389552125,5.558084938651643,-3.632632178964929,4.324849658689621,11.11515992903501,5.354184068961547,-7.650397409410546,3.330232662864401,-1.2038687992197734,-7.181578766792825,-6.752531050992262,2.889660723968896,-15.44804333674752,-6.116501131730649,6.408234444397753,6.8108569075097725,-5.821075422040484,1.603145750997162,-1.4452966383891526,5.833735362409724,-4.6363739607587675,2.1107561388314537,-1.0020794364908858,-11.97484848592653,-6.450536889898405,-0.6857821202993599,2.4809334628863047,-7.9362115570913385,-1.6040411601625724,-0.4908413087710811,3.751914272045613,-11.996531338475608,-12.894533399785972,5.521595211431612,-17.98050601106122,-13.024053771378329,3.525865907457761
0.328,9.246882152453916,-4.611222087313062,-13.192671105261416,-11.45476044506772,-2.3892559301262284,1.0438983486710078,6.679987641902548,-1.3260742083452357,-10.749502969974667,3.505402437285454,0.7537202736272823,0.0452802644733366,-1.1730059603198686,8.288536625515302,3.3026460856613453,-11.933372760522282,-4.314167182905372,13.836768536781726,3.599524774644911,-3.982149006175484,-1.2250367657121282,9.844778069962777,10.534847802378094,0.19822475320531363,11.49015284454753,6.559102174713104,4.388498704331458,-2.325230811445001,3.918123780059689,11.505835114796652,5.606875026813485,-7.618771338449854,3.116335708970214,-0.9418300641257156,-6.391111651691359,-7.44884446408516,2.6644217377335613,-15.3699906435676,-6.064835239342886,5.605042126211666,6.875780461548294,-7.015848345316941,1.426423271118654,-1.26654712758939,6.170728820861645,-5.2464368256671605,2.784501132388222,-1.4078338504911434,-11.955726190167454,-7.25058597672532,-0.9741860166713124,2.194403863421158,-8.460800623873418,-2.4693068818563964,-0.1795871067853693,3.741473495252357,-11.039346601087097,-12.893069444598842,5.831339727347327,-18.17975139552362,-12.88054121262388,2.763747250879711
0.33,9.375470658720438,-5.477836094950277,-12.98793912023554,-10.80050050402546,-1.989974014416694,1.664558370991736,6.471640239570107,-0.8678476700849768,-11.903015339716672,4.0637399155423175,1.469959844919206,0.3492970488241377,-1.344473019537992,6.92448240668227,3.242600363690042,-12.169375770967989,-5.261261218405797,14.9260331060062,2.7562404877071787,-3.7671591525452337,-0.7175470629105165,10.489346193184367,10.543326006287415,1.5306595174892257,11.797221059978186,5.893224024428263,3.4576907922193025,-1.2944557308044264,3.5945100641690373,12.097696405202852,5.735740495768014,-7.597074623252019,2.7951580545245425,-0.9673493539417252,-5.212368759430348,-7.9858145416556034,2.4483445086851154,-15.438025355718844,-6.086337622907359,4.805319155446737,6.589585560093289,-8.073050800304463,1.00927631461159,-1.0330428426227585,6.756943726854742,-5.868253063469512,3.180251957037988,-1.6946253316618631,-11.947969892578712,-8.055634664781595,-1.1229484616211218,1.905634445173448,-8.978452344448318,-3.189743578232478,0.4329327521199745,3.6995656576419567,-9.436938961554567,-12.742980048555149,6.160126729710102,-18.35983894257888,-12.543255684553422,1.7999849009262987
0.332,9.588953138655288,-6.180687986177281,-13.05789485584792,-10.054178670783212,-1.7164069379393905,2.2351665420269238,6.21684200305128,-0.2773506499221649,-13.040391959847572,4.363988177816078,2.2848712905926907,0.5507628763230066,-1.5777523355631804,5.485374447529032,3.2488512182442477,-12.10100808403735,-6.16975704278787,16.279876015131457,1.9757785097137992,-3.802109092612176,-0.4958848817165139,11.40039033927819,10.645224434038012,2.6703229783363582,12.289819433990871,5.503234159205746,2.906936402271291,-0.6647969697166088,3.393716039673085,12.822379821017329,5.76888988461267,-7.55017246286324,2.2843693005311487,-1.21755104137887,-3.979095488896058,-8.278492719654489,2.270569965024656,-15.709960491089117,-6.248113886956859,4.145359186878208,5.943411361662875,-8.938748853555245,0.414326229984313,-0.7504053470087402,7.484224697555477,-6.425831826587993,3.3460334774780884,-1.7788602188591263,-11.943235522793755,-8.849389188691612,-1.044034247733988,1.633057125788425,-9.485045724985397,-3.6440585650896615,1.2900321581305163,3.619112147997193,-7.37096244945298,-12.433957067162812,6.553868175778477,-18.550230072266505,-12.022106231978889,0.8456020186441604
0.334,9.860893048219094,-6.653976538909477,-13.287062374232216,-9.365939500385466,-1.6874996390021222,2.704548479806657,5.923688562502678,0.3590120337526779,-13.999649126895296,4.355370942652633,3.080729031074703,0.5835250752190551,-1.797764939608162,4.366556602343781,3.304663213791636,-11.76029564510627,-6.978518811835667,17.72174774974462,1.3716393491442065,-4.056994341324478,-0.5607076153146191,12.506890673027298,10.746998441439294,3.4676899574953226,12.88203129741931,5.380644567714679,2.7794948525781464,-0.4962766437595487,3.3535931804137187,13.583726648828051,5.732238414593655,-7.468446307711198,1.5495884305737997,-1.5713922560327096,-3.044542180098693,-8.291907876817906,2.1558908736349203,-16.215744378446477,-6.5731615431413575,3.7255571725776577,4.991692694339715,-9.607649772018062,-0.270483452138699,-0.4369031624211569,8.197322915374064,-6.864025902263495,3.3812356525646203,-1.6189333344399317,-11.9351952975112,-9.64246353079548,-0.6865864029116954,1.3923983954844552,-9.971033207532264,-3.7629485234155418,2.2939350297629004,3.51137653317139,-5.07906318617965,-11.990478215407512,7.040919196620976,-18.7547249185399,-11.344435236922829,0.1122578829586685
0.336,10.156470960778456,-6.891314388700463,-13.516884394325894,-8.872052672691478,-1.9771041130859437,3.040826930056576,5.6147689860147185,0.9343950489487554,-14.627574995013855,4.063376362205238,3.706081935666068,0.4356934841339413,-1.938578429348094,3.895596632791038,3.3757803295302256,-11.229509787428178,-7.625158515322004,19.03662764387723,1.0263271300099686,-4.494441040330444,-0.8995240529309536,13.693834671323089,10.740447399953448,3.8013510437443925,13.46367027454764,5.428574599497075,3.022362916444339,-0.7795246836310791,3.5029106745668805,14.275876075161886,5.641029483988963,-7.372100174188543,0.618126680918793,-1.883765161150503,-2.69519892768904,-8.04752533089943,2.120049727086664,-16.95201986004726,-7.038650597054104,3.597293783002309,3.84010719168249,-10.110351010360716,-0.9533903642272118,-0.1191060927068853,8.729633639833269,-7.15378368666444,3.40653749457359,-1.2197337652530214,-11.921507922007383,-10.461416241940864,-0.0515799812129446,1.1945777183605593,-10.421713784664217,-3.547456836841965,3.3211313656740007,3.4013071691221057,-2.8172859141897004,-11.4646869741775,7.617063185798755,-18.95524425597386,-10.559441664990883,-0.2284298692447722
0.338,10.43436068150008,-6.939979943255996,-13.589122534131585,-8.664336291806006,-2.600381349157619,3.232865219813604,5.328093056733151,1.3463192144821352,-14.817296696508182,3.579734147320193,4.013593868167323,0.1548141485281083,-1.961100854781696,4.2482239292257775,3.4190986162006536,-10.6310143561295,-8.052897407073083,20.014350416951675,0.9728964845066672,-5.081803619175958,-1.481826479883523,14.818996041493175,10.539331723949733,3.6031629493528525,13.922098205653947,5.485957906048329,3.5102756857417714,-1.4447129025336276,3.8509393745112153,14.801775002539442,5.498064007963434,-7.3057729408842915,-0.4235953831784066,-2.027889931441213,-3.0802179866826886,-7.619020013401054,2.1666483858023837,-17.882176358539027,-7.58555610525743,3.757685987640489,2.620730606473737,-10.49160450168442,-1.5555740663710036,0.1758262120738755,8.939983187169448,-7.29309407155389,3.5304260892957418,-0.6308199363906399,-11.9033369343627,-11.329392489370573,0.8033705252507255,1.0465272207020997,-10.8182783185047,-3.0709657087137976,4.241930285596991,3.320758935702071,-0.8234647858717217,-10.922432947449066,8.238935316487513,-19.11955766460364,-9.741032930421982,-0.0812264882469072
0.34,10.64464258015295,-6.879956517633783,-13.388909826875276,-8.771710626986557,-3.516191528542219,3.286294511816423,5.110861822599553,1.5214737061385608,-14.540107276809968,3.038966266428154,3.9067880113941977,-0.1664331802603693,-1.8658308281699316,5.400170064161071,3.396138888292239,-10.105815242804,-8.224181778923066,20.49196092176396,1.1856037831014459,-5.794902028957081,-2.257806635554646,15.738617353841152,10.11112129541146,2.8752865012678077,14.16271334271752,5.371849343608591,4.083798555302417,-2.375939472278928,4.381879846597976,15.087427954545014,5.297599621252878,-7.322108112816487,-1.4498044335818594,-1.9278980050605747,-4.173967872086889,-7.114913055034425,2.28684141287706,-18.943228563945706,-8.134706524600148,4.15373573607048,1.4611512474045882,-10.78825027112262,-2.0225036700165178,0.4279019653172451,8.746003639834097,-7.302774970891736,3.824288511747061,0.06258498488421238,-11.883799329167388,-12.248912177822644,1.7737149415077034,0.9533092550445572,-11.139829125777506,-2.463632891692931,4.942773145090056,3.298504027112359,0.7111312022719172,-10.429048862242938,8.828960216121974,-19.212758500219973,-8.982735413102725,0.5497123060691199
0.342,10.737694451656832,-6.7997009814112,-12.876996609702044,-9.15508464704434,-4.639782928003993,3.214038988363694,5.007433560350604,1.4332324753284431,-13.860336403447551,2.5862287345942305,3.3722260680569383,-0.4173702415525094,-1.6978490803875694,7.12721472688513,3.2836324595248194,-9.783360668553287,-8.127133496817178,20.38998987910714,1.5837088618705149,-6.615007323217556,-3.1588582646047447,16.339020223074257,9.491396132269116,1.6919243463019198,14.129034232510389,4.935804426235316,4.593040263757127,-3.432449590346329,5.051060434575833,15.089520377391592,5.032258633158227,-7.465598654077203,-2.3235084458476445,-1.5780403577873372,-5.778811992359176,-6.654086918813023,2.461660032636145,-20.05631264566616,-8.606796712560087,4.694132321494939,0.4583131566763407,-11.013516073786954,-2.323666728857625,0.6310404837034033,8.141288850775958,-7.220124930004474,4.304996105644896,0.7565463082863295,-11.867102006710645,-13.192515231169116,2.726684758626172,0.9196862335165132,-11.366393585251773,-1.8828661440942285,5.348898513177952,3.349160356840429,1.6599941197341257,-10.039853565070082,9.294168812050014,-19.208994576263077,-8.38754981813935,1.5610569989402094
0.344,10.679390791358966,-6.771486968021678,-12.10164997907411,-9.719033473664725,-5.864403490110889,3.0265170291133243,5.047510023041891,1.1084675460109186,-12.92913083827433,2.3425910299731982,2.4950573719483744,-0.5027381862078679,-1.5375981848383176,9.055714751190308,3.082931209890297,-9.756812314064678,-7.777463150998884,19.72959170770536,2.046952978396742,-7.521148909529791,-4.0967542557433765,16.56067975069396,8.779142321154389,0.18361154980567207,13.814744162524402,4.098871932764062,4.937564635538578,-4.472621585699406,5.784114704081112,14.801771450580578,4.704825377201916,-7.757662095405495,-2.92812017433596,-1.0441469703077184,-7.572825566254487,-6.338862370139406,2.664135470456805,-21.13643361929581,-8.941133761731828,5.26581968130805,-0.33712788549943,-11.152287561282936,-2.449678318305602,0.7952364035144655,7.196952211387944,-7.089589638553001,4.932679501693229,1.347397912092142,-11.854165890247595,-14.100328588492705,3.5260793130267984,0.9508855340676023,-11.482364908544355,-1.476186523344097,5.43896274063794,3.468351683670369,1.9699308449625632,-9.789503615932103,9.548445911979254,-19.09902417074989,-8.05061537764974,2.767692416632185
0.346,10.456986217997592,-6.834606751386158,-11.18641487244464,-10.335682100623805,-7.083775001706332,2.7262318379048005,5.236627028168853,0.6219204867378164,-11.957584780034118,2.3796645064900583,1.4460221164524778,-0.3742682043577831,-1.483992521224356,10.748863976397097,2.8230429589006816,-10.062982760095062,-7.21567824336124,18.62761437113766,2.4392056331005603,-8.480431057014728,-4.971999320410714,16.412361342400143,8.114319750991209,-1.4897902859614451,13.262872944739934,2.883456144224368,5.086751453822106,-5.373327971710255,6.487066549359646,14.253461779968717,4.338321410517665,-8.184733948467882,-3.19559818643607,-0.4467804541575474,-9.188781011247649,-6.232587618455126,2.8656383054668924,-22.10370638529133,-9.105591419262176,5.75384200291457,-0.9237145082220884,-11.16669597220328,-2.401441146858022,0.9436527929161016,6.048883820672724,-6.953347373800003,5.615720688936284,1.7471984301385013,-11.841368692603494,-14.884897017873731,4.06029089758459,1.0519034832605814,-11.478853907142229,-1.345418577417337,5.249459806102334,3.63258457896571,1.658052129257928,-9.688444431303932,9.53170574603014,-18.89219353979043,-8.038628378592168,3.934906173118584
0.348,10.078794209819126,-6.991990308299209,-10.29923360346474,-10.8772933269261,-8.213192563320181,2.3068434265843982,5.550719664153123,0.0786018748586696,-11.168381578510196,2.70508263919182,0.4408223069758102,-0.0508742770230714,-1.6299793633110908,11.806414835823285,2.5551019644811346,-10.67384712582122,-6.494751131556101,17.27005218323335,2.6357175229292045,-9.439304568612569,-5.686671948226079,15.96997407156146,7.640709269666374,-3.172071483915524,12.556994965527108,1.41548804949859,5.077432002380719,-6.045119429971104,7.061540230861694,13.503601235495411,3.979893077944792,-8.697651418612937,-3.124211040689643,0.0678662836897317,-10.303850575263446,-6.347564881864462,3.0391366978471144,-22.89080981527338,-9.09892336297242,6.058522712058591,-1.3382448050412403,-11.00946920641324,-2.179209029814717,1.109060340899631,4.867805837249029,-6.84449218549213,6.235377132674211,1.8983363600422414,-11.821063096650828,-15.447223818154978,4.265206444021984,1.2247667913661868,-11.355717505518484,-1.523237132274512,4.86791426521074,3.8031093685796544,0.8003642085487154,-9.724822172430224,9.224473599341966,-18.61327604029108,-8.370990613543697,4.822953931044775
0.35,9.578680466103384,-7.21278805601758,-9.61050726850372,-11.244728501230815,-9.203427270862631,1.759297526872468,5.9376857238602945,-0.4112037920481036,-10.742298571043426,3.2622001731414736,-0.3128108237622438,0.3820212014254405,-2.0354636104371937,11.95302891201247,2.339296131060021,-11.505565216894636,-5.670192156706033,15.871309611658685,2.549220105885453,-10.31978450486305,-6.15914175062279,15.35797200898079,7.465836621291383,-4.736515776063633,11.808266854295944,-0.0994922953268288,4.991791117692731,-6.443156855874171,7.4232956395508465,12.63521417648116,3.69743178880877,-9.221380976392028,-2.782602846237588,0.3632421900629702,-10.71963880483116,-6.643591470466507,3.164748145524452,-23.44946221058314,-8.946398433725065,6.1093775059571,-1.6353601469847026,-10.642323574664816,-1.7805574299841236,1.3283642123625412,3.823692229268883,-6.783214365558395,6.681518093515002,1.779867354924804,-11.780537162987159,-15.69869897331625,4.136614220681707,1.463820981045192,-11.121826453274497,-1.967300380355104,4.416899079961266,3.93656411912886,-0.4805303416420507,-9.869325671194138,8.650039674199046,-18.29545444525418,-9.00839517644692,5.232900757837595
0.352,9.018809081497588,-7.445421499348004,-9.246046351566116,-11.384490509359896,-10.041204810528484,1.083841455684463,6.326552208058695,-0.758137527746202,-10.773315325759397,3.94721411999302,-0.660420008142168,0.7916478664497385,-2.7085362186362896,11.098778542231845,2.227375027661096,-12.437672119389884,-4.793225987762003,14.62948805368278,2.1472214031364554,-11.02610107598078,-6.342917033256557,14.719094379624597,7.629396997802736,-6.102467959546918,11.13612901036003,-1.4177588651374604,4.925456256862428,-6.566899788628209,7.518214716181582,11.74845069422753,3.569638706877866,-9.671782653388446,-2.2958135942142985,0.3447094508365912,-10.408226860129396,-7.037840077718605,3.234227484299019,-23.750516218084773,-8.68757667768155,5.87526577817623,-1.8667918041329927,-10.053408544661886,-1.2104713817221429,1.634539925069235,3.0529008481161406,-6.776067561120685,6.880474240696209,1.4046713696296462,-11.702703266195378,-15.582341239663128,3.7279725485426014,1.752989366225186,-10.79194002524899,-2.5705278741647364,4.031728638934394,3.995891622993214,-2.029550781986629,-10.081173732525404,7.86643683443677,-17.972021332541672,-9.853861336256376,5.046291133626551
0.354,8.479636942564829,-7.637707608861802,-9.25351206094848,-11.29814015241089,-10.744024203812618,0.3001175609636216,6.642484841585722,-0.9142514099820984,-11.24303799603104,4.635601887432326,-0.546370027774993,1.0307861054964695,-3.5976850031962178,9.35378394368822,2.2459219533673043,-13.337525865525484,-3.905247256138245,13.68586591603567,1.457910653063152,-11.460220452836827,-6.238592288040259,14.181947300516695,8.089238256329955,-7.23783182435117,10.648510164364424,-2.311963879092856,4.951854317570368,-6.455130832755045,7.333166118575459,10.949933414788957,3.6692912223513514,-9.979333909048744,-1.820607432200262,-0.0217462685945703,-9.517830722309236,-7.425178639203976,3.2500555583342154,-23.7822809401636,-8.3623480767262,5.368874623411205,-2.061945292679701,-9.267749884556633,-0.4924229177479197,2.050406132258248,2.635290051089266,-6.817976563761173,6.811885802563786,0.8107067770715048,-11.568856764881499,-15.08728109393731,3.1358382268941485,2.0649305725862086,-10.384102221696873,-3.188245825380201,3.8333092956437778,3.959793405451841,-3.676016159825282,-10.314052692662594,6.948596858756865,-17.670632843189054,-10.764628518911383,4.24894648209454
0.356,8.043904598056596,-7.752232680403424,-9.590718070092088,-11.0377824214159,-11.347818411773986,-0.5459849817315913,6.821917753037884,-0.8802511795767124,-12.024756294656472,5.2087476730248685,-0.0321346943248319,0.9769362190505404,-4.596444123991087,6.9977679616345645,2.385480351015242,-14.086825676219828,-3.0395343127737378,13.10145486432262,0.5634181531238749,-11.54235533751708,-5.89481652844613,13.828065367201663,8.730905227229428,-8.146477936399899,10.425813618673576,-2.620407333478059,5.09751268486566,-6.17822502465355,6.9027434328747885,10.341836130109163,4.044012374146823,-10.107704862924056,-1.5115887722822912,-0.7052190057776541,-8.336087618145134,-7.701391390449774,3.2239599968157973,-23.54899485759979,-7.998575567395391,4.647419611669466,-2.2184472227052288,-8.346812859037914,0.3191380662555801,2.586057425020775,2.5832801570232724,-6.895085210058613,6.51220955345272,0.05275882555561162,-11.36090552146359,-14.258077632523536,2.475314397801351,2.362983533700589,-9.916152937158088,-3.672156280211897,3.90340211384086,3.829084869372977,-5.248536142221007,-10.522894982713847,5.967220908904937,-17.409629502763824,-11.576864782982412,2.93334010740364
0.358,7.776598422737094,-7.776717659451473,-10.134785457452908,-10.685995230280868,-11.89214915240406,-1.3844478478953324,6.825595062135562,-0.7005816634059174,-12.91419623999115,5.580537005235642,0.7247596528356361,0.5667424306800941,-5.561680695494105,4.414276559372747,2.599513273545252,-14.60266414567874,-2.2276192884730377,12.850800878534672,-0.416391101947871,-11.232086905209831,-5.4022119731961045,13.669774193218633,9.396414220209495,-8.840983068604096,10.509777329469207,-2.2812510401204515,5.333146475355029,-5.825402805971834,6.303941811013792,10.01016642719665,4.7007826521769465,-10.064408955049158,-1.484450043020484,-1.6187751100975836,-7.215499322826364,-7.785995989960276,3.17474721071498,-23.06766527767077,-7.605115778270423,3.8060026142737216,-2.3060706309750607,-7.377483922881348,1.132458985964012,3.2361979557466545,2.842819812363028,-6.989066245420064,6.071821789837121,-0.8066500723577679,-11.064458670673671,-13.191467523271578,1.851628161027856,2.60561939151134,-9.402144406942757,-3.9045827126468,4.266353665089403,3.628012721572715,-6.588064972792844,-10.66841318330298,4.9705042973237,-17.199050046714156,-12.136732435210208,1.2817872994240154
0.36,7.707499363458181,-7.728464782609357,-10.710769431358017,-10.331069322130276,-12.408135274409922,-2.1338018979578,6.6457949399260885,-0.4486789351155996,-13.681737646634124,5.714588994155841,1.5128976872054185,-0.1838840485545831,-6.341826533451242,2.0042816613078585,2.8141871501517928,-14.849914051876402,-1.5041456106560327,12.8371509472119,-1.347861444267374,-10.547536465309747,-4.876096973033783,13.64735463787144,9.923709123776089,-9.31760791237988,10.897931535568254,-1.3465903383841646,5.5837316553261385,-5.4914052398699145,5.639543583419182,10.01284666498031,5.596989713327615,-9.900709174645687,-1.7911171914775883,-2.646335820637752,-6.487230542119397,-7.639549104258583,3.121010108717952,-22.36679369483713,-7.170886651301643,2.9654524212850166,-2.2801137891829,-6.453767529491706,1.8232690779408616,3.9792686363904894,3.310843992789599,-7.082556502976956,5.614396964953713,-1.707392277395516,-10.672169650391968,-12.019984387225556,1.3375869954900748,2.752428836550951,-8.851574607061465,-3.823555611900306,4.883174207845068,3.3998309032301357,-7.561857261257155,-10.720422452024051,3.973261080546916,-17.044483647245098,-12.330201522684574,-0.4676380195163838
0.362,7.818957479414863,-7.647374144153152,-11.1380875274057,-10.043478551014434,-12.911240513959884,-2.718309561079605,6.306398003507898,-0.2058589865812349,-14.13138078656088,5.625439848154731,2.127800070781892,-1.1776902244203955,-6.811023557238955,0.1054374626273867,2.9474420461003,-14.840325089544825,-0.9118733966359728,12.92453571667034,-2.1102107135020196,-9.57207012840434,-4.431645049068494,13.645904158838118,10.189062287159633,-9.541481736231514,11.544496693813306,0.0301602023112026,5.753811936578705,-5.260032166201217,5.019321302704239,10.36730204471968,6.642576262905322,-9.699176716445722,-2.4087955983900438,-3.6761264619665854,-6.381770685577004,-7.271082713361109,3.0736933898747614,-21.488694309687677,-6.671686820497997,2.2561538488822164,-2.102554861320796,-5.658880958471522,2.25248772427329,4.78133177386127,3.8594695747473446,-7.164443583550801,5.263853891162015,-2.597330344538209,-10.186416804714966,-10.89246106882104,0.9601273557896962,2.7690801396138767,-8.267830685284796,-3.434140187635983,5.660777469821509,3.1965697231268333,-8.07734117264701,-10.662505462610842,2.959020149104895,-16.95137167537839,-12.104825597309947,-2.06575974199762
0.364,8.051174369879389,-7.583239660747721,-11.276914637037695,-9.857618867986131,-13.400056853951892,-3.088205289638695,5.854895127790641,-0.0389994359751777,-14.15274103480854,5.367811233745374,2.429765389749962,-2.2561154585912337,-6.89710035750104,-1.0703697812272075,2.931768160340149,-14.6211199195659,-0.4963789326484514,12.97536751608977,-2.6186198321147076,-8.444705354109304,-4.1599644487856855,13.523254566837732,10.138955170761283,-9.443653132635202,12.36654554337678,1.6268623138372629,5.761578960458522,-5.189484273953244,4.539023251500762,11.042409303700182,7.715318532461939,-9.551779120256652,-3.242006322138207,-4.630456938789818,-6.972541420952767,-6.737495902333564,3.032167714654887,-20.490293056357515,-6.082385713848175,1.7991687073517764,-1.76426159692912,-5.047725487712075,2.295560183231877,5.598349823326149,4.361769870491402,-7.231990181437726,5.1114106340857886,-3.4338189598493147,-9.619698573532766,-9.949396136506982,0.6987339351068241,2.6311391461324085,-7.6487814571027695,-2.806709868134167,6.470389245990524,3.0661706055102838,-8.09422498671813,-10.491144893619031,1.8924276851954405,-16.929489040042792,-11.481449249680132,-3.299385559923239
0.366,8.31305989093974,-7.581105682175859,-11.062306866900837,-9.76593746274812,-13.861151789788398,-3.235307807773279,5.348931645411625,0.0161104268216355,-13.749695265320865,5.015461024747185,2.381152399778113,-3.2335981672367717,-6.595640955376203,-1.4663779016574945,2.734662078012467,-14.25790430139084,-0.2953868121827937,12.884354523979145,-2.8380267452791452,-7.3393465383596785,-4.107477337584167,13.1463631348541,9.802386229769157,-8.9364220192564,13.254026327264883,3.1974791382177865,5.570069417406829,-5.303298245270612,4.261203847197972,11.958367347723875,8.682246933057439,-9.536180531750173,-4.144072729508688,-5.480397708947262,-8.163391238195384,-6.131613031048036,2.982381831167628,-19.443819459016,-5.390680607682145,1.6858374364714368,-1.3002996630762502,-4.636217522901799,1.8782612851387184,6.377753118524832,4.715330850388136,-7.290142277578061,5.190553587815871,-4.180131689672875,-8.994636454420252,-9.295515768121108,0.4994369760245514,2.327472478404574,-6.990269776087097,-2.061226921647054,7.175958730899787,3.04113985368254,-7.632345051588801,-10.21887966563599,0.7392987364116737,-16.99105509591975,-10.551942594192427,-4.030836064816737
0.368,8.500112522255074,-7.6662913276767215,-10.520332053797896,-9.724038451489752,-14.277394438080256,-3.197788741564724,4.841846963629175,-0.0376514764376189,-13.039375708557555,4.636913055151393,2.0568523859306054,-3.939902108226541,-5.971731293267477,-1.172856142091408,2.366768524989369,-13.816274748023972,-0.3300130333754282,12.602738072456452,-2.7860010975636342,-6.434397530931024,-4.266168396011087,12.427563190207303,9.28244351606944,-7.945675034174398,14.082314901359354,4.521828166213039,5.202631700478895,-5.5831491803074025,4.204476499255557,12.995492769096131,9.425655695455465,-9.694783929141932,-4.9516118912541165,-6.245909293780839,-9.717621775331274,-5.561374278610756,2.90016228636695,-18.434433122631333,-4.60735792590395,1.9593880201169227,-0.7941941814465142,-4.4036124922846245,1.002032083205555,7.063598602824318,4.859593511614492,-7.349407556360639,5.467006998632418,-4.801109486016438,-8.343138140054418,-8.982474029705601,0.2960007374530151,1.8600091953992544,-6.288449566613813,-1.3400040930374977,7.665900083340062,3.1314963018307824,-6.773076678144082,-9.876714255807697,-0.5120593483897766,-17.146777273684172,-9.459051648070904,-4.217104324262469
0.37,8.521964839477706,-7.831552712200454,-9.763193962581278,-9.66505920726842,-14.633677198079909,-3.0528748219019737,4.371743344388975,-0.1629641036486975,-12.219948514075543,4.276430258207833,1.6223444002886247,-4.261597342970291,-5.1441202119167055,-0.3882596340415868,1.8788686485780195,-13.345680213569675,-0.5935914999769427,12.14537356370834,-2.52592153911903,-5.877656118684574,-4.57657071290538,11.349691074559008,8.727815113554035,-6.446460842024193,14.730261505848356,5.44052894566865,4.740899967533702,-5.970153684969584,4.3418722827977705,14.010263605139304,9.868553226837165,-10.022957602592289,-5.522382100776948,-6.981754165705391,-11.318007678962354,-5.128458074589757,2.757047256043113,-17.552483745379913,-3.7708638845265177,2.6037145232100896,-0.3663434005796679,-4.300376233223066,-0.2420202564722752,7.602231240810059,4.781690053566197,-7.422779825421312,5.842600112453895,-5.261197137290566,-7.702335367795968,-9.003135333617408,0.0338908393174994,1.2413851867454575,-5.543039519866527,-0.7789258229077569,7.878565653482983,3.321408819674992,-5.651890977650756,-9.51288398809911,-1.8347100864709287,-17.40133309828255,-8.367647397102605,-3.908091166738645
0.372,8.335991103887466,-8.034008223764733,-8.962287114671021,-9.52285837102282,-14.923046352880236,-2.8967981241856813,3.954783627636383,-0.3003626557833101,-11.516993490856434,3.941414945313204,1.2797629725779347,-4.166575066139109,-4.255008519932531,0.6393663546090878,1.3499124825530755,-12.873367395854173,-1.0470961117084596,11.5785599670991,-2.151303142190903,-5.757214693999414,-4.943899700784709,9.973578828679768,8.293192552355787,-4.494428027483718,15.097603726706527,5.874091208224094,4.306751446302063,-6.375488274674899,4.610859676111845,14.856026934847552,9.991270370842054,-10.469101162211162,-5.765600606791321,-7.749972378082772,-12.645279127086145,-4.904899883387637,2.52713417107705,-16.882385528981047,-2.944554429889996,3.541692253765099,-0.1497389694770471,-4.263987904266709,-1.6803931506505982,7.948339689951896,4.511485807213013,-7.5223431521314215,6.180490083802471,-5.524462536967217,-7.110681209989371,-9.293746377889928,-0.3101454819126855,0.4942870788868236,-4.760437545886251,-0.4831475759007915,7.8187834764480835,3.5725721260070524,-4.442846039924417,-9.187614951899343,-3.1589103397014404,-17.74630713153829,-7.431547346499249,-3.2273473227185745
0.374,7.962697577334561,-8.20492188553285,-8.306375083209657,-9.252927013143998,-15.149715731027026,-2.818256038395257,3.5841835801590003,-0.3861153402888159,-11.123333649000738,3.6061614849808015,1.206024991737729,-3.709373832884957,-3.4369950470254267,1.6729233076168506,0.8632847669406579,-12.40477649828334,-1.6237169404178229,10.997777839296283,-1.7657755520971214,-6.082609221746434,-5.262584913239051,8.432761963359196,8.100030634642437,-2.2435115947721496,15.117017931214448,5.825849709162193,4.029301503120903,-6.696486515846964,4.931131118475926,15.405523378226205,9.83533834710827,-10.94877518448282,-5.661650776947229,-8.590165057033097,-13.45219111688322,-4.916285337220071,2.197350397182818,-16.487877997842357,-2.203765985631367,4.64364713139491,-0.2595035201033692,-4.2371014824604565,-3.086700108670271,8.072302558975435,4.110805201222126,-7.655366403938547,6.342489511863232,-5.5570533445833785,-6.604181249004365,-9.750386491532884,-0.7177892800411322,-0.3480043839415256,-3.9543348858784264,-0.5115870928310923,7.564089994645575,3.832941904749368,-3.334548726964822,-8.96496178858999,-4.38195189028664,-18.156868703809288,-6.763047880026164,-2.3400481602407504
0.376,7.484654401789481,-8.26051116990036,-7.958061286630011,-8.84917797696921,-15.32683438675408,-2.87297532942108,3.237555703942924,-0.3716120201068997,-11.146232282017149,3.2298626056912068,1.4975841828737426,-3.018179445441839,-2.7851515874133908,2.535462595433083,0.4825939527221764,-11.931023011498706,-2.237181103016773,10.500075167514686,-1.463738978250592,-6.783551345064573,-5.442590926811126,6.910945601433232,8.207518646342237,0.06121266531251113,14.764631737674112,5.368142976665602,4.008405816650364,-6.83731437705714,5.224662579274098,15.574716403015598,9.491733157715482,-11.367702075807305,-5.26213595051497,-9.49631843641508,-13.614099751279548,-5.136019504229624,1.774947537825531,-16.398596711397804,-1.6189645006256672,5.744962900997143,-0.7609777173532504,-4.179061532238524,-4.2297399803900575,7.966431827099917,3.656395462774922,-7.821804035792766,6.228416716700913,-5.332441053966735,-6.210600546651605,-10.258252100728647,-1.1339060496731823,-1.2406671136534388,-3.1460764024264263,-0.8690181660971849,7.2511060868876545,4.048492245726542,-2.499873966549756,-8.902116274252553,-5.386703581049774,-18.59348751338713,-6.413891950581821,-1.4141390851044806
0.378,7.035088108985699,-8.121039442797619,-8.017899097348094,-8.350517339705172,-15.472252282680651,-3.0641833734551187,2.8898435598687358,-0.2369769737603271,-11.578475853654046,2.7744480079436515,2.13718458053915,-2.2633529981637,-2.339632692175468,3.1357710953109224,0.2350208224487764,-11.441449849922163,-2.7991346736813085,10.15599986265539,-1.3142749206357862,-7.7267739291803315,-5.429561033098267,5.606341196134487,8.601870224853148,2.11780596775814,14.066022236086944,4.616369724911359,4.285101620609107,-6.730406659749854,5.437257316069694,15.338544343466666,9.078294955479864,-11.645101986815616,-4.6719643467414045,-10.406282206189587,-13.14669442832496,-5.489386859557275,1.2898925263032368,-16.601637846524667,-1.2374240540987569,6.674372806799597,-1.6491411323057683,-4.07275580125784,-4.926931196078437,7.648329915675286,3.222227492211794,-8.013822691975582,5.804273041089707,-4.838890793529528,-5.945776569811718,-10.713414737626636,-1.482607957201665,-2.126887400576842,-2.364467111643382,-1.5091539996013723,7.048625355692044,4.1741108492163,-2.0674123825128854,-9.039817679166744,-6.0676608106522965,-19.008503208309467,-6.369630634488728,-0.5846449576283195
0.38,6.769909047958216,-7.731891513671528,-8.503076884615723,-7.835079645815956,-15.600944310861474,-3.3380793608918227,2.5252134057582687,0.0014012328859785,-12.302542430545008,2.224543485957982,2.9927865764387698,-1.6179662110448414,-2.0850473570378534,3.468576986558168,0.1039611119916344,-10.937296614857503,-3.2348048627092747,9.99337271591195,-1.3524559711109647,-8.742619966096477,-5.217195278011577,4.694563842765171,9.205622397932313,3.6183712063548645,13.093191615180006,3.702137655331744,4.826208093482751,-6.350400174154354,5.552040888437173,14.733618240501595,8.711522145081327,-11.734129982382484,-4.015655097413058,-11.21224364910614,-12.185985499274166,-5.869525066534513,0.7932601351000278,-17.038929918668995,-1.0688009535515433,7.28354689816724,-2.8394569962048317,-3.923659189534663,-5.087645037639146,7.16132611778829,2.8636988707135904,-8.218063574828413,5.118401960425912,-4.0859026442570965,-5.812082183896122,-11.038976695082203,-1.6900060692149403,-2.936431724570517,-1.643102808423039,-2.344814757849116,7.123161634737073,4.183078646982083,-2.1006968194592543,-9.393809457607276,-6.357615345016753,-19.3555659889256,-6.559001538517507,0.0683177620918265
0.382,6.831088166078846,-7.078770690983562,-9.344361525308276,-7.40134130670975,-15.721313389134686,-3.595598115975518,2.1459084065636524,0.2928566347095614,-13.123451610568656,1.598425448939604,3.847882343793264,-1.219968604948752,-1.9645776421059256,3.5936976345520315,0.0350339187292471,-10.44093597939159,-3.491774258159796,9.996306430896556,-1.5797403319817755,-9.657648649718558,-4.845466208305887,4.297992222975745,9.90310912043825,4.308772322744749,11.955881512208547,2.751009625837296,5.531320036660752,-5.7205895762477015,5.59132396839288,13.85081874098656,8.478729186855492,-11.636352725489695,-3.4016045623434006,-11.786192799428385,-10.94356396276479,-6.162643129058688,0.3485902438868911,-17.613133353481363,-1.0803076347390863,7.474374489019171,-4.175851792394673,-3.750901459120583,-4.7317417409036,6.569031219824063,2.607057115341176,-8.41973223054605,4.294769409701897,-3.109226420279644,-5.7968904839243685,-11.20550810083121,-1.7101822131273845,-3.5857056254519866,-1.017658585254804,-3.263507526749264,7.6032324082895535,4.075244397158715,-2.5903458335515244,-9.94790534804804,-6.247226795161102,-19.60123821475276,-6.87369733347801,0.5216540209700213
0.384,7.306090937521747,-6.192709765175897,-10.403470407132652,-7.143668408398076,-15.831013091453036,-3.716952093031341,1.7765799373592315,0.5644037147727123,-13.820936802452229,0.9445685444873392,4.463159739718731,-1.1438755050569995,-1.9066780512737025,3.6033594135634974,-0.0457590735103404,-9.997786982113748,-3.5491438776016944,10.115219114918002,-1.9708316329421967,-10.325883554347287,-4.388748876071574,4.466168000064853,10.57404562780325,4.044826148220439,10.7859993320607,1.8668957072080588,6.259008619582426,-4.909832802873415,5.609779130136258,12.815494446033744,8.418080984908219,-11.400454022293273,-2.894599846240377,-12.00984879932297,-9.648386522672444,-6.274400277315157,0.0211823595728402,-18.20184604022935,-1.201074989446483,7.220312213526273,-5.455249127768842,-3.576724684421257,-3.981396301695069,5.9445668345322735,2.4481708376905407,-8.606878710137742,3.505189725277241,-1.970076509128906,-5.87529127643313,-11.234779102535873,-1.5431086865181072,-3.9857653005373552,-0.523190134666381,-4.142694866488048,8.550808247850155,3.875688177141499,-3.458924500668389,-10.654932521417082,-5.790510390719601,-19.73516972213248,-7.196293221034383,0.7986482855409127
0.386,8.196263328810897,-5.146018117581932,-11.505972322967454,-7.128680070583021,-15.914150563998204,-3.593639243814589,1.4613443991516415,0.7382947594489812,-14.20784124871811,0.3316039996709612,4.643507437396972,-1.3904580025211193,-1.854458876560352,3.586271801800143,-0.2109352220015899,-9.669818403613888,-3.4183527055510163,10.283566859811383,-2.48386118616185,-10.651613370946944,-3.9381633672887753,5.1696999515148745,11.124227413070628,2.8262827132675707,9.719249070099126,1.125102832761427,6.8628062779187005,-4.017531118924267,5.675013860998928,11.76029107682306,8.511803993859782,-11.110266370210592,-2.498297931473426,-11.807952196494748,-8.49046248937179,-6.150436136731199,-0.1329633328160165,-18.676869111981304,-1.3367751747797494,6.570170150636217,-6.46549932693717,-3.4167637499036414,-3.0393556295225226,5.35912691174441,2.3552868915694765,-8.773772040032146,2.9325018107175223,-0.7474113714330127,-6.015968400109619,-11.187656952585144,-1.240156716620514,-4.05381065870331,-0.19068056237726944,-4.864242189655927,9.94519563001464,3.626442164639028,-4.579677023590955,-11.44358363426662,-5.093840400775877,-19.77297650277043,-7.42853091177387,0.9506002326341132
0.388,9.403818922069522,-4.041098633426477,-12.477396817521797,-7.374809489634659,-15.943425624020133,-3.160931710992952,1.2531179985984917,0.7515777203998938,-14.17714948337249,-0.1726670559791595,4.291023323542977,-1.896064010597999,-1.7860907689766148,3.6001881502466357,-0.509635091003497,-9.524203985541352,-3.1363690711915093,10.437846731034686,-3.072306269262097,-10.599125139931273,-3.579549936597632,6.307981915722636,11.508206912368973,0.8034727223345866,8.877129342069711,0.5746244213817151,7.231321731531491,-3.1529275601918174,5.843795092577965,10.799758270379936,8.695852631903744,-10.86467170203172,-2.158357175653815,-11.170877689669783,-7.585085133346858,-5.788347070945635,-0.0796249559427617,-18.92836900498344,-1.3903272317578508,5.639141785561924,-7.025668939231847,-3.272537321490641,-2.138317791020641,4.869832659900597,2.2773195205756207,-8.923132712492663,2.724527171970961,0.4730877743160917,-6.18653661177448,-11.146944382520443,-0.8931236859430249,-3.727584197156596,-0.0439289532695403,-5.328851246803461,11.680820126048678,3.3772425078120643,-5.801994227340729,-12.229533485067272,-4.291624414640514,-19.751297994419104,-7.511612838366424,1.0306364432747048
0.39,10.74262480900546,-2.9932066298559725,-13.176599957247328,-7.843115155675687,-15.883004389322174,-2.420731413807095,1.1991603515596942,0.5743072662445609,-13.725704329178168,-0.5235812489299347,3.435743249292099,-2.5525898202624253,-1.7248321893953549,3.6604543055246648,-0.950816334044866,-9.616940687887348,-2.7583145260609863,10.53645903192738,-3.6954608733246377,-10.192516239874044,-3.3755259575306087,7.731119544083129,11.73403360739332,-1.744648815726587,8.348920592357013,0.2438371808431167,7.3199730790806194,-2.4130744682263323,6.143085776605532,10.011671732563894,8.880676884696225,-10.749843901132415,-1.783354779755934,-10.158977546719791,-6.962320898502682,-5.23791922684132,0.1858371927460748,-18.88538789582927,-1.2830359774838929,4.587600767455301,-7.020328581688593,-3.130030346532984,-1.4813491719827456,4.508833983616536,2.1566536460690804,-9.066023258582563,2.951850897170323,1.610250439354008,-6.359108303811096,-11.19762059957267,-0.6113371978376467,-2.983442011582621,-0.09753131881817519,-5.467674067558915,13.583714657395234,3.175971183328936,-6.977671129562232,-12.92955059259895,-3.515657418476424,-19.7177963296719,-7.435589573256637,1.0736740780182652
0.392,11.972935655443948,-2.1069079196138825,-13.520296843796622,-8.441494510097604,-15.694671740889795,-1.4472535461695792,1.3266825380172687,0.2190392878951036,-12.947875371339071,-0.7144834365260051,2.229175230722475,-3.236673566614119,-1.7338404265146252,3.7405702553817055,-1.5007008222383489,-9.975557800887067,-2.344608397267025,10.563991678371911,-4.323821141265736,-9.50385183468362,-3.3568274961168902,9.268232314641883,11.850214610429491,-4.461614591194605,8.180675821960826,0.1443923632278459,7.163573144971952,-1.8657975713600632,6.557354483994241,9.428075911431362,8.976729290061803,-10.816584373711972,-1.2769173404864835,-8.89300531363204,-6.578989429637113,-4.591585994664055,0.6382040956214137,-18.530296333578296,-0.9742356172300608,3.588036460718232,-6.423419277128676,-2.964840307645784,-1.1954548803547989,4.278487919913191,1.9428242321559408,-9.218414198006041,3.583839516360615,2.5992497596073862,-6.516478849473035,-11.404921630769168,-0.4912866790266675,-1.852868359150604,-0.3545251309506718,-5.251357477129002,15.440460085280462,3.0567783667959323,-7.98856914371335,-13.476647610943177,-2.862714920332133,-19.716269249149168,-7.234487866490369,1.0877689493711893
0.394,12.848193543940626,-1.4555209366268904,-13.494115735446185,-9.043187163668897,-15.344467513185718,-0.3730360262667401,1.6311122950392427,-0.2561608278713983,-12.002630144238353,-0.7830873010798877,0.9076877311018984,-3.8396832622180095,-1.8959967824547237,3.78473306562364,-2.08954127300623,-10.58839971317284,-1.94834857730286,10.525913893928996,-4.939760732654323,-8.633223310945585,-3.5205570043374506,10.751048020065149,11.923090623401434,-6.982230152103319,8.37114227963287,0.2677587189454712,6.868473514289996,-1.538123399834764,7.028000659475339,9.035790895841204,8.919427572507876,-11.064363671641772,-0.5715890769809729,-7.529427885666828,-6.351358978821266,-3.963555273386515,1.2263368233708205,-17.903155737196833,-0.4696630173758894,2.7885437502689343,-5.306339843621856,-2.751775154403672,-1.3063988605850565,4.153223900811671,1.6042113048246394,-9.3960610348114,4.489308896788407,3.4031068400358144,-6.654215295229015,-11.795818259353332,-0.5859567824246457,-0.4285317593111244,-0.8052824863990562,-4.697113116594659,17.035098605129104,3.031025686109944,-8.762280489250147,-13.831491349512572,-2.3715799827748376,-19.77155184957232,-6.972945153160979,1.0555190572775357
0.396,13.16729184185417,-1.0715057140200612,-13.148889876694664,-9.513301089401068,-14.8089297704755,0.637365919444485,2.070826181562737,-0.758389873711574,-11.067469546217083,-0.8040038581920204,-0.2703611234070828,-4.289152572195591,-2.286852064169386,3.728290282469042,-2.6276151748982084,-11.399779018977082,-1.6066848207356106,10.439530758886058,-5.5333511224734,-7.686871586596957,-3.836745670965129,12.037724189286104,12.010410016215443,-8.995788836271966,8.875209098748154,0.5839564221656078,6.585788114390384,-1.4141969762902384,7.468729399013009,8.788100677053125,8.687272460343477,-11.437327295984694,0.346337123202753,-6.230337401050461,-6.19138868995865,-3.464773190150986,1.883401295475169,-17.094277307219915,0.1810354315281775,2.281661248252499,-3.82738185884391,-2.4748194058763597,-1.7404834714897237,4.086928675054898,1.138016656157712,-9.61049603652551,5.461111550783097,4.019051738787127,-6.779994715925691,-12.352199440720028,-0.8853969085259629,1.1406646495590798,-1.4279095767627958,-3.8709141351932232,18.18641084648342,3.0864932462163632,-9.27562577630924,-13.98661294152967,-2.014914681263319,-19.88113980227392,-6.726227380454966,0.945943779174134
0.398,12.824347797379742,-0.9417105745155324,-12.584218450932989,-9.73953406199729,-14.082403986090444,1.4247366334295997,2.570739603216813,-1.1789554132824729,-10.288821683831438,-0.8709769115395918,-1.0919018762386177,-4.559527744647387,-2.947929946612171,3.5169278133998363,-3.028820983601183,-12.31488621976865,-1.3312844745569374,10.320471523019558,-6.095794051539612,-6.76018783809017,-4.261963048155294,13.027028616294514,12.137194424986486,-10.292656271311756,9.61432261335144,1.0394517942687898,6.469224798186578,-1.4433908720537472,7.788935185580697,8.62312425276807,8.30782553693864,-11.836577681966869,1.425230269054415,-5.136021568010339,-6.039405697337078,-3.1815894767659216,2.539736750261489,-16.224723723960636,0.8957471134730889,2.0848778349896526,-2.2051450699321293,-2.13389012019513,-2.3518111918199294,4.024552102882364,0.574519587745889,-9.86326037934601,6.263015666541973,4.476883396544503,-6.912636667564846,-13.012363816130168,-1.3128351380568442,2.667435040453958,-2.189107364341364,-2.8842467121045066,18.781873270574465,3.192554764235085,-9.545635445380553,-13.96405356946087,-1.705611170108376,-20.01334865619708,-6.559095392795477,0.7326089561120162
0.4,11.840332538023468,-1.010045186513473,-11.926169263389436,-9.65944235081129,-13.182078129626946,1.8727799986155416,3.033492455902706,-1.4134409000176416,-9.746770356293167,-1.0719372645122638,-1.4362971837298524,-4.666444407651511,-3.866427230739853,3.120638741077658,-3.231942458306729,-13.215261096693864,-1.1102569237726685,10.1680254867006,-6.61369532463351,-5.927752375654534,-4.753876453560824,13.661861098277392,12.28252468831119,-10.79206203169716,10.489068479479432,1.5554196779499891,6.628592951961415,-1.5544506001610945,7.920914851264724,8.483822659328384,7.8511372082617505,-12.143006842146834,2.559865082988859,-4.341023279614818,-5.885096281428196,-3.156985464238548,3.134957092499695,-15.421283151672393,1.5800846078444928,2.1398098859089205,-0.6819836333093058,-1.7484500516041526,-2.9669321590255304,3.91654356761713,-0.0254818885262399,-10.141857599283167,6.682293565950346,4.830090999840166,-7.077298000465049,-13.68332134125675,-1.737381960943777,3.9521226659631705,-3.0457361866641524,-1.883760453230604,18.799241401503192,3.3053845460213758,-9.613254475339057,-13.80880722440871,-1.3223015703982974,-20.112673876360997,-6.509431255910658,0.408924208880474
0.402,10.36388185910374,-1.1937300099763233,-11.300388550074992,-9.2767484547594,-12.14937401119768,1.9351688569951948,3.3569311942603997,-1.3847062374249413,-9.441887261401938,-1.4639610209441576,-1.3007508968047683,-4.650523113464129,-4.968778207726809,2.538637737155694,-3.216365329108183,-13.97565154360313,-0.9170534458304128,9.96014654593485,-7.065630978391704,-5.236662134125017,-5.281941380647446,13.92767514833647,12.38543194591829,-10.541535738159908,11.395481216921551,2.0326496536917027,7.096381086464835,-1.6686661161793803,7.843243081330104,8.333339084760768,7.409883716211343,-12.247520022620735,3.617848953412929,-3.8831349559357258,-5.767704583092803,-3.38129085445897,3.62899084618956,-14.789695046467934,2.151049284191353,2.328031631635025,0.5162147301167322,-1.3536736534885614,-3.4337119795771947,3.731572569947088,-0.5806099914716435,-10.421296042404496,6.577889962685715,5.144822592084902,-7.299271957086951,-14.258581491560136,-2.0055305579731098,4.815845509330085,-3.948895767794868,-1.0328022156979058,18.3114521155322,3.377267316344605,-9.525163333685528,-13.577337396973196,-0.7454875831973014,-20.1126388845944,-6.58007920614929,-0.0020188251189515
0.404,8.64936569121581,-1.4019077573978582,-10.811502916799329,-8.663915981410117,-11.047831352349334,1.644343607472876,3.454338784807656,-1.0627741369033552,-9.306649416543316,-2.0535904131040463,-0.7937343888394888,-4.558343081722094,-6.130541270381552,1.796286308162704,-3.00667356386516,-14.48475833862154,-0.7199727826419312,9.658162509727983,-7.422313516862157,-4.707236757072335,-5.830375667221754,13.846334959269583,12.364384461543896,-9.686482636132695,12.237818563135438,2.3641700121116376,7.81104881788128,-1.7143164685970826,7.59138544245011,8.161976900203664,7.075644197343604,-12.080778792566456,4.475256152235071,-3.745657740942372,-5.759821034083881,-3.796812079053334,4.006114629241266,-14.39171157269966,2.5544796542555184,2.501387631383228,1.2158663708959256,-0.989882881938131,-3.659475488284349,3.4625488068959838,-1.0018293431467609,-10.66894598502953,5.916494230839097,5.487700127558366,-7.598127107548987,-14.639479110917213,-1.9819308292436029,5.132727676190583,-4.847877150349108,-0.4870601489790022,17.474812402836722,3.3671859969324385,-9.319074779226266,-13.325095833780628,0.1068300927330679,-19.95483320621168,-6.741478076326755,-0.4460406765239392
0.406,7.009208807617872,-1.5562193303064116,-10.529108684048287,-7.946285565958302,-9.95641563469595,1.1002548383265842,3.2719192081450115,-0.4737858599049319,-9.238309736242654,-2.7906235628133285,-0.1017542098927657,-4.426475837343912,-7.197842559978283,0.9400012182503537,-2.6649937331508853,-14.66663338159679,-0.4973673731278941,9.218737448999752,-7.650896812075189,-4.341843697252393,-6.395100575757557,13.467290321957286,12.144826407775913,-8.423451095884515,12.938656422784804,2.4557577823145853,8.62281978952309,-1.6396373532552404,7.251856407244359,7.985378403946234,6.918151940439211,-11.63165245735913,5.053716921673212,-3.865509356346317,-5.942569559815458,-4.309839863897408,4.271797980832615,-14.23417230695552,2.7761329782309025,2.5210680350653725,1.321645552009775,-0.6901462520915618,-3.629907511500573,3.128822072800842,-1.2093599547929144,-10.849577520196625,4.784902087290559,5.913190666062894,-7.982195471738857,-14.75843079493285,-1.585688764878752,4.8540789150822885,-5.69367717298227,-0.3659533409215567,16.502215324107976,3.248852291105772,-9.01594324027185,-13.094550706560506,1.2519845851512788,-19.6041225909523,-6.942661331935103,-0.8476005361506681
0.408,5.748568163657667,-1.605511483312897,-10.478958788487274,-7.274245125896548,-8.957404324036393,0.4403366866728522,2.800487526852927,0.303997557305149,-9.139152263724352,-3.57537288554515,0.5644658897003807,-4.271295865402272,-8.017200550719444,0.0269163032411562,-2.275618264567368,-14.49358884624725,-0.2492594687717438,8.608255286823312,-7.722233307481224,-4.13313243311645,-6.975571887965079,12.860322084966269,11.686423711965356,-6.953405069576551,13.444478066136938,2.2508561612218645,9.32680264164486,-1.4206012744008394,6.943007067004703,7.833381054710058,6.968405869326501,-10.950366040029245,5.342386427135791,-4.14885538211883,-6.374241579387843,-4.810503473376769,4.446892988077678,-14.272200172364302,2.841774140024865,2.2953821585331213,0.8295924453996201,-0.4666457547791192,-3.4024771826865274,2.7735546127477617,-1.147773441342174,-10.931650524415502,3.3709946808823923,6.453840369530247,-8.444768597685119,-14.595201271621775,-0.8140179404647666,4.0179462292154895,-6.444092565066274,-0.7256077439268126,15.62732705349976,3.014155922825286,-8.623617856538552,-12.90946835949263,2.629695178002485,-19.05698776897911,-7.124357653179684,-1.123401866964452
0.41,5.103134591830895,-1.5330560753835507,-10.642949746175765,-6.78805370914851,-8.122018894034744,-0.1965388248734099,2.0799360484868856,1.155797893560252,-8.950468941866996,-4.279188966120914,1.0331582127001924,-4.088830850128813,-8.467637253018813,-0.8881072014700019,-1.9239645201307545,-13.990769158480044,0.0015856562955922,7.817588461634349,-7.618588031660957,-4.073202812100554,-7.562783571056937,12.109535678326274,11.00199462909602,-5.444840305988403,13.728576394804344,1.75129624706069,9.710885039622928,-1.0643553538334334,6.784932596343029,7.738368105331785,7.211486997201391,-10.136965908682974,5.405537144281223,-4.491827022670949,-7.067843569318009,-5.195925269903221,4.5576403038869,-14.42471828061404,2.806010267040341,1.8047103520443724,-0.1763252312399407,-0.3037888614331706,-3.077043400969093,2.4533580700728885,-0.796123119587478,-10.895422830974415,1.9221662201613008,7.1164230871296645,-8.964672046323406,-14.182885806869765,0.249391870835925,2.7403745588821,-7.0682700501050055,-1.541637466673077,15.06485706747379,2.674340554517512,-8.147627384862602,-12.774492351025648,4.107596602601881,-18.342916243299864,-7.232443361584994,-1.199177928617044
0.412,5.1880105283119935,-1.3564448153075237,-10.969148230000922,-6.58419013835436,-7.495134267534405,-0.7061802765009079,1.1942435723963452,1.9525654840272093,-8.673258889871372,-4.773529078702187,1.2152089436773703,-3.864897295524328,-8.485972457044047,-1.760894776489852,-1.674303080356481,-13.23127761716272,0.2135132673836708,6.871377144114957,-7.340850334618402,-4.157718332011481,-8.130367546229026,11.304427385266653,10.16410401579346,-4.011731535512205,13.78867811067791,1.0305688960108372,9.61080062171605,-0.6065969919427477,6.867125818833327,7.721755553902774,7.593937353875908,-9.316324709486816,5.372448793368776,-4.797042303786525,-7.981524696171182,-5.392225550330615,4.625102688853341,-14.59803788366584,2.7362287569528805,1.107852792762074,-1.542543826439608,-0.1630925323231919,-2.759783202732468,2.2240999262433063,-0.1746259631778238,-10.737015523536947,0.6885921448407064,7.883727726054381,-9.509049781604812,-13.59945979140258,1.448459529775516,1.1935929599315764,-7.5480240760194,-2.7049451969186955,14.973592366048385,2.2581413740061547,-7.6023199567404385,-12.678543464867838,5.508003577832297,-17.51561206087253,-7.231254175518158,-1.0262386872324274
0.414,5.979843748100156,-1.1162687790821777,-11.384258547537646,-6.690773161399732,-7.082160721216832,-1.0431698424379827,0.25810365180230055,2.574672948124677,-8.36605021502001,-4.961250296970767,1.1201562004283032,-3.5906555580483333,-8.07957852347746,-2.564765479384875,-1.557248930940506,-12.320913909125297,0.3418271325692785,5.829804897229711,-6.911148699823997,-4.382915667325138,-8.634431694264508,10.531699906695984,9.29406157240066,-2.7117839815267075,13.64312785205438,0.2305826769271267,8.958993927969013,-0.105878351631685,7.221090958744002,7.782188444600335,8.037972206712357,-8.605837756654235,5.404151354519701,-4.987243541603217,-9.021518204327798,-5.373065715147304,4.658756493512384,-14.714896809742354,2.6940625438376635,0.3274608156297682,-3.073957443713404,0.0064561470533225,-2.529904302586357,2.127818271595791,0.6550896101237795,-10.469234946995835,-0.1358223392660542,8.72001213247696,-10.03848999649128,-12.95399503847748,2.588561691244599,-0.4250613511952898,-7.878574286761958,-4.034381193547006,15.432128014942087,1.8065395259206187,-7.019094169258057,-12.604899777872594,6.6463438280776295,-16.63764232350488,-7.109618998456548,-0.589796847355797
0.416,7.329696741234541,-0.8589897018759977,-11.807757471634574,-7.058421241381948,-6.846676420743464,-1.226303469891605,-0.6012967725789066,2.93554375445636,-8.119158881894299,-4.804768958265383,0.8409190564526785,-3.2770093797184523,-7.323880828418116,-3.2940832669874767,-1.5650695085331146,-11.379747913813326,0.3567754157915023,4.780341444366355,-6.370165626410641,-4.742380758597926,-9.019045378281648,9.866957308287173,8.53640791995187,-1.5634659682522463,13.32772988321868,-0.4629348024952791,7.811359867609253,0.3645030386961906,7.804993054956528,7.8948986300091155,8.458926978931677,-8.083625164210057,5.649752726879342,-5.012934284248523,-10.064654643542724,-5.166450816685408,4.654382452522137,-14.73833419691881,2.718532699035745,-0.3802641151794392,-4.565696027869373,0.2548127327489132,-2.4084268777334623,2.1828816937248834,1.6003354955748703,-10.120045607142153,-0.4528718531653897,9.581323790371608,-10.51333682461268,-12.365399875168675,3.482385333035728,-1.930509989332513,-8.06851900051973,-5.306651393020615,16.42720520062098,1.364359196645732,-6.448255575798326,-12.538930577423503,7.371314622529602,-15.763712965279646,-6.877715502059634,0.0891816939006326
0.418,8.99492439307218,-0.6233072850796716,-12.167997437765084,-7.569245673926793,-6.715600525853248,-1.3232055029300105,-1.2650601354662094,2.9986533615502844,-8.015662438246258,-4.338132200035371,0.5107567403520528,-2.962968279700576,-6.34588184732664,-3.9627302421277415,-1.65979676348469,-10.521695260946412,0.2575916024898863,3.822271118871375,-5.771441906656801,-5.220688109207872,-9.230954472712623,9.364765498578551,8.026650467025387,-0.5711445528661423,12.891704216675969,-0.8571474483698377,6.345324852159252,0.727939621722076,8.509243987374084,8.016191898909181,8.7827660071783,-7.768047776945255,6.208047343198527,-4.85434898452283,-10.987120020591467,-4.847530237417317,4.599006331161791,-14.683975219058649,2.818706055878692,-0.8667175694831593,-5.836400116224232,0.6131645082167912,-2.3557179631640723,2.3781373285965874,2.553697862987222,-9.726864291859249,-0.2735115551679333,10.425072194867358,-10.899428593964583,-11.936389255653191,3.994131142919779,-3.1801808711860557,-8.135385014262338,-6.297155043069137,17.86030775313089,0.9721010861089864,-5.951618136968221,-12.473779847602511,7.599332814987412,-14.925344631543238,-6.562126331129366,0.9607477811105084
0.42,10.696345851120295,-0.4289013083373583,-12.414927158238864,-8.062568281671483,-6.592067698380364,-1.4194918263401954,-1.6422989698562862,2.782289641322901,-8.094431290283017,-3.65920805506722,0.2641782432691192,-2.7129823850909887,-5.2955245810185145,-4.601222865674124,-1.7905020438662282,-9.834504956639847,0.0835217979727338,3.048272306873868,-5.171860880602248,-5.788988773091099,-9.237523467154666,9.04970601726233,7.858643483343868,0.2509401789686505,12.39332919759809,-0.7955470073362352,4.82908159480235,0.918622148915974,9.17826039418789,8.089450011116549,8.959211501012796,-7.618972557236346,7.099257184106593,-4.52267633693036,-11.690992821818472,-4.523574563673606,4.4788849563743,-14.616223440743322,2.977369701528407,-1.0310824202856668,-6.755984863073246,1.0812319952501035,-2.291803083263184,2.673358358642724,3.407608085582144,-9.328420945724222,0.2898391127327357,11.219181922992387,-11.1725535140724,-11.73220000078584,4.070280756434983,-4.089705048127919,-8.101937408230274,-6.824372190989195,19.568122648661063,0.6581386719061125,-5.58679198720326,-12.413430053640289,7.3345274727181,-14.123743382103171,-6.20004138087304,1.958143941563737
0.422,12.177824628443432,-0.2692816542494942,-12.52560137006963,-8.372204116904925,-6.377275431476948,-1.5846048391629437,-1.6827484406903492,2.351485325840868,-8.326985739368288,-2.9107863028924643,0.2047598245533531,-2.6031075971786244,-4.314954256324915,-5.250410479360944,-1.9125008404034365,-9.368729914577678,-0.0920662551366785,2.526889712579768,-4.620142402366356,-6.405674405340522,-9.038554382178324,8.910634259118504,8.06125463223822,0.8650763347630188,11.895237716443887,-0.2020958624468725,3.5675998578220667,0.8946233390792322,9.645031688097616,8.057140193137142,8.96532328405711,-7.552414016089491,8.255672743476765,-4.0570209383443085,-12.128126565137242,-4.309492265010888,4.285978721284574,-14.630275393609429,3.161655155016938,-0.8459181804064569,-7.260061330770296,1.622238233188743,-2.1274343311061767,3.0081767198618468,4.071232474096177,-8.957410930580433,1.052141363801823,11.947834572387755,-11.322352860650714,-11.769399036753384,3.752731412924642,-4.636425543004642,-7.993158440593718,-6.789190773283939,21.3504008558321,0.4330627872086042,-5.387595475570222,-12.369852310001102,6.667712341330384,-13.333321605767122,-5.829175206031096,3.009912148923726
0.424,13.247531681475484,-0.1176428059974699,-12.506207020859517,-8.364665402732586,-5.995322444807272,-1.8418047320059987,-1.383003798047143,1.800731938923255,-8.614737087544013,-2.244804875143545,0.3664193155228144,-2.7003758327596925,-3.510971949357257,-5.951736280826116,-2.0021550073135765,-9.132288967861804,-0.1797585072362187,2.292460551607989,-4.147895773215926,-7.018788456996462,-8.673233234559124,8.903099391836744,8.592438118613998,1.2124033004555768,11.45956493596039,0.8903098632755986,2.833345412237107,0.6484461381774151,9.7721737774211,7.871271548176597,8.802213263557816,-7.464591524777656,9.534907887773176,-3.5190676919631847,-12.308519693385458,-4.298677990953105,4.024674661506904,-14.82525544361117,3.337450426161116,-0.3642939739954091,-7.353793338580973,2.166871463193254,-1.802933174357279,3.312861700467736,4.484211493286468,-8.63560692607239,1.8100197326510865,12.614617038543244,-11.352467271304658,-12.014115183834589,3.167486897227921,-4.850348116037345,-7.831410064401307,-6.197120744897579,23.00333715142856,0.286977804830727,-5.347620408956957,-12.358279803314394,5.758271277944171,-12.515065227884088,-5.480792657381179,4.051598286243653
0.426,13.808532402943056,0.0613519978164925,-12.389025270755218,-7.970029009552593,-5.412253502250079,-2.154500422807505,-0.7860886179752276,1.2303886335778813,-8.810908995383263,-1.7833553384049572,0.7050161832992423,-3.0407038922559413,-2.9395580117403965,-6.738967585696682,-2.06323655340638,-9.093798606778853,-0.0963397022779196,2.34055466916099,-3.7666579719557616,-7.575271125200267,-8.218028380325794,8.957548666268403,9.34860902377727,1.2292539170040808,11.143560649384185,2.334961957215956,2.7986038745845563,0.2134491847007165,9.486025342007558,7.500668637724627,8.487800999089243,-7.265983213139941,10.752947711066222,-2.9870997352636004,-12.292867099134932,-4.5396431865352325,3.715307329710156,-15.271930727019098,3.486934375910931,0.2923200345260521,-7.105962713562893,2.627314961872176,-1.3157010087613092,3.522603463885065,4.6232236556665045,-8.370586832359868,2.3952126205573028,13.24048387088268,-11.279266454024938,-12.391598710759997,2.4926214539168634,-4.7946084343776905,-7.633668519690206,-5.15922307564759,24.352796947724865,0.1913503500050636,-5.413315126622625,-12.390555331537897,4.803674633203449,-11.634094910418602,-5.174519131626934,5.032980296609874
0.428,13.870547516882391,0.2970848764265343,-12.220747839587196,-7.200977298327527,-4.648309323921046,-2.433014069422854,0.0273946689159279,0.7218067275526585,-8.763871159849721,-1.5900239557242128,1.1250416977605535,-3.613204735751884,-2.6048311773057096,-7.630353039071238,-2.122470871371087,-9.194646646689844,0.2075882025159859,2.6316388621053424,-3.4675658780157654,-8.032874648342732,-7.771164531290384,8.995537330072914,10.189070364216162,0.87295298608149,10.990871314987752,3.8927257061837577,3.490040652041516,-0.336409916956472,8.798167846754177,6.935915902178854,8.04702525663546,-6.911155809320392,11.727473185796509,-2.550415891403619,-12.172910746887665,-5.02330966009754,3.3894698983326363,-15.98486976990844,3.6184175575372857,0.9662252264207556,-6.62783695761558,2.915856744518132,-0.737506215782043,3.591327634134968,4.5010654808547725,-8.155234146070216,2.7078017798366565,13.860326343283877,-11.128790733806838,-12.803816218251733,1.9149682715709535,-4.542131142504904,-7.411754834867783,-3.8685192017407615,25.280165931842685,0.1040898472737615,-5.493982108814999,-12.467301940143123,4.000833492310448,-10.677813557018048,-4.913993104993285,5.919459991860542
0.43,13.529730613930338,0.598730116301544,-12.04941818560958,-6.15158073199588,-3.779199895590492,-2.5610147966639096,0.9530013590201717,0.3163576450111017,-8.36597200149321,-1.6553630937509007,1.512770663365699,-4.352987107053249,-2.469516325002476,-8.621191495634847,-2.21828546358978,-9.363214792805012,0.7308370865822368,3.1004306357580296,-3.226067541752452,-8.367443529024824,-7.430467415697892,8.949333427880617,10.970136534049772,0.15102828171802074,11.024636151713016,5.279328044595961,4.775409192899319,-0.8927654074886378,7.808209487321877,6.19262799123792,7.503727563092102,-6.41411336607335,12.317051265715568,-2.3063423797239166,-12.04390101613875,-5.681647694942373,3.0827017124670304,-16.910514835766133,3.766561263980572,1.5062755429736054,-6.048175941369721,2.965387368472568,-0.2056316827569049,3.500233180596421,4.16159957783909,-7.97130697570798,2.7324581496193803,14.518118021433693,-10.930736556056228,-13.151599671894653,1.5842779082100864,-4.155319607708944,-7.17229434201716,-2.556337366976688,25.735438186029985,-0.0225939720267659,-5.48273992052899,-12.574476187275794,3.5104968971232693,-9.670188551144328,-4.687024644606779,6.690507404890943
0.432,12.934187280609455,0.948358413740904,-11.911840120740605,-4.975609343020794,-2.923235458047245,-2.432430676459667,1.8789491191239802,0.0055473210873852,-7.593330367573401,-1.9040420407835443,1.7707303864993773,-5.146816452954729,-2.471288560294118,-9.680690672604156,-2.383522654149381,-9.531537345254558,1.4187115125099248,3.670030202424419,-3.011944894487405,-8.578410590970652,-7.271829492920457,8.778340536498582,11.578125770489017,-0.8593012246385316,11.242560207516286,6.232235239388984,6.383521983351456,-1.3280477406491964,6.684197925755315,5.312377478732647,6.878204753484496,-5.846701022750848,12.44759085052998,-2.351711469652776,-11.981460288458132,-6.401272438876738,2.8251965416482987,-17.93391780256859,3.9846362621264615,1.8083193690423036,-5.489554785879027,2.7477918908980627,0.1123926167730068,3.26195529543378,3.6703828996427705,-7.795305430402599,2.5336107033426885,15.25963062947741,-10.712766987269578,-13.35453818275566,1.5786260207501523,-3.6749069614923138,-6.917932238125209,-1.4429487961804914,25.739928264867416,-0.229551025783627,-5.284603364051384,-12.684760498823126,3.433631047768645,-8.672363899602976,-4.469418213029319,7.333920471953025
0.434,12.244114801611758,1.2991344490713226,-11.822612403253084,-3.855221897306357,-2.2177092234603326,-1.9888578997527828,2.7024370528048007,-0.2659786804531476,-6.526945320138079,-2.2175368460024423,1.84871138829611,-5.853655354047828,-2.5455397939196738,-10.75102827752226,-2.6295722894796416,-9.650036817082388,2.1648396431994272,4.2653769496839695,-2.7999599657188003,-8.687961758747823,-7.330383799683414,8.482066161581809,11.95329654070596,-2.0131084793333613,11.614262022200185,6.57095718416391,7.962463520445499,-1.516537418791773,5.625508346324307,4.360885024288215,6.189200829460759,-5.320015010914181,12.124917338797175,-2.76751948988303,-12.024541778284236,-7.047292140453063,2.6339679093825925,-18.898796297568072,4.328103100324098,1.8436687242529968,-5.046531685870228,2.281751156379882,0.0650540546951353,2.917690204100568,3.103248316499784,-7.604874382288288,2.228142663640335,16.125867370981567,-10.49790154014147,-13.368319030534863,1.8893194893091865,-3.1189985053416467,-6.64984608528489,-0.689989672545219,25.37479342723972,-0.537113521384651,-4.845230200590031,-12.761792222305296,3.8002527683707696,-7.771531239623025,-4.228490150809201,7.840727137777642
0.436,11.593708138575794,1.5839592694931917,-11.76937274318101,-2.9638620025530944,-1.7885775994482498,-1.248846581814557,3.3448030265807858,-0.5842862451931062,-5.344786873266039,-2.467077207010498,1.7577421872035277,-6.333952400662601,-2.644102226342097,-11.752872870332297,-2.940946132125983,-9.69514134395737,2.8314999752325365,4.823275285135042,-2.5767233072759432,-8.730117637962936,-7.592463865339496,8.10562262810292,12.099576072272658,-3.1153277443208744,12.08514014969538,6.236191772818325,9.158892724346808,-1.357432072499852,4.817475490080015,3.4240738164440043,5.460506300435,-4.953602767915821,11.4269308949776,-3.604256126229488,-12.166625277384735,-7.493004094779072,2.5108392668404598,-19.64129350687514,4.8363124024885895,1.667289538329355,-4.771031779004074,1.6326676778838205,-0.4395636297840358,2.5265944987042923,2.53498458149791,-7.384421500359659,1.947079014941912,17.147769463479083,-10.29957200198345,-13.191685516967029,2.42675234253737,-2.4877225634494597,-6.369456927691336,-0.3654842819294426,24.76040826407268,-0.9359828679544442,-4.171402541418988,-12.76959827970632,4.574893445549149,-7.063159285366211,-3.9261662911768456,8.203652213268109
0.438,11.07303682373874,1.7341282045375055,-11.714967301333267,-2.4285882792154565,-1.7210256156232846,-0.3172833661887315,3.7600242554615693,-1.0384337751644652,-4.283606173910405,-2.551102276006213,1.560767530981814,-6.480577034105676,-2.74280997084056,-12.592986353499697,-3.27508873133326,-9.669636158171182,3.281364447892051,5.296986338436595,-2.3436431581697232,-8.740119320649425,-7.997656118955863,7.730908890983782,12.076874434455286,-3.951359561745639,12.58473000585338,5.305420279525714,9.700902745457528,-0.7984210444625168,4.387396144458639,2.6015501810473207,4.72682835398463,-4.839425862031038,10.476907727580317,-4.868773344307819,-12.366038802031133,-7.647570440904077,2.440333057160528,-20.03020797816876,5.518764292058315,1.40416729602594,-4.668223615265324,0.901495607141959,-1.4013895355795905,2.156508460142521,2.031798744875515,-7.129098430855571,1.7914283920285992,18.342883237898945,-10.121984206623665,-12.861334045121538,3.046849597868238,-1.7749405516939478,-6.080436326532476,-0.4328676426612818,24.034658481682456,-1.383765726792502,-3.337001446800442,-12.68240331130451,5.672875661170418,-6.625361468955025,-3.523262745949044,8.416418350435418
0.44,10.717358881059004,1.6958739365890445,-11.606924632576272,-2.304293415831027,-2.0390675094314017,0.6317145234781993,3.9381368533123045,-1.6901530841758856,-3.581199226294641,-2.4226761778132317,1.3458717989279616,-6.246251789986429,-2.841084941616156,-13.174953498307309,-3.5718926325907514,-9.596909898203934,3.4026118230785696,5.657585951642488,-2.115845302683621,-8.742001319434307,-8.453433343555574,7.457600425589859,11.98016483703131,-4.332954923838724,13.037458934790978,3.97812120411517,9.467999163179863,0.1448123092243285,4.373457863515855,1.9969068436364028,4.039602191048213,-5.012494407650406,9.410964132787129,-6.511721291711162,-12.565480678299537,-7.473418089418918,2.395924829667931,-19.998891701480016,6.347828706433372,1.2148631999241066,-4.702302594170249,0.2076850236582811,-2.7171713199341494,1.8719557605128327,1.645147429173223,-6.846310087024811,1.8013738655579776,19.711579310940664,-9.962889920786989,-12.440710598141408,3.593569701839419,-0.979960626130864,-5.789488006661749,-0.7644223793732864,23.32949371388508,-1.809477917424648,-2.4699883069824384,-12.491716099909466,6.984046006019821,-6.494010342074012,-2.9846474766835063,8.474996670805396
0.442,10.51331966897144,1.4455984261889292,-11.392746787712005,-2.567176936306125,-2.6963692399666432,1.3923716111057898,3.9037340614137523,-2.5498582077570524,-3.414598897462032,-2.0995568361259536,1.1911420809381394,-5.6573355276836015,-2.9549618452536484,-13.414318505986998,-3.770648312638484,-9.51109719485722,3.135351097138434,5.892614594494941,-1.9162037050500764,-8.73870543369112,-8.858309892431272,7.38090913973675,11.909684931506094,-4.1469063003103415,13.378116326417642,2.5289632658431245,8.52532409666606,1.3812328632365702,4.717873918512349,1.7023248598538483,3.465939107037951,-5.435750045761881,8.349401226091377,-8.423348068085653,-12.710501679289749,-6.992362136366897,2.3491759908072,-19.563755351337434,7.26175122088461,1.249230105712888,-4.809453825167745,-0.33131378827786,-4.193779377153838,1.721511500511891,1.4068282753684729,-6.553619718531529,1.954886028846148,21.235603181863265,-9.814512129679414,-12.0051297090588,3.940223779505034,-0.1153306976848628,-5.506501993064924,-1.1758129288917625,22.749101477541927,-2.1253347211231786,-1.721460452592561,-12.21246299868656,8.394676474200773,-6.647609887993277,-2.285027379160999,8.382428931969935
0.444,10.414832167252127,0.9974493134368382,-11.034879255681108,-3.126761588879549,-3.5857465623226723,1.7766969376821495,3.709338674399927,-3.5654367639802858,-3.8509078485952704,-1.6577180812837806,1.1370911592090192,-4.811639556827132,-3.1043639399827496,-13.25312264928155,-3.825346152981802,-9.446588970031382,2.488584265955589,6.00238252783604,-1.7650799145191711,-8.709239808105266,-9.124202097089,7.56612231066838,11.93962044488534,-3.3818640883915223,13.565253414378745,1.245139992759134,7.1129548756824805,2.7499198432337284,5.283507938057119,1.7816542390764083,3.0822482180093744,-6.003813984362198,7.377651627775976,-10.441388745823936,-12.768432933430557,-6.279134595812017,2.2760243167555068,-18.82419151760042,8.17925299415634,1.6033511392741304,-4.9140278358680565,-0.6228074943360269,-5.586373557956702,1.7298145013355588,1.3269078499133231,-6.275935683706232,2.178594920568023,22.878167037953247,-9.667002145755065,-11.624811365428066,4.020470725080787,0.7918494836880836,-5.244214396036222,-1.4740494076840054,22.3588828562186,-2.2454400420353515,-1.227487392505116,-11.882328004105348,9.80244293383141,-7.007185564550019,-1.415097826374942,8.15013035949085
0.446,10.36558024378031,0.4030236682672898,-10.522934315641749,-3.8502204217264326,-4.5622642087939855,1.6643386984349542,3.423108308657522,-4.627779750086888,-4.824720335877862,-1.208679783141828,1.1716946211878694,-3.858721679986368,-3.3033419416599408,-12.671958775106456,-3.718291990424539,-9.42971468829683,1.541313807964446,5.99931498051043,-1.670464791017134,-8.615200409804805,-9.197250710733616,8.029955645073143,12.096593507366954,-2.13274421702023,13.58858210397254,0.3627359979012123,5.594342792572324,4.042084878561648,5.890132278203705,2.2527708010032224,2.9618066041908704,-6.565928397490122,6.541608689925182,-12.3729522298845,-12.737916281490298,-5.443697545165487,2.163441950777446,-17.939984744376076,9.018870598968851,2.2891731464917893,-4.946464594185465,-0.6157973329891296,-6.650669693611444,1.8970825767763384,1.3934878197801897,-6.041434590706176,2.373894034055139,24.58716009448234,-9.513400914600476,-11.353007017842584,3.842584167294786,1.70484323411649,-5.017285964130171,-1.5060277055895168,22.183620585297675,-2.1069058253221864,-1.0724657290444473,-11.55493824668004,11.126262524042836,-7.452383447984218,-0.3817045961485533,7.795089773853562
0.448,10.320398467622685,-0.2568406201556205,-9.880803133297148,-4.593260948160347,-5.474194923451556,1.037148129181337,3.1162400822786314,-5.591519568104284,-6.148389155255605,-0.8678278094111176,1.2323142497652964,-2.9695173658504617,-3.551580871254377,-11.696219622403564,-3.4672084738745794,-9.471946147059992,0.4346323468795008,5.907516129038699,-1.6210550978505494,-8.415060542826348,-9.0700672141613,8.733995107443173,12.351055545215404,-0.589949776554644,13.472804816580354,0.0145295715221391,4.371068312396683,5.03550908723691,6.3597525025912445,3.0740875525806204,3.159076825708638,-6.963569827716997,5.854294237408413,-14.026360134990185,-12.646033261649366,-4.607431474415684,2.0127104446196844,-17.094677196796525,9.718302975697071,3.224205394359174,-4.858353631152889,-0.3089266934264809,-7.194561562651909,2.1999319329519924,1.5743969452035174,-5.875971736224516,2.4500386070065554,26.299555753045357,-9.350133675944955,-11.218736309593975,3.4819271637542357,2.586660759262879,-4.841439936669596,-1.1961687913995418,22.21141135334283,-1.6885019757999404,-1.2641986462642294,-11.288006398741873,12.30839354682511,-7.848780996844417,0.7925673127465133,7.336348329008157
0.45,10.260356927123093,-0.8891124824431954,-9.162328230894916,-5.228237309788973,-6.194659038010671,-0.0076017412864525,2.850534338580257,-6.30657857112085,-7.553815513600316,-0.7245107608378262,1.2279071270299629,-2.2999984381284717,-3.833547977092351,-10.395820029011478,-3.1202852132926204,-9.568136698934165,-0.6527386698334483,5.762640397844686,-1.5860282360597542,-8.078835064767368,-8.782213100818687,9.588486023520712,12.6227304306047,0.9920322343639414,13.273350332169592,0.2026443467142418,3.784157945904412,5.536579214323097,6.563100987753628,4.142267421032263,3.696758798138228,-7.070809809162673,5.305734133357564,-15.242543482102024,-12.539996957669905,-3.878010701070532,1.837135596623504,-16.452954053325758,10.250020646825224,4.246570851547691,-4.630354453013835,0.248456933609251,-7.124016109632452,2.5949361838745624,1.817444549899328,-5.797906692667919,2.355197375447299,27.947493986221914,-9.178055785778469,-11.225649790940952,3.0563429423072552,3.4110189998207088,-4.7325517812277695,-0.5638409501860246,22.404412668907465,-1.022285652640028,-1.728094365955328,-11.130171985298558,13.307626931579303,-8.081276963967296,2.072129022127556,6.790046873467341
0.452,10.198043323892325,-1.410357440849972,-8.4388828192176,-5.668828149824935,-6.647156521225534,-1.2718990155156935,2.6678715707161116,-6.655685657743612,-8.755534905823344,-0.8168074790936142,1.076112654330337,-1.9563136416236169,-4.122713614621631,-8.876704924812142,-2.7461918678378616,-9.700573008854125,-1.5400608604571029,5.613556316112345,-1.5194158123090353,-7.601669602452258,-8.413762035021783,10.471028428305438,12.803739797636572,2.3449553744784524,13.063881899752037,0.8063320240140922,4.028159274595272,5.422184974051966,6.453302583173458,5.301507415078276,4.558537485677309,-6.8280786341390405,4.879405553647934,-15.921726847547196,-12.472257420696325,-3.3291216501308982,1.656941156931656,-16.119821497687333,10.625758985374508,5.151304190854509,-4.272656122043816,0.9627415374125852,-6.463461414525797,3.029285072463266,2.0552156817872644,-5.815372157032499,2.0948781125144462,29.46704031610816,-9.004021322223341,-11.359072373817584,2.6899460050171644,4.167745459118977,-4.705066450757258,0.2837689031041648,22.710696285230263,-0.1939799301392602,-2.324093673109383,-11.110935559957142,14.093021000795702,-8.08540404220386,3.415967931083864,6.167588313907909
0.454,10.169205505231968,-1.7646853733233725,-7.7807431786605825,-5.880503483691852,-6.81932190291334,-2.5008649999370616,2.5839900256950803,-6.583392450114016,-9.518059377575684,-1.1225137025151364,0.7390924874214665,-1.9733391772315432,-4.387782375834695,-7.264347592801945,-2.420562119867618,-9.84320615190173,-2.07622087922445,5.517849422495876,-1.3702628531749463,-7.0118952614328895,-8.068679082083051,11.254453487219145,12.790455626653308,3.237431253610816,12.921923122152286,1.619230223447513,5.098096032426447,4.669811937133531,6.073427012261619,6.366494761769903,5.689715770960832,-6.261453386107928,4.561796626147101,-16.04054063144623,-12.487145853497358,-2.9885330499303704,1.4918273980614436,-16.114263798778158,10.888830572771122,5.738186185450656,-3.821638523679102,1.7110057952447613,-5.344003290182425,3.4500018609407963,2.2124116179562727,-5.924638729179504,1.7283868812793477,30.80816519631361,-8.84057331081857,-11.591556368814391,2.4782355219775063,4.861487286137303,-4.770441479523518,1.1812668083689786,23.074529051005467,0.6703481263266639,-2.882895642744459,-11.230440678491911,14.638640746359458,-7.866518593866555,4.788364346532142,5.475773271503481
0.456,10.219049119188265,-1.932386144693078,-7.236127230718784,-5.877998639973541,-6.761050613302144,-3.440261427213023,2.58747848076483,-6.10982986591899,-9.710947260789158,-1.566618010956912,0.2439189208334223,-2.3083349800929645,-4.601063576170717,-5.683056483889094,-2.207995205200111,-9.966937497748711,-2.172950257922514,5.533929994417679,-1.0965356950114136,-6.37162970939232,-7.851461505421881,11.836378040375983,12.514601219042012,3.514215190838029,12.91340576220534,2.401603895658208,6.7838763873096735,3.3665397964439654,5.544093656804468,7.159287182613745,7.005938795404592,-5.47836059390387,4.345406191062447,-15.649799236910416,-12.610645084179923,-2.837363755075509,1.352714647975192,-16.3660285750007,11.099942204323424,5.861594947416396,-3.3306196411435463,2.359314332625177,-3.9682982535597913,3.809654038320837,2.214715861681366,-6.109351959435818,1.34990688439908,31.943957172346785,-8.70373379457833,-11.893786379820632,2.462784941555589,5.506837468201232,-4.935807767720846,1.949867396444924,23.44247056332957,1.4286672290923803,-3.2508988434516453,-11.455344089134394,14.922654763404749,-7.503870254492017,6.16829445214155,4.721094633768152
0.458,10.384493758143716,-1.931172191545712,-6.813841691741397,-5.709932796612765,-6.566845078429584,-3.8963100135106874,2.643690049181605,-5.3291113015830245,-9.335956897198429,-2.0389058891607768,-0.3131553266834596,-2.847491083345701,-4.745638660072822,-4.237528600907399,-2.148900874205587,-10.045637906456188,-1.825352091182458,5.7115819234733625,-0.6791453979786501,-5.769563235837789,-7.848723501540183,12.164467845504989,11.964301216203598,3.1200235210370746,13.078463346015344,2.9390195164645183,8.717390932281472,1.698145755222196,5.031184286418741,7.547749473514822,8.40954204688232,-4.643792663913936,4.223844148501314,-14.859549690918527,-12.843572070270625,-2.821292167576257,1.237319536579475,-16.732000970142973,11.318874501712031,5.4683315426797074,-2.8571280451226766,2.782184418693791,-2.566272405924916,4.072788630364206,2.0014278664877283,-6.342464877220797,1.0572274144464295,32.873669558227874,-8.610295231311305,-12.23925381923044,2.6228224773309483,6.119039023150872,-5.202956760153614,2.441593643389413,23.765917379164176,1.952638599754039,-3.330655017755124,-11.724205648244457,14.93202107472959,-7.1358949031511445,7.554930386477676,3.917223453765172
0.46,10.677741321915962,-1.8089970493424037,-6.477701763318675,-5.4402578319014,-6.349722016573372,-3.784148624151898,2.7031975367636774,-4.390118224490466,-8.519635842034555,-2.4218159669639685,-0.7838043157052377,-3.428711621673,-4.817955213765852,-2.9975715411347865,-2.253547755751466,-10.06110288318628,-1.1121606573194154,6.079955569511931,-0.13057115635899974,-5.305445378351655,-8.113350283539798,12.248157515561628,11.191979464840792,2.1020232197880606,13.423995156212674,3.092840426445268,10.462747517555432,-0.0843312799334072,4.699340717170479,7.476953138903368,9.806291372877345,-3.9426547759198094,4.178177576917993,-13.813500702472632,-13.164036154507428,-2.869178319767517,1.1308379028193225,-17.03409705043636,11.584560103816036,4.612544301277476,-2.452853003833503,2.882000627554036,-1.3423611203439136,4.218934851677172,1.5380853783620472,-6.589488874092147,0.9212610093071524,33.62235738734884,-8.573505375229358,-12.605586661912085,2.885838505620481,6.703270340364571,-5.568162580135027,2.57523569733771,24.001423054762565,2.1561440399721987,-3.1069879910508256,-11.958485412567589,14.669671155007045,-6.929464058343617,8.968684320826673,3.091499813791959
0.462,11.076308593868516,-1.6286161893425952,-6.151425093954344,-5.131166570446605,-6.213611504885544,-3.1487285311784654,2.7147545000507702,-3.463585247610282,-7.475829232054144,-2.621741616041428,-1.0055095948121366,-3.875229242030656,-4.829438073305848,-1.986780439488784,-2.500770501293332,-10.002909664734034,-0.1811284874772585,6.635762325110202,0.5036221034390655,-5.068615927363832,-8.653368708897398,12.154127867796737,10.30762386569968,0.5921198628864459,13.923777065637248,2.8283949513484243,11.622450262145325,-1.7122406387631026,4.667565579762552,6.987514116694121,11.119031254140795,-3.534433347867876,4.16942189072113,-12.65998259662638,-13.534398942869,-2.9131931510279925,1.0118412131690078,-17.10501103871995,11.903604729959786,3.445807797372307,-2.1584074921708187,2.600832213483553,-0.4254501732040925,4.240334247735938,0.8269088685929112,-6.812484895899234,0.9671828042762214,34.23651014348009,-8.599025026467727,-12.974179162524573,3.152658925128351,7.2474207650647875,-6.021918881579248,2.35453599678398,24.10831483384091,2.0173643090194537,-2.6517330182898373,-12.077737679582173,14.159168198245222,-7.0400579218657855,10.44424215532019,2.287960985691901
0.464,11.521446310437092,-1.4494873075252284,-5.736855336356115,-4.825214821010543,-6.230332696456466,-2.1542696045147744,2.635367621273871,-2.705481875811526,-6.446819037569246,-2.5900227755663305,-0.8470179957959618,-4.030618051156815,-4.80446018490437,-1.186779387821683,-2.844743963318002,-9.867557737550849,0.7849652985408714,7.336891608383903,1.1519494091349154,-5.116622150340736,-9.43078760061138,11.987590864829023,9.45631462829133,-1.2240885652892834,14.52395148116449,2.216384843470863,11.935261185350187,-2.9504965605865263,4.977817009281794,6.2146439225664025,12.296182110306344,-3.5153920524326776,4.138784408728686,-11.52867304189792,-13.911807314961049,-2.910512404368845,0.8605085620798867,-16.828638162497864,12.24869484674391,2.182955744870417,-1.99877849752325,1.928722971859909,0.1497920172967571,4.138474081791209,-0.0865384789649873,-6.974833054508803,1.1691380641386475,34.775116132587556,-8.682621336013762,-13.323508949154943,3.3296059473147466,7.722664509766911,-6.548736565348799,1.8614142221088985,24.04845080297474,1.585649986095466,-2.102798393429945,-12.015556089681931,13.446330535553765,-7.574797341201783,12.0167864338591,1.5656544121646925
0.466,11.924232004733929,-1.3161402555447268,-5.138792116581962,-4.5413412088261005,-6.426299908124882,-1.0443014759166789,2.4399173659903157,-2.2245809452394862,-5.639866802804107,-2.335189827948696,-0.2548257821931051,-3.788570958060965,-4.774932952058393,-0.5484679446970129,-3.2260044276484057,-9.657458706190734,1.612447726689883,8.106712052641722,1.7308400348815907,-5.463328623935455,-10.366991391168828,11.86298738839093,8.78584599062943,-3.142664939348784,15.152466668044024,1.4046875171852644,11.343382637151551,-3.64197665559144,5.583638294916006,5.363083371935442,13.31203369413873,-3.898070648113008,4.015419671160367,-10.514359378658815,-14.259266626685577,-2.8547775135016105,0.6671892547406336,-16.169938652863937,12.567969909050603,1.053912756128417,-1.981790275482924,0.9062025441441708,0.4424718705042457,3.924418505690621,-1.114233695096601,-7.046618156588439,1.4592503028441446,35.29593769359836,-8.81047420208026,-13.622384870669343,3.3584395219802605,8.089532890101026,-7.128513530629384,1.2294089311370278,23.78998069974993,0.9713828971779512,-1.6237013430743803,-11.73564340879168,12.595247370497647,-8.564710189005972,13.705967392162508,0.9898195736058404
0.468,12.184642663119094,-1.2468564673641205,-4.289537812376296,-4.280763890734155,-6.782046080337732,-0.081746937420387,2.1282759272254763,-2.064069555912021,-5.176537606076262,-1.9202835748065248,0.7285964587778496,-3.112893685973598,-4.776594819977499,-0.0071136136613155,-3.586456345749403,-9.37949351911712,2.173236274054879,8.845868950579622,2.1621813386804902,-6.071602920932909,-11.357048365332671,11.872520131530065,8.413869537648962,-4.972839854260076,15.73050337720394,0.5706777406456748,10.010368599934864,-3.732239279337656,6.36033054495793,4.662808551445032,14.160851386563042,-4.610957844175801,3.734043053301506,-9.6704825185245,-14.551343495240792,-2.77611133162528,0.4402397293264114,-15.18383197574041,12.80307476343414,0.2537279851835829,-2.102272333709952,-0.3794520475342225,0.5781219034818991,3.6155942109328745,-2.1371975142014548,-7.00902676059181,1.7514140408361565,35.84335820188193,-8.960196921846116,-13.823954409942475,3.235530135788653,8.309167410291353,-7.737650036383236,0.6066477567823123,23.312947870228456,0.3196398756298336,-1.3585805487974367,-11.243226763971784,11.679646411061208,-9.952276256607467,15.501350134564648,0.6185634132261956
0.47,12.21940350107821,-1.2329252946984584,-3.17082313652125,-4.035477070731678,-7.24414975334908,0.515628143958452,1.7263169329644747,-2.1974852903961346,-5.066506076710666,-1.4444571511343958,1.969547329562472,-2.042538851738672,-4.844555022092989,0.4982761016409595,-3.881060135620163,-9.044893210345965,2.414742564167205,9.449384328686904,2.3923873637051027,-6.853869677366393,-12.285506447983318,12.061981879011292,8.400093303404937,-6.562250978472797,16.184877983598515,-0.1234961091674348,8.280921470764556,-3.272248313303094,7.1328665596420775,4.315245876089306,14.84720468079365,-5.522687763229378,3.2566323478047585,-9.015942430990266,-14.77493391435302,-2.732249120976208,0.2087383756293503,-13.998305625334114,12.910347207481545,-0.100254784761483,-2.346062572787025,-1.8056608072490965,0.707043102609552,3.232729569479444,-3.025052537489662,-6.858396500856575,1.9731993735820128,36.438392916723714,-9.102590585778048,-13.871870126426977,3.013166032738908,8.357627606271006,-8.351913073745015,0.1150568312130835,22.618831560675066,-0.2225216738146912,-1.3908926355584752,-10.587219617120082,10.76921666016589,-11.598926126176258,17.352223683374763,0.4883740098626373
0.472,11.976936558958425,-1.2493770975250873,-1.8220466332824548,-3.797800165297581,-7.744112388302096,0.6273908477814032,1.27996638260577,-2.5415821430289807,-5.213652640886837,-1.0180132473770769,3.267805878265532,-0.6842948406725348,-5.0085172281104775,1.012900334543635,-4.084000209409695,-8.670209690844528,2.369344600084784,9.829391582512402,2.4074364907096424,-7.686324970019787,-13.040222162683593,12.417861253735,8.73405670781051,-7.809729646540612,16.457241201848507,-0.560428206755351,6.591926659166296,-2.398124465335088,7.717264302483974,4.443859985417728,15.37568751152565,-6.477798323364636,2.589848283737455,-8.547422626072699,-14.92477157038828,-2.7898103717446534,0.0170159765022616,-12.78076615003403,12.87786218368128,0.0094313432256967,-2.692227663294574,-3.231888249614882,0.963546275206502,2.80093629285823,-3.662014825531385,-6.607951564166842,2.0919065108587547,37.07278984907422,-9.205125820859767,-13.709953020249678,2.783560481928823,8.237687443271751,-8.949158987708088,-0.180545812624713,21.74062009244564,-0.5401212467299775,-1.7176296965592055,-9.85389197842915,9.915657909432484,-13.311630276333098,19.16884648030028,0.6041567351646111
0.474,11.45337529630275,-1.2679043179366918,-0.3325189655813719,-3.567845663111417,-8.218315213163313,0.2573605493230086,0.8466395528253023,-2.9819608560978432,-5.4494884936272525,-0.7339849726398828,4.402009687670187,0.8062477426481939,-5.289677084434779,1.5588216045509808,-4.188769815295634,-8.278867537130719,2.140445606847809,9.935735984766346,2.238419308275641,-8.428638568369353,-13.529354620527142,12.871149736086371,9.339876378039769,-8.663989142153877,16.50952968764445,-0.6925424807262298,5.358085537764594,-1.2948763894501472,7.963041096383369,5.061674538849158,15.745765785318138,-7.332696307711989,1.7949925879363535,-8.250014148621892,-14.995387104334242,-3.0024565550948803,-0.0842645418197066,-11.694843905762342,12.733201442063615,0.5031954052065348,-3.1151638942163458,-4.517840503617427,1.4248039989779298,2.351462392692788,-3.970246386307077,-6.286466577031276,2.1194760040341976,37.711407782999174,-9.235967294786004,-13.295464225476657,2.651299426957301,7.982764813286177,-9.510392502159926,-0.2865698796046676,20.748642829406275,-0.5776526482454732,-2.249733926593932,-9.153163076610475,9.144108637983754,-14.880354223606796,20.836488804474744,0.9348653359640188
0.476,10.700901041199854,-1.2698330605935848,1.17605159011919,-3.355286097713827,-8.621092499927483,-0.4710763061978121,0.48489020831466034,-3.4035250545080715,-5.583920975563904,-0.6458369564599656,5.184072092782891,2.253829021176321,-5.697523979971106,2.1314837982176016,-4.2038419056881065,-7.90188429495815,1.8750304209046664,9.76891893605614,1.9565378121642873,-8.947328301777603,-13.69470062019239,13.316528533443096,10.094872082075254,-9.113981167830616,16.327843822406656,-0.5453720472597529,4.86525991588935,-0.154945519979079,7.787108927795129,6.063825190982814,15.95163538444288,-7.987795903501489,0.9838668334561164,-8.10565809102925,-14.975058284133484,-3.391795767207014,-0.0511287850469895,-10.857804669397892,12.54014230464169,1.2248146804097877,-3.586970548075536,-5.541458913032724,2.0890773002426477,1.9242399846734848,-3.929649989203263,-5.935087791751144,2.110156666241893,38.30218772743679,-9.168679616641278,-12.613888243545558,2.700449393828029,7.650687829070067,-10.02028699825648,-0.2734839445053417,19.749095811888782,-0.3520230651368592,-2.8345493987157,-8.599286552251495,8.450130895017171,-16.118664821016775,22.23926613195342,1.4187316309462148
0.478,9.82007686753497,-1.255042157992843,2.576676866901884,-3.176442172572022,-8.931928904495527,-1.351145780281965,0.24220326022356542,-3.718336630136208,-5.459796286986949,-0.757271802713862,5.50807345217079,3.492471851602205,-6.227816738668441,2.70382153519552,-4.143040109590495,-7.577353902502604,1.7230963451030266,9.38312760224666,1.6601206716396113,-9.137209108907054,-13.51696987587247,13.642319631899174,10.860458874473917,-9.18111669375155,15.923294220991872,-0.2013903554848581,5.1959206428097975,0.8621993285226787,7.193498048814631,7.248359254560509,15.988146421944702,-8.405557099561172,0.2985537238395561,-8.097042380058756,-14.841449204927963,-3.936421678300314,0.1385443228033867,-10.313260446419648,12.384554713507857,1.979762433051952,-4.079185351084095,-6.21829870177262,2.88036598305229,1.5664284642417017,-3.586794952823086,-5.602393792616213,2.145392583182924,38.788897584708764,-8.986809974748084,-11.690349318420068,2.968015068760485,7.311156089192107,-10.467776834168639,-0.2479837661602084,18.87405867487258,0.0529035530543007,-3.2939495740944724,-8.288920747374089,7.803651761498267,-16.89788560818326,23.28600123658776,1.9786335127947543
0.48,8.943677088904035,-1.244025765363995,3.767181192103656,-3.0450095224757643,-9.15446202457437,-2.14993250911208,0.1472228658439441,-3.883955184818319,-4.996946873294587,-1.0236698352807347,5.374707958908513,4.391367637596094,-6.862882819837656,3.2350094485624465,-4.016559068392465,-7.346829902179742,1.803002500592501,8.875316197690424,1.4553126585344698,-8.933541385944773,-13.01971658495975,13.76147516879897,11.515833107334895,-8.91065780236842,15.330450009273346,0.2312899864113839,6.207717637890143,1.656168266199534,6.271683215693435,8.361811998346054,15.859457599283008,-8.608015171196566,-0.1186327732926272,-8.2083815595767,-14.559283121591266,-4.57397967111259,0.4765049080408181,-10.023251281239649,12.352175707773505,2.5809403818776486,-4.56507612114022,-6.51350707965419,3.6688455522548313,1.330304460660614,-3.047905576413639,-5.336632357776806,2.3023690259169385,39.12477357202907,-8.686614503231908,-10.595703894786489,3.4330469604859952,7.028782165724411,-10.845171175638509,-0.3167452316140101,18.264357139998253,0.5085745898732833,-3.471052341693864,-8.281045387739313,7.159839864216802,-17.16961828665052,23.93394147374867,2.540552960141969
0.482,8.210688110359449,-1.2732073397794883,4.693460655565866,-2.9627987883702507,-9.306745848457652,-2.6693601272319394,0.20693068491480704,-3.907191511209864,-4.213382437249678,-1.3694536657624603,4.886746365927935,4.876789284323609,-7.571765708610933,3.681514307736799,-3.8241891217669286,-7.250168027918987,2.176410166307754,8.36261295048711,1.4341579418069434,-8.317247278484203,-12.265956393333797,13.63568614068495,11.984532033050767,-8.365629211099131,14.604745853853414,0.6480917321609038,7.572684798089925,2.1912405921218787,5.1758427722029685,9.158535936172166,15.587936012727516,-8.660456527838438,-0.1572256686626968,-8.421843949765922,-14.08976287541108,-5.214878557435903,0.921538086138308,-9.881940850230572,12.503623107457916,2.8888473107847688,-5.022826678327544,-6.446416989988199,4.304204035587556,1.2672557547582224,-2.458854000088935,-5.17684630781017,2.6208428565925224,39.28581609068444,-8.278051767893603,-9.442263356628091,4.019541670169967,6.845542606139426,-11.148063905451066,-0.552403911562404,18.043614606013783,0.8769417616742088,-3.2704599264719487,-8.582747597744628,6.473125186861517,-16.971510866796116,24.205486398130635,3.050519937564628
0.484,7.7404072449894255,-1.3807221390614557,5.358153744145034,-2.91318575845235,-9.405584343121744,-2.79533838887466,0.4067765449789911,-3.835056133020829,-3.218893765318242,-1.713062740210224,4.224833928967665,4.940658081059438,-8.310517482854912,4.006861681606222,-3.55467606887833,-7.320738907597038,2.832348906286015,7.956691815394524,1.6559041313597005,-7.314083747372621,-11.351229031967767,13.287546020226252,12.247194487059144,-7.6234449422292645,13.818516153186168,0.9717144072631017,8.864331839538014,2.4888805968973062,4.0934564744219735,9.458933197816348,15.221501159021397,-8.644551259369935,0.2338909412501945,-8.710715584307968,-13.406055247160223,-5.762237317679603,1.4043778379448653,-9.747450298253254,12.854497854002831,2.8385446176644145,-5.437719530553588,-6.089644211468854,4.656630689373933,1.418081920329917,-1.9761347142557768,-5.145721137857896,3.083377320845353,39.277726610631646,-7.783912072946593,-8.365436473142188,4.614647047333485,6.768670330351851,-11.373518734648247,-0.9676669404888854,18.29234055811177,1.047357890664696,-2.679201302231065,-9.148095696073083,5.711551890665697,-16.414354109934862,24.18867454782989,3.487411398662108
0.486,7.612874538305508,-1.5896166652776742,5.816037694797656,-2.858769242799686,-9.457934944765794,-2.5236723282647087,0.7155643296405798,-3.734551260071776,-2.184145653476652,-1.9891603702452996,3.6024115954190674,4.636637095046141,-9.02650972428141,4.189101029762161,-3.193465456189885,-7.578624240187112,3.6927476254347993,7.7403767894506625,2.1349510440299344,-5.983085307049225,-10.391502881988874,12.798366741965612,12.338819306948276,-6.774307837461417,13.056690739030952,1.1622606660591417,9.672779231705832,2.6076804913196128,3.2070629481179096,9.191800689381749,14.83210633206461,-8.631277209066697,1.0295557632492571,-9.037146822482214,-12.51010185011114,-6.13586226112457,1.8415076107740629,-9.48359943469788,13.369513923770224,2.448580149398142,-5.803272339760596,-5.556118297195701,4.652929267854818,1.8028667062773824,-1.7348674783413425,-5.2454728205094305,3.614323110087775,39.13465097275308,-7.236253454226484,-7.498899449486254,5.099393631470544,6.76664778888541,-11.518669705530787,-1.5060023705502914,19.02786333703748,0.964734401957503,-1.7660441014724804,-9.885334541039583,4.865337454093852,-15.655628396404303,24.020325601042405,3.867567207308271
0.488,7.853674700621171,-1.8968020639211425,6.155167000108071,-2.746815590183518,-9.455906330284291,-1.9556986920500168,1.0943255917621628,-3.6710051121757576,-1.2936908726149468,-2.1655368852963086,3.208145819670426,4.06748673458077,-9.662695734334994,4.2249241636681765,-2.73084189836086,-8.022651667690262,4.633441869926052,7.746303186810966,2.838517694099937,-4.401967156709625,-9.503607846058392,12.28817112185565,12.33288048118292,-5.917297852365242,12.41131767475634,1.2131872265199388,9.719068907827436,2.6172191378258423,2.658657111902735,8.409103423039861,14.506471569048257,-8.662232374181746,2.130021102630441,-9.352998283874756,-11.449955443553025,-6.291458135229712,2.153370251046988,-8.998554269980456,13.96886728023511,1.8111768820049856,-6.122755283414165,-4.977762257675372,4.289178485568382,2.412224822863404,-1.8196931071389528,-5.456681159793769,4.097625251419506,38.91127594642824,-6.672661811834335,-6.948467317464662,5.380019571907127,6.775706527556058,-11.581026980306085,-2.0527151806878545,20.192929597503657,0.6427312506035303,-0.6601442343915511,-10.672070620513828,3.9473682572391,-14.866181996025812,23.85867901414809,4.238437034283249
0.49,8.423598390184909,-2.2653765241670345,6.470911507867693,-2.521607665508354,-9.37641716157393,-1.2666241150415536,1.5052316857604748,-3.6889690859383433,-0.6973498703043778,-2.249292194403999,3.1539189615817387,3.365468911150096,-10.162736768200542,4.128662476029448,-2.172224459028464,-8.628106195717175,5.509147549617411,7.951906694914513,3.6949956790919174,-2.655438570760207,-8.786576682941085,11.88572370347527,12.31371391685832,-5.152750864323994,11.97240260653743,1.140287825803104,8.931409226376722,2.574663767265419,2.526916987042191,7.269302633821669,14.332326119730068,-8.742815612759216,3.381331915860188,-9.604708272017335,-10.325745482585626,-6.229032500685687,2.2813424320629023,-8.271077232875879,14.546255009218283,1.06685192674826,-6.407911048616173,-4.48231091743013,3.628349330258138,3.203927593519946,-2.248034136220314,-5.740033783020073,4.406669422785166,38.670112272845074,-6.131537023220375,-6.767046241131141,5.410980864981567,6.717704364367166,-11.55943972538985,-2.4642259617926343,21.65698826561128,0.1603855347639153,0.4848726737552032,-11.379079131960168,2.9902008374510705,-14.198642378385422,23.849895108158925,4.663899191419768
0.492,9.223607724630009,-2.629003442841209,6.837996995358738,-2.139140609142157,-9.189662386760586,-0.6566587457860654,1.916210134185236,-3.8016707223008894,-0.4721396139869837,-2.27862549372712,3.4499438221105545,2.6702562589065586,-10.480239384779525,3.924840539959869,-1.5464829456518856,-9.347875483792723,6.184669914396504,8.286564169727217,4.609387715753486,-0.8235176841725423,-8.305260520783056,11.697676383587536,12.347348633657038,-4.567970934527575,11.816044328400858,0.9653555818078522,7.4670079427629314,2.508534498941446,2.8185933054104986,5.995395208346919,14.379552391957024,-8.848977403642582,4.609487984290213,-9.74551388618047,-9.283137832738376,-5.9913257657311165,2.2014444429369755,-7.3588172619988255,14.995576737762008,0.3692599949428018,-6.674892189746943,-4.168747612339018,2.783236229655261,4.107119520293046,-2.9688195041367256,-6.04270866953504,4.44101308513894,38.467226891358756,-5.645984538950756,-6.945538277612047,5.203944514450075,6.519620083735967,-11.455192605944166,-2.606461527094335,23.23364276754474,-0.3581425840768402,1.5298326493516503,-11.893645269829664,2.037468699649107,-13.76144506532846,24.09561984395339,5.2075975528301
0.494,10.115911810641188,-2.906829742129913,7.288978667734949,-1.5804599144851723,-8.870716645574205,-0.2966659346462678,2.303743519098372,-3.9891355950805383,-0.6046830379488104,-2.305881685341985,4.014030257953229,2.104981186661332,-10.58593338155462,3.641235632099336,-0.9058827476980342,-10.117252449831158,6.56328438512955,8.649439291097805,5.4814507160134305,1.0214673009492756,-8.076293493320707,11.783432943413535,12.460214866672407,-4.220918578394413,11.992884608355638,0.7067116786023475,5.675713534815044,2.4169390840667915,3.474977703217407,4.819102147543856,14.685270638611389,-8.943446699036762,5.653407905449295,-9.746637313684111,-8.495464192773255,-5.652508692869687,1.9307718947522745,-6.383910620028551,15.239736975341495,-0.1485408793937565,-6.937846032349927,-4.089030950231034,1.8857154987436076,5.030940976620923,-3.87452306674974,-6.308842595449789,4.157396887464503,38.33893974660836,-5.241300106225452,-7.413902895604147,4.820807631052958,6.132029181411416,-11.27355842391352,-2.3864070354422204,24.708204941594243,-0.7754128544002075,2.380901235387596,-12.140371324683253,1.1358099240591877,-13.604327215815127,24.63271378894896,5.914673786607425
0.496,10.954281135424774,-3.020071618951325,7.806947678589892,-0.8615395662132496,-8.409712927729291,-0.2827499430494335,2.6520559832928385,-4.209168814292762,-0.9991002682831818,-2.3780052331516432,4.695314909065501,1.7570563260400285,-10.47613478529106,3.3043204254389416,-0.3178627363434933,-10.860971935020224,6.605092195921806,8.936460261055894,6.223262231066027,2.8146049400784494,-8.062984953130549,12.14230854457022,12.630807199613438,-4.125092572193723,12.51810497527172,0.3813800201790467,4.010439151136514,2.278132586807078,4.391842370506676,3.9262511989582527,15.244879799388906,-8.991987438592933,6.39610509178934,-9.607471900537703,-8.132359520120366,-5.30116878926411,1.524565545373234,-5.503760680116496,15.253114411128395,-0.4011774815842274,-7.2022704131494,-4.238236962870206,1.0518228511631045,5.879042119121131,-4.826884167834016,-6.489465231657791,3.584348615531701,38.294355641152805,-4.932433679188868,-8.054414386404417,4.353509179263532,5.543126925539971,-11.024973422165692,-1.7765199319732834,25.873404520854223,-0.9753462526024752,3.0020801715389624,-12.095456987872636,0.3285377089017279,-13.718590275163097,25.430036405079285,6.801057598889245
0.498,11.6146798731709,-2.9116714890031026,8.331071334969488,-0.0353759498035532,-7.818928794927057,-0.6138212753691901,2.949233924027201,-4.412819830382883,-1.5033361748392384,-2.5199571947492005,5.315555531288454,1.6680704795358623,-10.178023883798412,2.9306242607973374,0.1503895996341298,-11.50399605530856,6.337920437860467,9.068415311453808,6.774032949455513,4.498993608327631,-8.181509040601062,12.71720057902318,12.795242799661862,-4.24042598580635,13.3638914178848,0.009113652238163,2.909886938320676,2.067782786980333,5.442688938545055,3.418252995204135,16.00991481091477,-8.97940273127217,6.786422777843102,-9.361957475586756,-8.325336382806029,-5.020764650356673,1.0645511656229896,-4.8703314054459454,15.06896117969199,-0.3676905261750893,-7.461720652385822,-4.555381865225204,0.3515901091334404,6.569099293676825,-5.68865986360486,-6.550893310163913,2.819481585428555,38.31543375842396,-4.72247123473966,-8.731305775091405,3.895466928438296,4.78437109632426,-10.725031126785264,-0.8223800808415523,26.5641665042581,-0.8912052388048403,3.410018249692955,-11.78898605983924,-0.3492210860561663,-14.04781651173483,26.4009665627544,7.851137134996768
0.5,12.023869455997684,-2.5638253922640173,8.774215810293,0.8142259121745353,-7.134139100139134,-1.1951450934038836,3.1808185175989214,-4.558434915575663,-1.9483032204091328,-2.727131061931762,5.71925538364553,1.8307228501720825,-9.745820883080002,2.524062855955646,0.4481867022427567,-11.98261083314237,5.850215190057317,9.011210929515768,7.105774509428047,6.023389036475574,-8.318053638731936,13.411643358642875,12.866884499854336,-4.474881183906736,14.458520345526887,-0.3823366618234335,2.6834533268600467,1.7797672249414982,6.503590093558019,3.295468092736295,16.89586411577539,-8.917646637724525,6.839416480817058,-9.07161650986593,-9.13885243528767,-4.872205993509081,0.6415855441718872,-4.591805524768664,14.771596852084542,-0.0901003977900905,-7.69766830742868,-4.938104949122654,-0.2044445031828798,7.047611473178914,-6.350207617807139,-6.482241988830225,2.004211560127977,38.364684697991365,-4.604480118286952,-9.321140629628175,3.514329412026008,3.925390955127644,-10.393710258604123,0.3712959916872661,26.686278718826536,-0.5197567426686454,3.652903801280603,-11.29602986410273,-0.8688483987066098,-14.50708427662616,27.428861490232396,9.0217231752398
0.502,12.173865860044506,-2.005556264795594,9.048249233891324,1.5863687447289516,-6.409864882486072,-1.866840206014944,3.3263898243320402,-4.623852855356059,-2.190648348741881,-2.9671501189213227,5.81640015908796,2.195244199655041,-9.256152695437535,2.0782172505078407,0.5535270948967616,-12.253555928400989,5.272897441106744,8.784407223329087,7.221466345724111,7.3457598085974,-8.355776963238997,14.115127099710817,12.766141034734469,-4.7019338211087,15.692934567341409,-0.7466839331282605,3.429369971525364,1.4419728134012653,7.472079575895773,3.469861203768139,17.798390248150614,-8.84088089613445,6.623809908820383,-8.810573210743522,-10.54984355927618,-4.884732657528467,0.3378832326202529,-4.705943097805237,14.47613599073655,0.3417103221501323,-7.883777811492647,-5.265606511254466,-0.6604538123144902,7.298905899961722,-6.749061118808688,-6.297650115646116,1.2866565718822691,38.39581802100007,-4.563383367022388,-9.741747100960447,3.235094358470428,3.0602285173480137,-10.054046010871762,1.6688030964296374,26.23238299355768,0.0813747827018735,3.780084089964837,-10.717935457530468,-1.202971200751226,-15.004821610236844,28.39947149289292,10.25551707130542
0.504,12.121751263527868,-1.3119844657612474,9.09022845092498,2.180865842303987,-5.710191968567147,-2.4497505220355262,3.3594581782629245,-4.609090739462438,-2.1465353536857914,-3.191403164783998,5.605277128741387,2.6830822444287787,-8.79685435687294,1.579156624028408,0.4827694331119339,-12.302512862523958,4.758389351602461,8.457279939411789,7.147536910742323,8.437530017831273,-8.201938286331009,14.73058913049579,12.449631088174293,-4.786453763956667,16.934469412221038,-1.0152722844480502,5.006302957584494,1.1174107022237765,8.273899848923696,3.8037406156084224,18.61457178063782,-8.793679525652474,6.237010626800974,-8.64499648611076,-12.444274779438482,-5.054807703563005,0.2109494502021325,-5.168973455149878,14.299980847957867,0.8123294928775042,-7.993810461074196,-5.422581818935854,-1.1014693847626145,7.34834210126099,-6.876030887168147,-6.032784253407311,0.7856937834731644,38.366075285783936,-4.578759166074145,-9.9735823138299,3.0352928777809067,2.2892967445919536,-9.729325572026564,2.936165641631654,25.28111036453464,0.8123249669721115,3.8163327609461226,-10.159979305134144,-1.325510212638087,-15.460388613458898,29.229236366709618,11.49628918337355
0.506,11.977578592202596,-0.5915543644281468,8.88188225961299,2.514801554009443,-5.096804529319509,-2.7944863931887984,3.2502786834952646,-4.529573099897911,-1.808754333670101,-3.3553008882679003,5.168781684555452,3.2029506244338006,-8.44977854294996,1.0149233516278902,0.2922260415275603,-12.146384495108997,4.45200212530868,8.130584885111396,6.923470060105992,9.288124596468265,-7.812448690334683,15.197251349577629,11.926731777518455,-4.612651957469145,18.04540991996585,-1.1075854863799677,7.063820920699314,0.8948226608921933,8.864386504921713,4.154083343775309,19.260990049061046,-8.814184304004915,5.7785499584801485,-8.608836499524125,-14.631800749845596,-5.35028582814271,0.2814617776838045,-5.862727668217612,14.333840953706344,1.2089338100262683,-8.01064972468477,-5.324334635859948,-1.6152360406492834,7.256099168346172,-6.76564062838946,-5.73863622308939,0.5639200477706524,38.2461629644569,-4.629198047630267,-10.061578466699974,2.853791604107996,1.6999652538204766,-9.439455896773785,4.073733242321528,23.98108535174555,1.5587974582144404,3.74781430523844,-9.709374965244162,-1.2124041567372463,-15.817028216290485,29.879805268948264,12.699890369199132
0.508,11.869561409286147,0.0346458620840207,8.457112568202085,2.5358454325407687,-4.618098055140732,-2.8221413233814334,2.9726313607387733,-4.407968885542628,-1.243160807892281,-3.433877667064963,4.648516478132032,3.6668817439067873,-8.277041711408401,0.3851136063772646,0.0684262038737343,-11.831970302738412,4.466825158108054,7.906495011903023,6.590942254706322,9.911821545577167,-7.207751987942525,15.501873543168346,11.261635265740598,-4.113379253009649,18.905811297645837,-0.9522124144588798,9.125909557074506,0.868437797213314,9.226601848700446,4.414490977924181,19.6886015837796,-8.919290775430138,5.330279836174976,-8.6871678600432,-16.874562088884364,-5.720486897461218,0.5306073857383528,-6.619866429541122,14.618889283568498,1.448127657977195,-7.93290291862879,-4.93332899722935,-2.255251791346263,7.10195879159858,-6.477562048851915,-5.472309417331639,0.6129545885001267,38.02325429515854,-4.694609288501268,-10.101624049370228,2.6121353188348917,1.3489903214109762,-9.198613329253462,5.040230418446296,22.52255793980225,2.220253679503529,3.522164673445481,-9.417733572786291,-0.8439332190676441,-16.047623278975088,30.35898007174702,13.84253313455594
0.51,11.906938469160677,0.4561324474428324,7.896306089881198,2.228550778290269,-4.302337467866879,-2.5438289483543874,2.5141735672831147,-4.263859879342297,-0.567837644386123,-3.433955264397687,4.199861222885086,4.004624696075121,-8.309614302797188,-0.2944280882454035,-0.0892288403693685,-11.432224938012556,4.869447356766758,7.861989677008256,6.186821818651104,10.347457518554846,-6.470630658200791,15.676774217821617,10.562576269132496,-3.2968992883952652,19.43417313716492,-0.5091353906403984,10.704985712114665,1.111541377877465,9.364203420658589,4.54451744777137,19.889867291246848,-9.096357273753004,4.949446496697236,-8.813980828435101,-18.92550992384381,-6.108886772907854,0.904997006251594,-7.260578533673599,15.136471873917316,1.4922705766247433,-7.779261893631658,-4.265906568873669,-3.012484435569857,6.964773689265933,-6.0756971027212,-5.285295155367683,0.86201562911244,37.699264363400005,-4.758269183406774,-10.215326766631186,2.2408979168724428,1.252582903754386,-9.012587272199976,5.858533568594429,21.103858564836383,2.730117900187055,3.0699626807101392,-9.292088229312249,-0.2112961571582405,-16.152941796424887,30.70626357312189,14.920217182749322
0.512,12.156517662692137,0.5924079800088593,7.308857275053167,1.615012744390827,-4.154357470230157,-2.054107490496738,1.885623972325838,-4.106694279882436,0.077983606912334,-3.397259166002164,3.948542503509702,4.171597665971726,-8.542628874010338,-0.9918230780685034,-0.0870387596851326,-11.037381691205594,5.672909715459712,8.02775912302229,5.739630249118985,10.653256171211977,-5.730212134541665,15.784240369109163,9.955429168138853,-2.2494617671252373,19.60138826151952,0.2112074853539932,11.415746647159205,1.6546152157266958,9.295688339793056,4.575679395103396,19.89510476313953,-9.30383501420282,4.671270826127824,-8.883233256183022,-20.566495990816307,-6.463265166661648,1.3304653997398928,-7.630391827122465,15.814449037223124,1.354935604507831,-7.587279147612345,-3.3899503059121794,-3.812612227161704,6.903438807892015,-5.610512317740843,-5.2140437092392204,1.202820699759315,37.28438538142287,-4.808100525272131,-10.5153461974799,1.703872315842058,1.383779406251082,-8.877820691597936,6.604220250738214,19.896908499775567,3.0679358854969583,2.335097745714748,-9.298015482736467,0.6728451905281975,-16.156378503743404,30.96701977595316,15.940240955643992
0.514,12.623790547429149,0.4050228335251566,6.805428956558993,0.7506910853791131,-4.157847027868827,-1.5040424527770335,1.1247493394302257,-3.93607295808857,0.5676084840278548,-3.389115535308294,3.957805285518494,4.15210415181445,-8.93961982294034,-1.6633081875273263,0.1424655916480023,-10.74044754660679,6.845277816806884,8.377693140364146,5.270893555468381,10.897399859817371,-5.135918941249008,15.89617766230677,9.553051278918677,-1.1152612694611561,19.43430855795565,1.1436676638780847,11.061491642564274,2.4714392647700536,9.051236063966302,4.595809053906489,19.760397047225595,-9.482332230791858,4.517287191153926,-8.776189932127174,-21.63751182282487,-6.744747097235864,1.7290110712728406,-7.629861964280765,16.54698862183978,1.0936624960642407,-7.405707919300227,-2.41015637658176,-4.529705394087898,6.943153878471117,-5.107942287265734,-5.274073675545701,1.5250832243179069,36.78726443544721,-4.836148669282602,-11.071287181295396,1.011363529073588,1.6762761988629469,-8.783858072142925,7.379316525517875,19.02225053846089,3.257465574990804,1.3030228112585964,-9.373908820085934,1.764185787089867,-16.09516642367937,31.167769129299387,16.910751543591687
0.516,13.2507886596543,-0.0954913030116421,6.475390260607797,-0.2839102059340793,-4.280437268332967,-1.0591071135586716,0.2955643326510846,-3.747301457436267,0.8151905721897188,-3.4845859720214705,4.211070819602323,3.955808622207388,-9.441855222326089,-2.2589086465824204,0.6264707859608005,-10.623161831865804,8.324025582363866,8.834823957474917,4.798970208393756,11.145119385254194,-4.82192141071868,16.07337292698779,9.426683096235225,-0.06840685268151603,19.00893040237939,2.1734296933057453,9.67279357060937,3.476641630137567,8.671874759495363,4.71625755015333,19.54947665518221,-9.573492007946022,4.506120669755357,-8.393800210293415,-22.059133120011257,-6.931299738440809,2.034012722275395,-7.231820693159467,17.22276888028734,0.7911782109963065,-7.282578147820831,-1.4476211957957386,-5.010292304242615,7.0694785395804525,-4.569551795045686,-5.457964724207115,1.7478765272473724,36.20444088150802,-4.838892146362831,-11.884651841550411,0.2186512892374021,2.035150063566269,-8.715978422173645,8.279602881924058,18.5350151298355,3.35091595885277,0.0218673598743451,-9.44945721773873,2.988692125529719,-16.010982146479844,31.299881542264608,17.82654347424577
0.518,13.93338805628408,-0.8546314782047968,6.369339094149376,-1.392276283284673,-4.47899959098239,-0.8528187910878485,-0.5185204322765087,-3.540856856371243,0.7924161454626603,-3.747089149114208,4.618470170330222,3.61027957509808,-9.98061578969816,-2.729425504869426,1.3450087215277502,-10.742298731819174,10.028574534897215,9.29316766657403,4.342639819616387,11.445988095624696,-4.873517315809608,16.347958908861685,9.588871698450598,0.7195729395768931,18.43640790976779,3.154954567895608,7.49232394314421,4.541820206721389,8.20877176233148,5.031542973529378,19.31735826400934,-9.537834030090211,4.661298331508154,-7.686795525719749,-21.83832768304613,-7.014816883779123,2.2050890911036305,-6.484245518753041,17.754174841539008,0.5336330719380704,-7.25181801959025,-0.6194287621405264,-5.113075941958961,7.230625699135868,-3.984650896335216,-5.737818081486316,1.840429150754632,35.51770840186201,-4.8164741645532185,-12.88317229346431,-0.587015731198692,2.3525562602344285,-8.65767819059805,9.36543398704848,18.423896019567024,3.409944842911538,-1.3957337887539714,-9.464931974142097,4.249695884405031,-15.941723527075045,31.31171391606272,18.66377068602285
0.52,14.552352361563498,-1.7901380729347898,6.487409675838119,-2.4720174338926864,-4.70276186611687,-0.9521603182816248,-1.2272488097410263,-3.3303778463476483,0.5285838989762047,-4.204803194951415,5.042499451609028,3.154626788387643,-10.491808913445212,-3.037676919511987,2.231397778216593,-11.118067669986072,11.876094299359089,9.647745923632712,3.924166634828139,11.824055136638068,-5.303814246208667,16.715272506677618,9.991492702561343,1.1225432856380284,17.841606873195904,3.946346456417889,4.912697718072482,5.521343122124986,7.7188069530826,5.585167055791602,19.095942549769717,-9.370467401948174,5.006381727151786,-6.678614689949815,-21.05706951691217,-6.996752756711872,2.2363960792625366,-5.495181090530111,18.098633849492337,0.3879148242609676,-7.323381952857935,-0.0185618887714716,-4.7427096448390165,7.351756357078186,-3.3478459467333974,-6.071254648566891,1.8287616568830172,34.69978511277451,-4.771301430059102,-13.933001103763846,-1.309343149824535,2.524537258807938,-8.593868719189246,10.641141869678645,18.622154299766557,3.486981293938914,-2.790803021309003,-9.386757356460215,5.438244966537148,-15.916365953746894,31.122037749710557,19.380439912805187
0.522,15.007530916859432,-2.806380067281477,6.783885492123361,-3.424995439669741,-4.8947611416200205,-1.3428430622141752,-1.7506345311539167,-3.143919440811237,0.0976707826412522,-4.838159653827187,5.333364162210408,2.633287177954392,-10.927319454296772,-3.16468578996453,3.186951058471504,-11.727276810861264,13.790252993239031,9.821139550870226,3.568682225367862,12.27652264940776,-6.046783603411003,17.1367530218784,10.538600007163616,1.091813839210333,17.339468410113753,4.439677114980587,2.3844569061025283,6.281002423307236,7.260154220930524,6.351829991384594,18.888777926346304,-9.10737490715365,5.5545101889715225,-5.467174605417745,-19.85381837980539,-6.88226629550763,2.156066556809309,-4.40755971627087,18.267578979453106,0.3855888724605886,-7.477887416846131,0.297671367956875,-3.875876894696275,7.356028355628018,-2.673959776109877,-6.409372469722239,1.774476976883582,33.72438405878266,-4.707684528647356,-14.867007906794168,-1.868436730584273,2.4671187971595674,-8.512882649902696,12.049410490452363,19.024629495586318,3.6096829684915206,-3.98976101698132,-9.217301148022436,6.448629209383357,-15.951714020610424,30.64878240204267,19.922877608392504
0.524,15.246605704680617,-3.808419919655335,7.183269829078897,-4.162579830579197,-4.994420202211739,-1.9363810421849657,-2.0352001862878852,-3.018717628202922,-0.4023387601676857,-5.576289056494749,5.373865295832969,2.09175211291724,-11.260691162968536,-3.1112475685527547,4.101847764747676,-12.50330241032614,15.702433505484931,9.786522880764013,3.298440232362723,12.779265280088966,-6.969568518473491,17.555144246112906,11.113594418920732,0.6617955313694879,17.016935930376732,4.58732477600658,0.318042585655196,6.72501562927128,6.88537297908074,7.2409403720771985,18.671854834058003,-8.816603002783516,6.290975199154864,-4.2081012481581705,-18.398910947325444,-6.675305978156758,2.01799826650203,-3.3707226044424856,18.321946987407397,0.5171443815011666,-7.668374282762552,0.31306399809977,-2.578924978631018,7.183933192576645,-2.0068103307202887,-6.705579997468521,1.7507277763772888,32.578026928897444,-4.631897498342163,-15.525134737029726,-2.221565767121135,2.1297166974548976,-8.407009256553696,13.481693742087172,19.511106481529225,3.776014222531654,-4.8433181027264425,-8.992943995547812,7.195978516119619,-16.052351489266478,29.83940433499066,20.24101411038284
0.526,15.280316855424449,-4.715479962767076,7.597203426706661,-4.613714378085196,-4.94004420486275,-2.599220365072218,-2.064506043727907,-2.989815381770947,-0.8729457948293456,-6.307298131592671,5.1142861712025445,1.5782011896320238,-11.487429571267064,-2.8976574203602814,4.875547251257285,-13.34453834239556,17.55331171418761,9.575819704435771,3.126082272702277,13.29509535227983,-7.898208957009679,17.913019428682425,11.606148073433967,-0.0637606390215486,16.919598448179965,4.408262674675501,-0.9984811083476862,6.811568167913993,6.632184146540127,8.116655008047816,18.401320072198416,-8.581459548661785,7.155919682061926,-3.0841555553335827,-16.86631210797101,-6.378183116895947,1.8897689202590149,-2.5137435131805086,18.35254746246829,0.7354232726882786,-7.829744154453662,0.0502595838848519,-0.9979386613350352,6.811199464072039,-1.4174568090986674,-6.922834365847477,1.8196572347350035,31.27234466882588,-4.550599947979251,-15.794350049052134,-2.373807909516789,1.5054222656728065,-8.273099225750073,14.801225198073926,19.96816944195353,3.958206850265994,-5.262431209956632,-8.77302419678015,7.63172993680623,-16.213429346533648,28.69758046954815,20.303063779683463
0.528,15.175888599115806,-5.469371798233492,7.941598723342287,-4.73372251093727,-4.673962955695349,-3.1932416653943543,-1.8624302207310632,-3.072930821670319,-1.23740759552833,-6.9004473559247534,4.5816406394799785,1.1453662542516088,-11.620999509032774,-2.560268948726196,5.440031327880661,-14.132447587752134,19.29012517640316,9.2695882678133,3.0502582575913424,13.788556253685556,-8.651387930783384,18.168897196547547,11.937692499799686,-0.9352294358077213,17.048005386391754,3.979892817038888,-1.4439376026424573,6.558353697816198,6.518118170708119,8.829561954423522,18.027244817165435,-8.47878477738818,8.040324165725924,-2.2648660184025324,-15.413570482584424,-5.994528112679117,1.8377061212832453,-1.9258406157137011,18.453832805674224,0.971038092551885,-7.8950335064701775,-0.440948944838516,0.6661951016007611,6.256644314652175,-0.9879983985831076,-7.037938674940717,2.002208489361625,29.85424068160576,-4.469951246199351,-15.637691588760564,-2.3731030997541565,0.6335100551842582,-8.11216181527647,15.872594187015007,20.303427524729614,4.113928229300107,-5.23864511843639,-8.622040612242227,7.749465650985522,-16.422377826476673,27.29756156993928,20.10384138336431
0.53,15.03795148192596,-6.036614764860568,8.153531125315842,-4.511318654503538,-4.150513589943131,-3.61352791224552,-1.4889917434115114,-3.24936950328538,-1.4561907123970357,-7.234423657408731,3.873418890351471,0.8485359904732275,-11.685265847868052,-2.147545145171131,5.775191640301699,-14.752321997439182,20.867897360649867,8.974100369826191,3.0519843348327935,14.238713653932802,-9.079429420726203,18.309156528228492,12.075375856417656,-1.7924887154154816,17.363212383887777,3.412742054447712,-1.0700052739462256,6.036947180453494,6.536647645521462,9.25355462151442,17.509218849778303,-8.557005990650719,8.79503535578131,-1.871221480885372,-14.167083643105098,-5.535135275175725,1.911726997884935,-1.6481916248395467,18.69616118981305,1.1526888918686222,-7.812167961331818,-1.0980118851164011,2.191475969382588,5.580352827993778,-0.78807131352051,-7.042627523916854,2.265941662698168,28.405396692967766,-4.39568231874944,-15.10558762460229,-2.2984125755162963,-0.4048101555889263,-7.928359133854921,16.590167795670826,20.45446597582144,4.200275481354373,-4.843842664224881,-8.591141637983696,7.578841199220778,-16.662887180875124,25.777840669511363,19.66703471791269
0.532,14.982733230990394,-6.399931737825613,8.201526226865425,-3.975680763657921,-3.3476819283220807,-3.817640545133224,-1.0282706735862441,-3.459981130518388,-1.5313353107333396,-7.231824911673853,3.129069011651953,0.741968021829619,-11.7065569341565,-1.716176606358576,5.910347429665425,-15.114417801400633,22.25723943263104,8.78803343872026,3.0947772252499455,14.647853754692225,-9.094634626898577,18.3502354196617,12.030045794342955,-2.5061221927151385,17.798685976886908,2.8216036559730195,-0.0695112674903823,5.355592654566125,6.657547911119635,9.31526708822736,16.829432669356706,-8.822892260347821,9.258077886868644,-1.9532082341619823,-13.214928520969847,-5.0239841852479765,2.134417477434474,-1.6750986780013917,19.104503980595894,1.2276768724631897,-7.55874659777372,-1.8569250321104915,3.37795438344229,4.872437671391296,-0.8509137294312278,-6.941439291460654,2.5318394838579605,27.03054440861282,-4.332548073883118,-14.322874429274238,-2.239858145395886,-1.495072509111652,-7.727545209511296,16.899899445757114,20.39288022496639,4.187696421957344,-4.208875051750303,-8.703381997090549,7.174453066588991,-16.918515329730276,24.31675754162328,19.03990065298451
0.534,15.105755321845589,-6.55391033066395,8.081993881945394,-3.1981282693645627,-2.2823484660976225,-3.834671746408128,-0.5700197672395552,-3.611173941521316,-1.5021438696548322,-6.883311909279355,2.4883700980228878,0.8694728036127783,-11.706891974318792,-1.3225661501490191,5.917193168302004,-15.173985384415136,23.44525214406048,8.774470685299486,3.1320608864497124,15.043784760533258,-8.68733653630606,18.32838786739331,11.844988964342487,-3.007184162522897,18.27463327296403,2.3020526061110864,1.2830040509568232,4.63945821523645,6.834300714347274,9.008703643984225,16.001793696642736,-9.238633737979464,9.292487000216248,-2.4809342506946845,-12.608036320012893,-4.4999533376865495,2.498376648217228,-1.9635360465776517,19.65282720721705,1.1776908247492837,-7.149529900071224,-2.664289958468071,4.080663138672653,4.2342649457938375,-1.1564137538860506,-6.746714894682572,2.6943884538713814,25.83738009016966,-4.2835744896574965,-13.458931577557566,-2.275154590013968,-2.505074840435458,-7.515820901736919,16.81082389487768,20.122401487689423,4.067260740957967,-3.4882339334134063,-8.945731287818072,6.600353042271032,-17.175346908755564,23.09390954265576,18.281320771583463
0.536,15.453849935731968,-6.502565046934353,7.815649047027938,-2.2878979572127176,-1.0186516192614834,-3.7516341609721486,-0.190997000917344,-3.592874485273971,-1.4330232918784152,-6.256798387454417,2.05576963586492,1.252486481789086,-11.69904599210328,-1.0171624256459677,5.892670728703506,-14.941949283356772,24.438387947536416,8.9418044003883,3.118967995933861,15.472787826108693,-7.926154257079852,18.283625764928363,11.57961182763466,-3.2954782407094103,18.712076904973927,1.909938443786,2.6979584013287083,4.011319845539869,7.012705383545473,8.392823227628211,15.074127191997356,-9.73218145519421,8.823045571857005,-3.3554691230597102,-12.364770821908133,-4.016498373718647,2.9706737475266336,-2.4454166196299028,20.27025800125752,1.0232199680983305,-6.635093905815712,-3.4808809420559235,4.227131834120032,3.755714004847824,-1.625080970045424,-6.474421102861294,2.6560385996975344,24.913894139468304,-4.2503514951203645,-12.687038657002502,-2.4519189413919147,-3.305085822613608,-7.298382658166425,16.395211456621823,19.67278467999829,3.8497929172811687,-2.819080694980705,-9.271148092815022,5.913988447169438,-17.425214506510308,22.24717550363588,17.44726157965616
0.538,16.013443190421267,-6.258196663222124,7.442200803924163,-1.3777803042118133,0.3310636060700627,-3.685103986192396,0.0590845850055924,-3.305380446340223,-1.3945256446569405,-5.492206202770273,1.8715513339649013,1.8765049247200851,-11.68304289302377,-0.8384836823245216,5.934852654203475,-14.483003668827196,25.26200712031742,9.236586295892277,3.0241966930170463,15.986886435813688,-6.938716222375293,18.242204428604573,11.29037236101831,-3.428448155898468,19.04454348203276,1.652039051125784,3.930017163370976,3.573540089099412,7.141054374184388,7.576347700953586,14.123608325926186,-10.219295123818632,7.864886838471004,-4.434171413648605,-12.478613669049206,-3.634791637537471,3.501492138711583,-3.0401916530615423,20.85986479705609,0.8199825649921932,-6.09282063874492,-4.278548360050451,3.821263066195762,3.495000235528268,-2.1293419907149604,-6.140025527986214,2.3599278186197834,24.306213045353708,-4.233062922770855,-12.137224876384728,-2.7795974032611626,-3.7887791593830102,-7.077385566255594,15.77759963768142,19.093589434815087,3.5597425837887413,-2.2873393703466376,-9.609700559866829,5.154592234097919,-17.668440979427704,21.836130814063697,16.578981747006914
0.54,16.712031441977153,-5.8408438068273885,7.009213506624457,-0.5993071230838171,1.6133086149033042,-3.744482027109661,0.16539868146669473,-2.688573961416856,-1.4463175297561992,-4.775131092056182,1.8995857596592527,2.6791770154352625,-11.646646380347484,-0.8067702961169112,6.120680560202093,-13.903839813714235,25.94906366393018,9.555891106547978,2.839086303427962,16.62604498531443,-5.881009771149243,18.20415374989925,11.017759382059635,-3.4958842333585385,19.22580010841183,1.4957029111553186,4.819257349181288,3.39593506863722,7.180783614131426,6.693634971947117,13.245177523852115,-10.624475174007536,6.535201657458314,-5.559824681275887,-12.92144828457397,-3.410989058567417,4.036921743615284,-3.6673384927030814,21.326741619023625,0.6430780775087019,-5.609941005823472,-5.036205906298892,2.936952557919561,3.46966868660219,-2.5200143768807366,-5.7552281388432425,1.810443106179448,24.004151166485045,-4.2317704911744904,-11.863318501774812,-3.2309209993908485,-3.8922965383925616,-6.850730842700637,15.113317230173184,18.44846952344526,3.225668475938404,-1.9129689647694117,-9.886132353031462,4.342085905993951,-17.91562904220669,21.825994316035636,15.697336358371144
0.542,17.432515613841325,-5.279037559840781,6.565626674795135,-0.060096142334069,2.654609251596232,-3.999977803118405,0.1466592590247464,-1.7445352455194885,-1.6235952009702597,-4.297492947956449,2.042010844354201,3.5485420041230493,-11.569727241786252,-0.9216558843731414,6.488655211264377,-13.33125577998651,26.53068532788392,9.776515010526056,2.58255000628678,17.401745048808273,-4.903760978001754,18.14154002566061,10.783545532889692,-3.5851197894310367,19.2336537632308,1.3917181573685518,5.306605195614515,3.5095967506715158,7.114693416783399,5.875291051957488,12.534883221987476,-10.901020828950934,5.039975456559321,-6.592781240478282,-13.642973331751934,-3.383204762027336,4.532805531653033,-4.2547997423420085,21.605594681346226,0.5634443336595886,-5.26467744257033,-5.732220205157296,1.6960965626412918,3.657730977229632,-2.662424350750117,-5.325475223757226,1.0791158478101472,23.938945334847844,-4.248955608667076,-11.83364448355814,-3.750036700538611,-3.6064195503626095,-6.612050590455066,14.563105369701994,17.806966634193405,2.869951372570961,-1.6504552985462566,-10.038788881510904,3.486202957340099,-18.186839784084977,22.09348520951506,14.806808584350952
0.544,18.049351433209697,-4.616268749984149,6.157845638613488,0.1767571529358159,3.290362791581955,-4.461946097546396,0.04640485765942387,-0.5483427483041771,-1.928663123004093,-4.217405602805073,2.1671037369971367,4.33613388796374,-11.430017964520015,-1.1579109810065495,7.031133852246648,-12.883957742287292,27.02604365053828,9.788072000891692,2.299359873214478,18.28623777097455,-4.119311230130839,18.003693246165252,10.597258501812927,-3.74899922421626,19.07144043051201,1.295989164258339,5.423714550959748,3.902917815789809,6.95098691265393,5.225278641028308,12.07282498611782,-11.04265114993098,3.637509365129468,-7.434725898963795,-14.571816076624378,-3.5603244669383365,4.963869484797419,-4.744713394364945,21.68072764949667,0.6279003980820147,-5.110412421828719,-6.342100380524938,0.2428354637960653,4.004990093150452,-2.470458702568327,-4.850169235286125,0.2911174526843563,23.99470996336067,-4.290104694720854,-11.94030509355894,-4.268024527636426,-2.978698470662863,-6.350384214881899,14.268312603582023,17.23628202706061,2.50261623151423,-1.4110407338815123,-10.032525171953568,2.599605078264972,-18.508771204443192,22.453711945357476,13.904683129750136
0.546,18.45875145697512,-3.9162711307383935,5.8287699741057,0.1092639896354321,3.3955946145742217,-5.077902668758272,-0.080779528671789,0.7578915348090698,-2.331400892203518,-4.621540990443024,2.1476620463008294,4.879499237423341,-11.210599133344576,-1.4637184822924303,7.699328271046209,-12.645604992125913,27.43400846284402,9.524716971570008,2.051243005293672,19.212640026561,-3.5836702630226256,17.73163664430344,10.46934667253891,-3.986472104350378,18.76610594798626,1.1866726937161416,5.266361728860231,4.523778966670669,6.722882382446999,4.810130757881657,11.906706494900089,-11.080032387367986,2.5849330763710654,-8.040494328116054,-15.613107199110738,-3.9184284122924127,5.328815193595081,-5.097027613503209,21.591721564607763,0.8440325885014727,-5.164648913248668,-6.836981233354545,-1.275303771472612,4.440867968872782,-1.9315844615958715,-4.323782749723514,-0.4044065151570225,24.030737170064675,-4.36371676424486,-12.02846676956806,-4.718863657091562,-2.10430771416994,-6.050842170461195,14.333172186035204,16.79625396246228,2.1222593370623275,-1.1004965654183376,-9.865514521075196,1.7122128502247909,-18.911813730709728,22.703466246174983,12.992583709400726
0.548,18.601986001963805,-3.2547130146078107,5.620363612709513,-0.1997613585225759,2.912972467370865,-5.748404008561438,-0.18499141080455334,1.9889712600045404,-2.7751264632876445,-5.501637247879075,1.8992268034475333,5.033319360309992,-10.904504548256837,-1.7669810452449848,8.415954758048992,-12.646074036166794,27.73714394811185,8.988152454086668,1.9013501326144362,20.086513999440363,-3.2946658818189225,17.278499321888628,10.423476773742737,-4.23883436221485,18.364873602836024,1.071466756413268,4.962243709519875,5.284624974004016,6.482788591313356,4.657177460498386,12.038534181357145,-11.070838109335996,2.079673440348637,-8.416355986583703,-16.65202563882816,-4.405483400887813,5.649539119510222,-5.290550011909821,21.424946598331807,1.1731794138631708,-5.406002101844035,-7.185460968570986,-2.724744294817874,4.898213236939129,-1.1155200469577171,-3.7373687482777296,-0.8677766661634433,23.910429931689453,-4.479753012726593,-11.935703448305215,-5.050256802252805,-1.1080558356374783,-5.69712814784258,14.812792841368749,16.530865301454472,1.7198296143660636,-0.6542245076733849,-9.56733229393261,0.881875822618958,-19.423140068896952,22.66813315016372,12.085593456513726
0.55,18.478340871695465,-2.708116361480299,5.571989157147642,-0.6332547035234848,1.868812979961991,-6.356298656939831,-0.23403390031900906,2.955761426935424,-3.18944388547404,-6.756478439414767,1.4105693690025225,4.703785831786586,-10.51719674592059,-1.9856614291435968,9.093031562850529,-12.855328584514286,27.909073577959983,8.253642377151149,1.8980938403502576,20.80342764964882,-3.2035062233644327,16.629387615449037,10.50304797007921,-4.405691867101983,17.929769797720187,0.9832316312411112,4.637839005212022,6.07087328472812,6.294476636666909,4.761939978060374,12.421454214976931,-11.080774199194252,2.2138635826019204,-8.605602969209416,-17.563539735793974,-4.950332985233352,5.9650040143311305,-5.322991832009245,21.292472596253777,1.5384755395501772,-5.780995199860326,-7.361341779259983,-3.9993936453953465,5.326502462774052,-0.1622344135323755,-3.0797829425901395,-1.0021124396219163,23.53119567559026,-4.649030421844362,-11.53878485154678,-5.229765269119189,-0.1199442816917848,-5.273768858989831,15.705033700949585,16.459748987698102,1.2868609648035358,-0.0629450276805374,-9.188394054318426,0.1947089994523403,-20.06031031847701,22.23817452457382,11.214564301991013
0.552,18.14159706212117,-2.3437426300395656,5.713536614708039,-1.0412941668186062,0.3767574486810096,-6.7994224220728325,-0.2189465279695118,3.5085112303417,-3.5065460063498723,-8.211274222086159,0.754610606517029,3.878460894692475,-10.067694340596184,-2.041724947350649,9.650567274662956,-13.190261662700252,27.92607808896941,7.455883699446268,2.0616036159974813,21.274826228155884,-3.2389904355498174,15.814042275472223,10.766536647868396,-4.380524244683771,17.533061215708166,0.9562121613201678,4.393961807907139,6.755346917590795,6.2207383348304015,5.099611151266502,12.966707554827291,-11.16157504819151,2.9513395783236844,-8.666895474522745,-18.226897982359453,-5.475202944028286,6.321623812958938,-5.209576437034204,21.303222100229384,1.844497402287936,-6.215640044939397,-7.352772496718103,-5.023605809197195,5.699872316951519,0.7502619606331914,-2.3382238438145566,-0.7789485836894937,22.847076722935896,-4.880762228125271,-10.785592960278514,-5.246420540518672,0.7509272510925533,-4.769339964769186,16.952639658130373,16.575696110468805,0.8233065136788216,0.6188785912120819,-8.786148330036404,-0.2474879984401865,-20.82812530914707,21.390192021435617,10.42322772777558
0.554,17.68590939942312,-2.205004308084652,6.059392848527426,-1.275528326978928,-1.3779271641009798,-7.018057533649194,-0.15168885963468787,3.5735418480653003,-3.676068491408134,-9.65483262821252,0.0742758866882433,2.6400793723497804,-9.584628586657272,-1.87674435387042,10.029287361685707,-13.53435238918384,27.78260466558069,6.757712768672177,2.376940699959136,21.450407051969904,-3.335596535899489,14.908817000747955,11.272307751458296,-4.089490541423055,17.251455757358496,1.0036560399948269,4.290843379868941,7.212892363850499,6.309917457749202,5.634345018752574,13.555681348397218,-11.33838041878154,4.133930866919946,-8.653067256421817,-18.546351579392237,-5.912015787570796,6.75980009032134,-4.978916917490298,21.53564346433668,2.004335413138301,-6.628755994327357,-7.168469557787445,-5.741684609289328,6.019495361544686,1.4452421551086674,-1.4999416933642304,-0.2421883438235499,21.87890744698549,-5.1781974373082384,-9.704257169827162,-5.104356246480326,1.4367469543793014,-4.180298263181037,18.451648549746235,16.843585456428436,0.3429181394416344,1.2851008753107345,-8.409010327782257,-0.3460965379342727,-21.71538217757444,20.186016226770725,9.7560211635824
0.556,17.22080627385435,-2.300220235901023,6.600872155222081,-1.2255439696750656,-3.171906622411689,-7.0092773084724325,-0.0574074074827461,3.175570330026432,-3.6766018094539463,-10.88509894557798,-0.4505073201630357,1.159802445177473,-9.099521440844258,-1.4674816070723575,10.200218254523488,-13.766764733874636,27.49771799828018,6.311846468657984,2.7947366814425587,21.3282284594642,-3.4548734814075908,14.026463348983606,12.058256743800138,-3.5210947817632103,17.156685455326862,1.1082146844957632,4.3435194779762485,7.335365821717998,6.587946705076513,6.327549563491748,14.060859597160986,-11.603951530813958,5.514990402880518,-8.59263291751096,-18.471422977511747,-6.212341031949836,7.3023257971598845,-4.667161467197293,22.017618782105178,1.9666769459819535,-6.94500804655893,-6.840018834379337,-6.1137678154051605,6.307504971362924,1.7855865499401815,-0.5540191334280689,0.5042888658162561,20.708789859055997,-5.536331507174793,-8.393002422553375,-4.815699555093706,1.922440933183694,-3.514064013496669,20.06402238582995,17.203907476300536,-0.1264032211247132,1.806562266846756,-8.085863425509537,-0.0320266116750919,-22.69346464965802,18.749585829468312,9.243469048583698
0.558,16.84238735815534,-2.597039686179056,7.299849047601747,-0.8469843473811856,-4.782843534240265,-6.826575966918255,0.0377234971845563,2.436469776485785,-3.5203236603595154,-11.747735766641842,-0.6444848327862392,-0.3279543226054343,-8.640723966434225,-0.8379637324890832,10.164215334494374,-13.791219293122465,27.11529779631285,6.2247844996265815,3.240429250893796,20.955708596972546,-3.596988760900153,13.29554202726048,13.119758486508756,-2.7445656919316312,17.30404304247677,1.215118580693412,4.524908647940425,7.048912803531175,7.052856628795013,7.140447483881565,14.371901908461314,-11.922153795304366,6.816928183377709,-8.481991108407705,-18.009743286370536,-6.353282101172186,7.949304710363616,-4.3115714313034665,22.718463809263845,1.7320542894411757,-7.10370882201105,-6.4171826255176105,-6.119902444099227,6.595773542411661,1.7044525436911508,0.5064268084808649,1.320395953205418,19.4604940617021,-5.940014808110175,-6.99186011936654,-4.393901832188168,2.244011129714721,-2.7911397979311747,21.63712421762424,17.581537726780503,-0.5459670871530996,2.068182734382765,-7.824076868366536,0.7115033323014299,-23.722504596464702,17.230393928658405,8.89129098599722
0.56,16.613795135196263,-3.023947909645151,8.087037416800804,-0.1746494379503212,-6.028508449362202,-6.561835415204964,0.11846331741525751,1.550346940916082,-3.2510317150353103,-12.1652609333692,-0.3812046192438258,-1.569333080291352,-8.227662644876455,-0.0645080888140432,9.945870953585445,-13.559075767736424,26.699460798232188,6.531197527287103,3.6302853501620134,20.41433385518196,-3.7964659852963454,12.834175516434025,14.396287620501592,-1.906211256175334,17.719178364814756,1.238701938429491,4.773774841218798,6.327037155450144,7.672504901514036,8.030884986243361,14.418465159771213,-12.24187411828521,7.795316806129862,-8.289383837531624,-17.229935069968256,-6.338802653611523,8.675212265376343,-3.945816502181192,23.55592018054091,1.3571255925192356,-7.063896352380234,-5.9610893694587865,-5.760620472121698,6.913925123904047,1.217864469247156,1.6804708842145057,2.0658701568495155,18.271896186052132,-6.363490840525632,-5.639602431115353,-3.850681308624489,2.472764976964253,-2.045232583831967,23.024006423225742,17.89681726696092,-0.8759551750407155,2.005881727471772,-7.612132003059309,1.8356880552376924,-24.757913021882302,15.767137061220556,8.676006276736777
0.562,16.557343635254778,-3.4791533023480743,8.866699280685406,0.6814117544103165,-6.796957204065552,-6.315295423836159,0.1885466703060339,0.7425319819061016,-2.935902673291115,-12.149057695931589,0.3823510332893614,-2.3449349806312227,-7.868763142638349,0.728654405270677,9.586259243617082,-13.080032245569232,26.32042207883486,7.187758948516401,3.8908586588399974,19.79496945080132,-4.104318617392074,12.724067114997762,15.773372393393585,-1.2009330207084674,18.386749646641423,1.0853309778123912,5.007031382635146,5.198344771675176,8.388884232193206,8.952121083134193,14.185156006662748,-12.512351944067348,8.292160639929454,-7.968260256113143,-16.250967643721157,-6.194334855339466,9.432400014669335,-3.594735292873748,24.415093192358757,0.944405353031544,-6.805735375993909,-5.533903498859742,-5.058733731217069,7.278069069336103,0.4162946619547337,2.954474783272356,2.6334105598542927,17.265700760091953,-6.773479878938764,-4.430017208565976,-3.198080113172561,2.692183619080641,-1.3196496065356882,24.103317107146047,18.079239847356963,-1.0870321794691764,1.6276076061358151,-7.430627299232099,3.226737277000165,-25.75717538181492,14.457113560372768,8.548918911494544
0.564,16.66044474933533,-3.84992707045226,9.52957859996473,1.558560216261787,-7.063069492521484,-6.166165927746703,0.27181779219199503,0.2182759752977463,-2.650360855566218,-11.790616392113863,1.5851744257958345,-2.5188042163159823,-7.564611017738692,1.3872661157647093,9.13204447270402,-12.419549874733914,26.041849274673023,8.087321177886178,3.9757165353389428,19.174756015726867,-4.563307724436635,12.990050199233902,17.100451715943873,-0.8289429478984978,19.246269156653515,0.6882906691986076,5.136115134804779,3.746040549731764,9.125727588884049,9.852138085527876,13.714934678932286,-12.69821186820166,8.26817207538558,-7.48013795261332,-15.22176741438932,-5.960848233008478,10.160526273957704,-3.2717937695459183,25.173895200684413,0.6173511612585179,-6.329723067636613,-5.185308429653635,-4.068035350789232,7.68287053583362,-0.5612172613316554,4.2989999099660885,2.968981891500973,16.523290448762523,-7.132787976730283,-3.387715487912312,-2.4526561392882806,2.9734700610157634,-0.6627989121998062,24.796624950760457,18.08065381692946,-1.167726900668565,1.0161040396450989,-7.264392290912269,4.721364709735037,-26.687863274367388,13.33926638461376,8.44680931156607
0.566,16.88991832233609,-4.034818421388643,9.970048196811163,2.2790771914783354,-6.886518395824623,-6.147963074144678,0.40617647402663115,0.1163388188666672,-2.4605001614676034,-11.237177378961904,3.064426294374349,-2.0715043709095324,-7.311392178190095,1.7537106509983005,8.627618080314992,-11.682208808996636,25.904897549321863,9.08523213413184,3.8751442094646937,18.597316615861853,-5.183768730445004,13.59124093320747,18.222079441913884,-0.9503223279284718,20.19554466284503,0.041176584421166,5.085866257490337,2.099259210192141,9.79949243629452,10.675053830626409,13.100424731287092,-12.791860798008171,7.804794352829657,-6.812817157701587,-14.29386964894729,-5.686006909973651,10.79838757519187,-2.9806252246908223,25.72927987964833,0.4893030544105894,-5.657540191016005,-4.944030862585483,-2.876500708400787,8.10190324646349,-1.5618603877174917,5.667554446969984,3.07590753959133,16.0688070048983,-7.405837801361855,-2.4647197291641545,-1.6377911497971416,3.3561775368549847,-0.12148386604194061,25.082599402714983,17.884479505874967,-1.1282172907834562,0.3128335187454962,-7.112511785610489,6.13508382315814,-27.53160590640378,12.397718136785487,8.308843440889202
0.568,17.205321081345936,-3.9651224113528616,10.108579673718207,2.69307972644504,-6.390917559429065,-6.236443287045872,0.630672631291061,0.4769877266529637,-2.4071446646186097,-10.65542779788492,4.586487854728843,-1.1079761320738934,-7.105867152511888,1.6992729239745548,8.108732956009726,-10.984436483398436,25.91592942933332,10.036023176232792,3.6175683939553434,18.064660339889254,-5.928861977635254,14.426760024349749,19.01421847139015,-1.6412266141452907,21.10297980740624,-0.7909314439194081,4.813994406703698,0.4186870593130605,10.33238377787734,11.366209495310702,12.464989732150952,-12.8151932307077,7.073645285531327,-5.991233528065943,-13.592370128960749,-5.413109903367352,11.295379157040838,-2.718966812776176,26.016505550133267,0.634879016577353,-4.831601395166617,-4.81612109406164,-1.6019371167444685,8.490024375707208,-2.455658516159341,6.9982955915150775,3.0055604685625856,15.868045996649737,-7.566910720885121,-1.5529304429480248,-0.7877072126558698,3.839971651944928,0.26682985779679913,24.99903333474689,17.508010685271966,-0.9977386843687468,-0.3164122923785671,-6.991543438881462,7.293930948570638,-28.28478198798277,11.58032817073009,8.094540300159235
0.57,17.576541334557763,-3.623792887672216,9.913360157619008,2.715797979644403,-5.732178252855185,-6.3553535529891,0.9718871051141539,1.2334825014710775,-2.494162692066269,-10.192879264262263,5.889604752697814,0.1611607077704778,-6.949177141418821,1.157165439991514,7.5971695735761,-10.425978066571542,26.04668225419813,10.827800226141935,3.2630862304648507,17.54191710523742,-6.712149950836972,15.355220840130764,19.418493356754333,-2.8678659977224727,21.82849186559082,-1.677566872925792,4.327494019991386,-1.124415567501872,10.663213968256557,11.878579665392554,11.93354575582288,-12.816023112902524,6.284483788752484,-5.080474525475241,-13.19115304335526,-5.177005903153439,11.62195012375554,-2.4843107790606065,26.01710175584538,1.0696114626917903,-3.915172908458016,-4.786417631998107,-0.3847148434589382,8.792222002779669,-3.1630772163740977,8.219932809577145,2.842301146165714,15.838407915375344,-7.603919658738391,-0.5206052635143589,0.0502397335738173,4.38799664967857,0.4797834298600928,24.631760979378992,16.999145909564735,-0.818170657651759,-0.7211604813920357,-6.933205629449588,8.062413929042576,-28.95524415981579,10.824255946907256,7.797255366505706
0.572,17.99741154226096,-3.0496204800961544,9.410314214817603,2.350366882759089,-5.063726056134184,-6.3951728497445055,1.4312900063409364,2.2297610432709374,-2.6875948794467197,-9.94632556172172,6.7327320958886006,1.464725151776909,-6.8479716911538535,0.1476828105023756,7.1022024702587805,-10.067568794113017,26.2389921852543,11.407846679254131,2.8896715466364595,16.97463312296056,-7.410057982946894,16.223489471433517,19.45996816293998,-4.488164518373041,22.24845690805085,-2.4428988446642244,3.6929701242937134,-2.3713775824053687,10.756840388375783,12.177593929332044,11.602643461614234,-12.854917596188828,5.625049576913499,-4.174342655362385,-13.104468340980668,-5.001006930619444,11.77374711384908,-2.2794799075997263,25.75617755203284,1.7432699762485524,-2.993068954345673,-4.825731632966582,0.6263959520860511,8.954753673216242,-3.6667445523088382,9.261516601406303,2.6741190921286893,15.870558319683333,-7.52109941092286,0.7419493779113943,0.821123898377856,4.944349716093783,0.5137281049373031,24.097556450077697,16.42834408977049,-0.6349675046202887,-0.8019707322645956,-6.973598021793106,8.365187903026493,-29.55464650261815,10.08257107356965,7.447453933373107
0.574,18.48227033148787,-2.330538344249642,8.68292635508273,1.6874792992915268,-4.503353667788241,-6.24413716763264,1.9796575698789487,3.256824971457457,-2.922206164741263,-9.942125259046197,6.944305450935656,2.531266657550236,-6.812357136499381,-1.2108518382371536,6.622460049525446,-9.917256286184235,26.41319989565988,11.787664775391038,2.575122270249867,16.311912338803744,-7.892426344251539,16.897909397473192,19.24388136431658,-6.276208924525938,22.282480237398115,-2.907532047514977,3.0349810332827523,-3.196650157381068,10.61036891608427,12.243514104494054,11.517604389151389,-12.986447278499275,5.210836071229819,-3.375825368489714,-13.290063890450144,-4.892887748896672,11.771451637897997,-2.1169098554176564,25.29108970008421,2.552206272918691,-2.1671788389304942,-4.902660462973288,1.2982097533226058,8.935930691257553,-4.004347432128222,10.06447593526518,2.559950038120556,15.856544943708418,-7.3387058821090765,2.2848678265219418,1.4710004659469424,5.461345790254311,0.3853103671545394,23.52215049200101,15.874422549647132,-0.4854395385356286,-0.5335357651138599,-7.140226756203051,8.19381031837892,-30.090013815427238,9.342422022548392,7.106850887699088
0.576,19.051251603882964,-1.5902095810668917,7.86071754218162,0.8825709545841883,-4.111609910316855,-5.8218186100623965,2.5590330699235158,4.100083953554758,-3.1132879546140417,-10.135076436467696,6.457073398798238,3.1502028315317863,-6.8511624507414215,-2.711990638299619,6.149422544092482,-9.93246509411752,26.48743667065912,12.028325294281704,2.379944607292516,15.528333518748708,-8.056271734460582,17.29083877414505,18.93275142778901,-7.965799777902058,21.91211352888186,-2.933742596658045,2.520959866038869,-3.526722928534204,10.25421898832654,12.071082165091358,11.660241444991476,-13.245461877841638,5.0547078305326,-2.7756988844903727,-13.662169079876197,-4.845594164481089,11.657789847803494,-2.020943128259101,24.692374690871613,3.3627559839421344,-1.5460261599786091,-4.990662509474931,1.5394091574197055,8.716392018466088,-4.248730923462755,10.594921722581905,2.5251244595175284,15.71327600656301,-7.0896951446804435,4.074315505898366,1.953632963210738,5.92450618699238,0.1285162849878898,23.015687736435524,15.411049671924877,-0.3924622740950788,0.0329014756132523,-7.4394494900925885,7.598533139572085,-30.558402160861565,8.628773419670743,6.852347366088396
0.578,19.715822600892768,-0.9615591378210184,7.093272354177328,0.1165055268537835,-3.886584480256191,-5.103686985925446,3.0929980589414754,4.58842320728367,-3.176890242330991,-10.425115389502784,5.324966987364339,3.2192955228974864,-6.965968600785955,-4.092665003521273,5.674248023105631,-10.035096624592867,26.39568177697199,12.212742193795412,2.3360912960990827,14.639285209635192,-7.85231019532924,17.37672806839802,18.707667703489317,-9.302912276851156,21.18820479395681,-2.4558454840119337,2.3322364807732274,-3.3508969750465885,9.749854983207936,11.666604059141177,11.950795985163625,-13.634971981463998,5.068441586384198,-2.433173077701448,-14.115482934698324,-4.838455104029217,11.4878505933464,-2.023731751588614,24.02661611243453,4.041938991755216,-1.229928568955698,-5.075188886580755,1.3108895997486911,8.303270840770502,-4.481894189914135,10.85221525812376,2.565227674519675,15.397525664521822,-6.8152058938606,5.991922689881854,2.238705950508474,6.367638237916385,-0.2108664990392457,22.651458598012827,15.093588900226845,-0.3609494994637898,0.7864790901365529,-7.844754753140027,6.670981853716777,-30.943585091283587,7.995355984872417,6.756032133001122
0.58,20.465056300768595,-0.5540476258816075,6.520709104270578,-0.4500398434045094,-3.7733631497522273,-4.130983619396296,3.503422724066888,4.628643255439161,-3.049881606414227,-10.685929755972154,3.711568700240734,2.7669814404159245,-7.148042671075581,-5.082632982901898,5.191541684018197,-10.132005902669466,26.10451559029376,12.415328189246802,2.4431458981207754,13.703821803058824,-7.304664687775493,17.194231406432728,18.72435008918149,-10.094691921040168,20.223570832933813,-1.501647515035983,2.624368175573525,-2.721391201473572,9.181882700190457,11.043777676734308,12.264663030305954,-14.121006793238834,5.091832441936471,-2.3686704262183085,-14.54783007234522,-4.841674838892622,11.319643949094896,-2.1559143908318394,23.344233413115575,4.486412032575094,-1.2905700422100104,-5.156574341389033,0.6343465630540572,7.7303463477992755,-4.767256946640724,10.871985158614272,2.6494037645947697,14.913490185139176,-6.558250606207793,7.861998870034555,2.317427316337644,6.876212568067122,-0.5834385702605607,22.45414300359312,14.951049690362046,-0.3778307320411024,1.5876754531262722,-8.298770048984363,5.518538749329157,-31.21744260285933,7.505236046054285,6.865685742956379
0.582,21.26452757517668,-0.4317352886847691,6.243546254647544,-0.7172383952487871,-3.685843923512152,-3.006005085578497,3.7298465417221864,4.220764827546687,-2.703730855196972,-10.800233113564737,1.8579823963256643,1.9409468272555488,-7.377040743240405,-5.461818336765412,4.702130921940676,-10.141644906349391,25.623885967507057,12.67458479807984,2.672428493453111,12.81254023930692,-6.5113867901595865,16.834026004058984,19.074773484445693,-10.244236478294548,19.17208943076765,-0.1927391784952522,3.48597788518564,-1.7453971138922664,8.644557922822372,10.222001942526331,12.461868697183132,-14.637260796664778,4.94340862534459,-2.563188558560224,-14.884569684419697,-4.823011145246771,11.204836261410144,-2.436661851084092,22.67175494821458,4.640933358315174,-1.7519357877194583,-5.245255882337848,-0.4033558673531419,7.054585717411496,-5.128592172462271,10.723094744040807,2.7362455911667785,14.310649062741822,-6.354889423123366,9.495665948262,2.202650503233687,7.572778306773536,-0.9447583431900539,22.40087666752061,14.98477772322563,-0.4175853876833655,2.3039354717466134,-8.724672137616858,4.242220071992474,-31.347157997672632,7.2084936977316705,7.190077355111042
0.584,22.058354810076803,-0.598019576084062,6.297934248819943,-0.6715404426802547,-3.5331678287471324,-1.8710251036736285,3.744932045167113,3.451195059294077,-2.152153592515873,-10.69179062889716,0.0403812853776261,0.9703279795543368,-7.6216386067019215,-5.109536693845124,4.217487971156989,-10.013921642426787,25.001440550022537,12.978017675133048,2.976087110480753,12.064337095241104,-5.626387174304855,16.415882395708003,19.76515658748874,-9.764251978823191,18.198429395405554,1.2774890184479055,4.904796207051258,-0.5697177133331651,8.226255440424822,9.228012162033377,12.420718721565873,-15.097094822066955,4.475108962582244,-2.9639965833826785,-15.096082444270584,-4.751496994431821,11.182760639425483,-2.864581853715652,22.014378752228367,4.504330470643964,-2.5769472887556724,-5.3543791968280345,-1.6617032741655309,6.348432586142381,-5.545625818637804,10.496816689294791,2.792833809869593,13.66872035484724,-6.2292637738342105,10.740689357963916,1.926035175409252,8.587248148451327,-1.2613519912362952,22.435539477977706,15.1710576132435,-0.4483749391475956,2.840384103703379,-9.043259223780376,2.9237565069703444,-31.30502053439676,7.124126966900735,7.694707174261361
0.586,22.776964623288325,-0.9905603276822174,6.645108694115712,-0.3899792467323317,-3.243698298914356,-0.877922015144902,3.561674217628079,2.4662162465307795,-1.44794707632536,-10.341948093993992,-1.4823771534071146,0.1096738031163869,-7.845164930878796,-4.038278818089038,3.757700870988985,-9.739049702380775,24.31043140179636,13.265750771126807,3.3006720847793605,11.540349995709258,-4.825796587912518,16.060027668460414,20.71548293881773,-8.767688665103197,17.44298527787332,2.680458275181337,6.753912662786621,0.6408640751269858,7.991340893442137,8.101401829651342,12.067569820968004,-15.412932070069408,3.6198443845657744,-3.500143323573606,-15.19886115822561,-4.602767503269416,11.279333726997342,-3.410793240383341,21.365817550707888,4.118862546902892,-3.663427424987331,-5.49003646312831,-2.9672082003371134,5.690160786347302,-5.963862271209494,10.289393408189014,2.806856126628947,13.078323542155747,-6.189776141720193,11.526489221527523,1.5315094406850778,10.02108246944137,-1.5149927228151316,22.489321585507803,15.466129002188207,-0.4394822356205946,3.1602869912891083,-9.19393594796602,1.6211778844069389,-31.07909501371472,7.2324827805527665,8.31056827567716
0.588,23.3546652283427,-1.4952833955009504,7.177871500901949,-0.0202886010839611,-2.7849223453084204,-0.1540681583799081,3.2320747417757114,1.4335303625393436,-0.6696545503704052,-9.791632702842255,-2.5183692133447715,-0.4261273657125788,-8.014013995898145,-2.400355979336062,3.348415865855718,-9.3459598160812,23.6331264862838,13.450055368842644,3.599534272423912,11.283283886285346,-4.266772296894408,15.858599002739853,21.781915632844274,-7.437636802195232,16.991066294257784,3.791800705907815,8.804421780167228,1.7220287052317804,7.967044929858311,6.902475372759276,11.39672262027598,-15.516310535191378,2.417165247984432,-4.096810489380941,-15.248034752749431,-4.366079914617785,11.506563356894356,-4.017135578090746,20.7163601067954,3.55071548143226,-4.855553313756086,-5.642814849504052,-4.129396105812356,5.15249825032549,-6.314528379820833,10.183083716070843,2.7964549854111724,12.623520069332319,-6.229162250131972,11.887700482064798,1.0672921591809168,11.912358613819082,-1.7040792827423044,22.50302155173784,15.812938182008336,-0.3688622681113212,3.288736379565648,-9.151107819684828,0.3725603457608762,-30.681171297584136,7.479745175314544,8.951286760784928
0.59,23.743395209786037,-1.976146889366837,7.741943989983986,0.2586834366729469,-2.169846767147225,0.2259560195070087,2.8350628485213725,0.5040734883359785,0.0956716822311122,-9.127567312280757,-2.972185915812108,-0.5149164718423596,-8.105579562880198,-0.4633129046514087,3.01703522986745,-8.891649811646506,23.035420447587097,13.449549328436769,3.8417344822405077,11.284956842732807,-4.048252642880249,15.857455455426802,22.792864478274865,-5.98805084404305,16.85632982799751,4.429320135784714,10.763092530569772,2.527991314602456,8.139845301410492,5.714459185558405,10.47346437123952,-15.37246543547956,1.0078543331556171,-4.682412437696214,-15.32334038999878,-4.046990674840856,11.864817649722362,-4.605796315335728,20.06070367915764,2.868641001684845,-5.966208093140493,-5.784044128590096,-4.965639143331125,4.791773186574016,-6.5385362312005455,10.230567149348094,2.8022826916912766,12.365679670558915,-6.326968327791997,11.959718094393152,0.5800092870575371,14.214978475092304,-1.8400089811796918,22.446319187181366,16.148908116577672,-0.2276031565571776,3.298821637639027,-8.934435510397337,-0.7930105360810381,-30.150477652416683,7.792972999899473,9.53422201420597
0.592,23.924193956860567,-2.3086784923960253,8.169634138777859,0.2850610012744019,-1.4491130551748823,0.252078095768784,2.457545390997999,-0.2168158544217532,0.772931676843981,-8.452772388187562,-2.85406143503889,-0.1547701048052202,-8.115945819413115,1.4407708113050004,2.786148008224161,-8.441851810865415,22.54736486876436,13.220022717583165,4.013944414718021,11.4859433212319,-4.184454835853957,16.05025249456157,23.59094481855544,-4.623647074869264,16.983043565239797,4.475968355463213,12.332835641902568,2.9453145286955933,8.458326205718423,4.641529630791065,9.420282065905871,-14.9886305796257,-0.399530848442929,-5.19665422962269,-15.506580160640937,-3.668307203323692,12.347106979419932,-5.092727667408674,19.402854813156083,2.125379355373381,-6.810499913449195,-5.86866616557962,-5.329896560205016,4.64197714964725,-6.605864524939776,10.444843554958329,2.8702855947320454,12.331073076659479,-6.4528721978023,11.947369633087389,0.1100955789221951,16.796991293596456,-1.9426877985570932,22.323001845767465,16.412883426491916,-0.0213974027069608,3.286260416141832,-8.607262842685605,-1.8415629127734263,-29.549636848390996,8.100207890858284,9.99976828123408
0.594,23.911007703373123,-2.4110888969309627,8.31945827158193,-0.0416506160900702,-0.6968624670660571,-0.0227346080752872,2.1731912761635286,-0.6850952074372855,1.3152610408867436,-7.853626709664827,-2.2685039941809837,0.5366713952851228,-8.064336323664138,2.9837713320420542,2.669202840909277,-8.051504705103007,22.15539940445269,12.774699448561286,4.117952595618407,11.787163330687845,-4.596975190529398,16.383276691084106,24.070999029892416,-3.5076013742689254,17.262144196266355,3.8921832338520206,13.278580517222723,2.900778252259099,8.844281771692094,3.801299115697105,8.390938643682087,-14.416033033207368,-1.576175333904879,-5.594940970721168,-15.858307837683228,-3.269728259152468,12.942394674518948,-5.404625713208234,18.752362901807462,1.3499359112032188,-7.243423144159458,-5.84506502771981,-5.13344884150968,4.709116855766398,-6.525044642670211,10.797169045818944,3.0325828449417656,12.509393910297614,-6.570740662191691,12.072263950107324,-0.3078336482229313,19.458741739922,-2.0356838597833766,22.167121408781995,16.551229887411353,0.2293142055059766,3.341783641855068,-8.263430248662521,-2.724958006231415,-28.955515177469103,8.349750570297893,10.322688038177189
0.596,23.74143906566811,-2.266951394337822,8.109267049257081,-0.7312219265048501,0.0066406377520805,-0.4966056233542925,2.024051385468542,-0.91668671006469,1.7082854149277316,-7.372681747907357,-1.3861368588512748,1.3530750427616571,-7.993600545198561,3.910058690949148,2.6658471914865234,-7.750156963721037,21.808117404970787,12.1896252544401,4.164534276145929,12.074626128745924,-5.1297999133805,16.77263338811859,24.201527541784355,-2.7426853508067275,17.56160859005869,2.71693989213005,13.481722079586527,2.3678535531961984,9.211968788497767,3.3051170671265737,7.53691371420089,-13.739149434524826,-2.3274928303647813,-5.849412806073151,-16.396781185110914,-2.90552471166252,13.63534078997446,-5.496566217459431,18.11720270187856,0.5511140183981384,-7.190254924747716,-5.668127034003217,-4.363482671889891,4.967610720564139,-6.340955489361475,11.224155077273345,3.291177308395421,12.860594832624512,-6.6445045099133235,12.514834595986494,-0.6433107090973809,21.9712227860526,-2.1402637333802077,22.02976994733497,16.52192280975812,0.4913816703780641,3.525401500315746,-8.00428204067536,-3.382070462628275,-28.446330891938786,8.522562925110597,10.51386329797724
0.598,23.46808875803874,-1.9334244639883047,7.535427836585637,-1.6951608007303696,0.5936279708004455,-1.044687311662712,2.009346456418561,-0.9719631358866114,1.9698050097926036,-6.996746778488313,-0.405491161538077,2.054983205859785,-7.96330184697845,4.089187294629898,2.757582642048734,-7.536508912749702,21.438435330394697,11.592181179401544,4.165430917703914,12.249045097248578,-5.583225545865234,17.128019611183465,24.025789589785,-2.3685241961652714,17.762757234416274,1.0581133722813931,12.969796871694816,1.370352174084274,9.489085830935815,3.235793105838251,6.973265488532758,-13.059553430922854,-2.5378335501244447,-5.951221459353268,-17.0887703653832,-2.639527254031952,14.406001537979904,-5.364828743188649,17.496542189181056,-0.2696320627175783,-6.663139175965964,-5.313349588544373,-3.089836726770945,5.363912258767455,-6.119876310694106,11.642560209614635,3.6087428576578233,13.323207216046349,-6.641845205384004,13.368130423994756,-0.8696594613192803,24.124722498136048,-2.271009645106127,21.95753166869621,16.29980509458328,0.7234999537922652,3.8519398486598666,-7.913455014121796,-3.7501590451624223,-28.08795921823241,8.634182158848699,10.610859960603658
0.6,23.14976685571439,-1.5277711475436382,6.676822263456313,-2.7655017123021293,1.0209611229643838,-1.545330563948914,2.0854545590045297,-0.9318986516896244,2.140300798152643,-6.664345104366724,0.4885184757418042,2.429828586131539,-8.036242525915746,3.5417208630926447,2.908102058301988,-7.382723287425757,20.98656220736333,11.130270681003775,4.126972390832438,12.246920645332326,-5.7593227960890365,17.377884629373696,23.6456587526005,-2.3730359495152262,17.792506631869067,-0.92001401433712,11.912509917232285,-0.0182480051663789,9.635861559813671,3.625145029559257,6.753702739923769,-12.47720404398586,-2.194771641327864,-5.910673527319411,-17.85567606705644,-2.534175395975128,15.228673440979652,-5.051271909701294,16.87635496743803,-1.1006835049767536,-5.761028225202794,-4.789787924747492,-1.4612758566250674,5.82477784955886,-5.926432065214053,11.968551475094468,3.9115982835832455,13.823614432503902,-6.537989055309976,14.613201463823987,-0.960869438697362,25.774066890486814,-2.4345438523528022,21.969919692359078,15.882440238403852,0.8827955089833892,4.291287616773659,-8.035556458254197,-3.779604884741104,-27.921993483138795,8.725373105656715,10.658798607868798
0.602,22.841227115807552,-1.1974679099363283,5.677691246590232,-3.7349337021049713,1.2718144102355935,-1.9034333014985945,2.1759611671615633,-0.8731812870924578,2.2666718329305287,-6.286546057454094,1.1649156740935942,2.345037837809559,-8.263581449060679,2.431692957148656,3.06366079331974,-7.24596373218219,20.421796933148315,10.933376470037071,4.04757179329569,12.05336671619379,-5.510262753728938,17.487649315277796,23.19189738054335,-2.7106342823068337,17.64407668629115,-3.00821008068722,10.583733545842597,-1.6781894788409992,9.65332809810382,4.43812685695431,6.862757265399994,-12.069980711996704,-1.388907611221511,-5.759622498352231,-18.585936216030703,-2.6400562335617277,16.072002978235584,-4.635963083019685,16.22879606343682,-1.9058851791769629,-4.650405257340133,-4.145040441835633,0.3176735741656775,6.268006037065764,-5.803249895272048,12.136844164143865,4.106101663939002,14.289356749519019,-6.3176027959153025,16.12280306498546,-0.8922982064979041,26.870935704511886,-2.629991536950466,22.045178210110585,15.292739269512078,0.9323276450441836,4.779680319377421,-8.363511787615197,-3.4521819784770127,-27.95878144073624,8.84424095545061,10.691332037725754
0.604,22.58553459559468,-1.081663964381027,4.716863635059993,-4.404751077805714,1.350729768446787,-2.0674439920301526,2.1900414334809453,-0.8505293312177167,2.386810079313205,-5.779940972314468,1.568445772786369,1.7820406160335929,-8.669595337489154,1.027250384019142,3.16044442478621,-7.084567131982374,19.759188408994763,11.075607127549445,3.9209170449839377,11.702746935368529,-4.773203258893485,17.468012287635162,22.79174203068677,-3.32233405784945,17.37849086171899,-4.968665225783577,9.295818654068835,-3.4506045966183194,9.58168587967729,5.568342561835612,7.224263825483782,-11.88279216725226,-0.2895026470128896,-5.550236383170865,-19.15669518158836,-2.9879296048102573,16.90069021315535,-4.220877342007749,15.51997720573936,-2.6187049412276924,-3.529311835003272,-3.4608901734700965,2.019096860773378,6.615317261144649,-5.755848022578422,12.113191154472235,4.1029123346164775,14.660082354212538,-5.9744396133873146,17.691443573818827,-0.6441994093366579,27.47424111284642,-2.8498573041012922,22.120707261190685,14.579107866439344,0.8491419966859785,5.240070320256316,-8.83865114640673,-2.7961347822431515,-28.176818756719825,9.028137115599511,10.71666182111266
0.606,22.41601220227489,-1.2726898871042858,3.9685665655933406,-4.6310485412461375,1.2749608407036657,-2.0322406225831444,2.044204805322142,-0.8861169353509808,2.5183307741570577,-5.101062949149846,1.7200525148985617,0.8409843509969059,-9.23819063070522,-0.3592392253618942,3.134837592622438,-6.870955428726551,19.05738252128885,11.553256288463617,3.74260008551793,11.264064681018624,-3.585156177314829,17.37287090678968,22.54179236116608,-4.150240384865846,17.107676263138657,-6.545998863240234,8.32296475163825,-5.151850475860636,9.490432240309024,6.8508637079446695,7.723382903997145,-11.92073748629734,0.8960935632620503,-5.346547929199162,-19.46203146049665,-3.5780972514856004,17.67409434683481,-3.907793097451897,14.724672260701784,-3.1491327803426343,-2.584211466354985,-2.8415507292442475,3.426767986305796,6.806443739089167,-5.747915896580491,11.898822134793528,3.843700927523988,14.892168076345085,-5.51021886132605,19.08301475135491,-0.2062327161252883,27.734824088045933,-3.0829500279844617,22.107406842375127,13.814235897894164,0.6333080557839236,5.606501287744465,-9.363891425657563,-1.8898535320965515,-28.52808894355832,9.290666103569482,10.709768895239003
0.608,22.35932047596687,-1.7854680537178511,3.56182629704588,-4.361357694917285,1.0636247963365804,-1.832774406162449,1.6813652592329476,-0.969837699851303,2.654836165392348,-4.267676140685452,1.701267188381503,-0.2835491756846462,-9.909200096854324,-1.442114244820912,2.935494690677192,-6.599603421934019,18.40247256259646,12.280634069192276,3.517530285664269,10.820598972939967,-2.075767940869909,17.287635947296696,22.492909873784598,-5.143668966874195,16.963270127714914,-7.488765208171343,7.834325801154765,-6.594996880901782,9.45814054073788,8.089630185434913,8.237384305841553,-12.147874398165566,1.970565500654804,-5.214799637889178,-19.43796501418881,-4.374746352231421,18.350005313505616,-3.777026027815585,13.840133352085116,-3.4026364340082176,-1.9494343726057108,-2.395339274327199,4.373764515798064,6.809304239467182,-5.710835881176067,11.525815425994878,3.3276837223212783,14.959216010457045,-4.934219537855373,20.090687465813787,0.4176793494520079,27.8567151373388,-3.319010486931296,21.914361029013687,13.087646956710236,0.3140093808127251,5.842143190338634,-9.827241214585923,-0.8543714046606737,-28.949873856512184,9.61548003893542,10.621260797878993
0.61,22.43672582706567,-2.54800445474738,3.5502239471271344,-3.647556539530525,0.7298532535289662,-1.5326398700559083,1.08488055146456,-1.0674755854255522,2.770246983482989,-3.3647740358069247,1.6247655757201656,-1.3487206061624823,-10.583465864564674,-2.0252177929275423,2.538186334520598,-6.288230690225474,17.885381983382697,13.106460369386314,3.2656465195125426,10.44567207225926,-0.43826869375053,17.30712994439988,22.651436718041232,-6.256104816088078,17.05966428763184,-7.586282371472943,7.853509217614819,-7.6192860557791535,9.550178488172609,9.092568263569143,8.66413700281202,-12.495438379923083,2.785583490878384,-5.211731482833168,-19.08102380815908,-5.307838332656897,18.88955577651952,-3.8721339880013983,12.898713235641772,-3.3068822545108474,-1.6806754443229257,-2.2122891976996266,4.776789226659194,6.62444845694912,-5.564755962518185,11.045637916600137,2.6239441399580548,14.85386229476864,-4.261572914251105,20.58718424348043,1.205635254995982,28.045129472809084,-3.550481106413705,21.478871314186136,12.49096422850748,-0.0514541182507887,5.947103866056759,-10.128574923777458,0.165663683781905,-29.38009894081876,9.959956859692037,10.394963182494024
0.612,22.66100103565748,-3.417002652140127,3.89682587775661,-2.630256314894703,0.281920463632111,-1.205795094367228,0.28382840731632697,-1.1361117816626825,2.830502502290324,-2.5326999394352963,1.6020458049204942,-2.122704338923153,-11.138308286374397,-2.0399427648721646,1.95634229028543,-5.970975914488646,17.574680803114624,13.849472900554275,3.0239549946243818,10.182804107312236,1.1139702408222685,17.51122758640261,22.99054856795976,-7.43656135602895,17.45941838869666,-6.706432996827639,8.259058720212316,-8.115987844514898,9.80175787889496,9.710799116815464,8.94299625062961,-12.873944700201331,3.26465054620723,-5.369251731670332,-18.453056950499167,-6.281778379423548,19.261262922732517,-4.192707256440272,11.97035571042033,-2.8374456865008875,-1.7469625836062594,-2.344317650172905,4.655108032483722,6.2847746522364405,-5.241956475255624,10.512840898060453,1.8628226482901364,14.587239948600972,-3.5120434941466963,20.5459963131306,2.116237593079791,28.45504494136368,-3.773025466458089,20.79017466486952,12.103292975856824,-0.381215574197538,5.956644940304014,-10.202094437000207,1.0288189793165647,-29.76979141752906,10.268142378765276,9.98636642492066
0.614,23.03216645479777,-4.2097297388277966,4.480159910656624,-1.5037560807258357,-0.2725829102045701,-0.9190207996441704,-0.65379515700992,-1.1399383673993173,2.80808305290728,-1.937884115582652,1.7116670278781063,-2.4383987350614733,-11.453283887394942,-1.5551329316286322,1.245935886491984,-5.686364852047311,17.499534745106995,14.34057093754308,2.842842136615551,10.038950911776562,2.3930844303008736,17.94758977056562,23.467518375372865,-8.622049774903939,18.150266055858307,-4.833040267014383,8.823250606226228,-8.049125377867906,10.209835269239177,9.869904520315531,9.062147189859532,-13.189251565801197,3.4042470973458907,-5.682376088940944,-17.67346484437576,-7.191997117671667,19.44634732915473,-4.696557033245651,11.15428831959187,-2.035406924515946,-2.042470503096333,-2.7924246634771497,4.128132589792357,5.847088474215736,-4.70837549050417,9.970032806816041,1.2133509602761503,14.183748971183464,-2.708544427557363,20.04074236457837,3.0902675843776994,29.15120208088455,-3.9872470596910246,19.901015477241017,11.977790663778636,-0.5802923458322529,5.929008942686666,-10.030920493926148,1.6258024647006717,-30.092706356249927,10.489178997372113,9.381195945590507
0.616,23.536049884548003,-4.744757260523195,5.118674491417926,-0.467977027108842,-0.920522225358856,-0.7199757494291488,-1.6367790221046568,-1.0586766499145448,2.6932375468495016,-1.7359235590899629,1.983830585777793,-2.231031434067255,-11.43356550604586,-0.7549044975666768,0.5016837292816109,-5.464170972438358,17.64106722210748,14.463143934019149,2.776365800483627,9.98757670076948,3.275779501704935,18.618290144137838,24.040014736219607,-9.733939107736465,19.04145583479637,-2.093992550065153,9.280151488362334,-7.468814339379403,10.734703089618549,9.586665433200302,9.053953002817648,-13.359066914071684,3.2591611658205544,-6.103115509215334,-16.90253510364956,-7.942140329745911,19.44263163416361,-5.314961370793293,10.559484083545572,-1.0094573321835627,-2.4164226270581906,-3.5047835571081394,3.3856828853599112,5.378987696188649,-3.976822266036139,9.43726526469299,0.8487042732641508,13.67564902967095,-1.875087296358713,19.222835096626188,4.058464400856056,30.09386885332925,-4.197993034389928,18.92264492410335,12.12964054192296,-0.5574746226157098,5.927257999392025,-9.648809504722612,1.9046770229424084,-30.34902506166583,10.59275051676543,8.6066216200932
0.618,24.136538059060705,-4.891485603485417,5.609436972441021,0.3171508169351419,-1.6344000548035746,-0.6273129151408352,-2.567465413870076,-0.8877973118010309,2.499796797699485,-2.0311978939873736,2.3955608149908345,-1.5514526114196008,-11.032184444569182,0.1141154068664813,-0.1586208331108835,-5.314553482448504,17.93444281049134,14.182297350205012,2.8680723431930533,9.983482371405431,3.722382243349686,19.476901453734374,24.677623738690905,-10.678657978683027,19.981173381514107,1.231364309059542,9.401896508198394,-6.506099564388612,11.312035786873905,8.967391455121428,8.980409778099526,-13.32464632380109,2.9149159906354667,-6.541606354318957,-16.31172984149629,-8.46057045370879,19.266029891889108,-5.97274291747739,10.278893939008492,0.0816862964446646,-2.7124474646465555,-4.385646241121278,2.650921610016584,4.9475979906490455,-3.106042314927352,8.91095409271731,0.905680331666506,13.101103388407449,-1.03449094800177,18.27515648172569,4.95054216896635,31.14923714638773,-4.41176195869266,18.003202016153583,12.530972697888377,-0.2431428474607155,6.000783470267314,-9.129430998345793,1.8829751662044767,-30.56284583386645,10.57588056789264,7.732637541011973
0.62,24.772628367236532,-4.606415592577407,5.772964272905511,0.7674585333255799,-2.367557101448084,-0.6284139374871094,-3.3597969014154474,-0.6340416573051224,2.262810631034769,-2.845772046698386,2.878836633771168,-0.551131329682305,-10.26286263094097,0.8035694625557889,-0.6172327379291768,-5.2234535551924735,18.287616771199893,13.55216610226798,3.1380569524889292,9.98455545021988,3.775294044057952,20.43829602122792,25.364297173388444,-11.357790852940333,20.79038504388316,4.729841142279525,9.066744873889508,-5.352459220632029,11.8702584475836,8.184949671587088,8.91081041796846,-13.05847259319476,2.456294280448837,-6.879520038697273,-16.05022122254167,-8.712804391378986,18.950770275438405,-6.606078780901078,10.363074404229405,1.0621500940329078,-2.807283130228837,-5.30828965208408,2.1306252962546224,4.608619849071644,-2.189429364805849,8.369888156136833,1.448791468557088,12.50059218133655,-0.20752084133868087,17.362972639186303,5.703004398467992,32.12364903866901,-4.636379013767627,17.29537694743953,13.1135054085914,0.393450127033017,6.1703092393675085,-8.565247158933067,1.6428737102286326,-30.773464862971675,10.461778285090576,6.861545887552454
0.622,25.36259447970486,-3.950298281663836,5.493419043871868,0.8918838912789434,-3.057548497642789,-0.6829245943347003,-3.9538915295916857,-0.3070038843155671,2.028670999984559,-4.108430359543138,3.346895763520743,0.5547584398521239,-9.197756428508685,1.12208869114276,-0.7812495447082902,-5.156677426291824,18.60445236015936,12.70032076729176,3.573147645794082,9.968676144038918,3.5392841099635355,21.39480781679249,26.091112841968556,-11.686730785586311,21.304036310178542,7.9070357563395,8.29909454567417,-4.227170515717845,12.349161298828964,7.441606926751194,8.901778620219746,-12.56885639100616,1.9461675060048669,-6.99012702368897,-16.21713101273748,-8.704248542131433,18.54655864193247,-7.177703489517449,10.799721910907348,1.7775103452507086,-2.6394188621559427,-6.135353055712434,1.9622039256947128,4.397648751154883,-1.336906211990126,7.788344241209543,2.4464495993570288,11.91454397397888,0.5887071446985273,16.59726182690517,6.267645456092816,32.8147048134896,-4.8792619548231,16.921452315279236,13.780449035058911,1.3297693512095292,6.421030584436041,-8.043407634421996,1.3138966472406333,-31.02381428135183,10.290628322164554,6.10579977477118
0.624,25.81264345743165,-3.0766502444918804,4.7448740141962,0.782762609697834,-3.634417018794084,-0.7306206901754495,-4.324122113432841,0.0873627033467212,1.8425342494694303,-5.6620350084021895,3.726340458758968,1.5352594244356208,-7.95438659232224,0.9789220333105568,-0.6055488301865606,-5.069191121519059,18.804953426912327,11.793866805271364,4.125110629550676,9.94603189347695,3.14811772108069,22.23926837697325,26.84741748513107,-11.612166711886697,21.411603126418093,10.270256119504658,7.264497759487305,-3.3366750515058428,12.715931546576128,6.925266765471381,8.985684910638305,-11.895687306941994,1.4137525396187158,-6.765652132515728,-16.841281316516692,-8.473753944097389,18.113896098046915,-7.683960707996968,11.508390644989392,2.128365464891921,-2.218591127847304,-6.740773552316217,2.1753830177153954,4.32979871589485,-0.6488854765770404,7.151512943207743,3.76902768537205,11.381157427852406,1.341540473447128,16.013219476963986,6.616952129986824,33.062655911875176,-5.144596490820431,16.94256531426988,14.428022547397562,2.485405737958749,6.705435703513827,-7.626466469041953,1.044750702958305,-31.34921595227464,10.104828489892506,5.56429481585376
0.626,26.0317132276508,-2.196284903252602,3.5986482239487776,0.5862350327556684,-4.036003517877404,-0.7023601714417949,-4.477919677385399,0.5520465648185438,1.732714635166454,-7.290546299188574,3.979119608431934,2.1921908718392857,-6.672389709563559,0.3976057054056466,-0.1065633482641713,-4.917415967118385,18.844076706186147,10.998396389812171,4.716127782047502,9.957884904692802,2.728184998606716,22.88578037387297,27.612524540482628,-11.12324112713333,21.087270531015967,11.422816929802543,6.224037430002382,-2.837189162851069,12.97189278042234,6.769938417053894,9.16723762889844,-11.1007966944924,0.8588626076357498,-6.14630158000594,-17.87207415882751,-8.081803288662993,17.718317696782222,-8.151326455736681,12.349208621697375,2.0928276615146086,-1.6170688788455525,-7.025734634333396,2.68396836230108,4.402240751513946,-0.1934310773194242,6.469294628435239,5.211061890138737,10.93329971638257,2.0416446060958258,15.56894337674983,6.745975101931048,32.79005855934722,-5.432398507541349,17.344516259492956,14.966126956539751,3.729604171088414,6.955072240733818,-7.336943551558953,0.9686858318969686,-31.768334432944748,9.935317869602803,5.303163470309378
0.628,25.9553313977839,-1.526521990083448,2.2105123618641445,0.4598058027068563,-4.2261459220205655,-0.5305733729053135,-4.448891101279482,1.098386706834244,1.700245811606034,-8.759893981065266,4.112481034948071,2.399013607232904,-5.487941295995909,-0.4999855667855026,0.6386720414014708,-4.673124282545835,18.71855227741717,10.440666929100852,5.253393239918896,10.063761143593029,2.369592321479289,23.285382581552845,28.351625265071544,-10.258592857423073,20.399380956204663,11.149317364064618,5.463749947228645,-2.804580995925867,13.1513400591331,7.029561234584802,9.428214991770838,-10.256095630971211,0.2711230509602002,-5.1404792427010335,-19.184908803183557,-7.594691359494849,17.419968927405694,-8.624312886225159,13.149487501497422,1.7310674555971168,-0.9475236769027124,-6.930900214717063,3.3106414103687567,4.600457996533852,0.0049798983198723,5.781742286624722,6.531874765555045,10.596888770039165,2.682221324523515,15.16920329982818,6.671142289426109,32.01968689053441,-5.738791171139818,18.04132699642289,15.335498019795468,4.900467048284183,7.096196824940956,-7.156443963279115,1.1738505507444092,-32.28029932593979,9.791998835951976,5.341793783261867
0.63,25.57305574036578,-1.2358319904871502,0.7898727729660976,0.5279600668133612,-4.208968626522259,-0.1576115456624782,-4.286006640896366,1.737320388970024,1.7188553402022893,-9.861176880111122,4.177620594590159,2.122691047572246,-4.51035282280451,-1.5324813415195804,1.5053838521298315,-4.3331490633598735,18.464953157454925,10.179588618377627,5.648012951130846,10.323319616350489,2.1097474356921717,23.4337169673043,29.01922097358073,-9.101003624818238,19.497185283941143,9.474382615467936,5.213710939226915,-3.2204267749638475,13.310457154005752,7.671046668985813,9.738998818834968,-9.430215235098778,-0.3497483430527066,-3.834749991187589,-20.59933943258222,-7.0716376152046,17.26613138523469,-9.147276125134638,13.74003223935361,1.166184858160104,-0.3295655031601901,-6.440425921429025,3.8320116556077446,4.9048792974042525,-0.0314588068614387,5.155233272036489,7.505179460833834,10.392683944207109,3.258037610116615,14.70262769548267,6.425354027800867,30.8670493529578,-6.054659305080662,18.89648572093149,15.520872113573992,5.832274176902122,7.066846708826915,-7.036341260230143,1.6852547755421026,-32.86502961552249,9.662004251712654,5.649451253624277
0.632,24.93380232216234,-1.4021710044607725,-0.4404934856358848,0.8453073972435868,-4.03397545963783,0.4570633102798553,-4.042492939737137,2.4705518561551894,1.7412069156627323,-10.451309730815606,4.258382879394204,1.423729725525961,-3.8040413634336976,-2.5087875200772247,2.34657070358941,-3.923479874656682,18.14930510712093,10.196035998247408,5.835687700772656,10.775169763785009,1.935226111910852,23.3673965451019,29.57082067145505,-7.760981454240266,18.58092725047311,6.677088454178885,5.5778443958639645,-3.979982842868377,13.507948087842262,8.586787636077327,10.070681319823588,-8.679698323366212,-0.9789973928004608,-2.386627702177192,-21.91357691643605,-6.55480511148314,17.285837257514075,-9.748198577243214,13.992606938315731,0.5510685205629959,0.1417167437095824,-5.580219012336563,4.037007970787247,5.297130640262772,-0.2416511304145787,4.669244876279964,7.968324263459405,10.335868810121358,3.763100991460628,14.080416304360831,6.053218367864126,29.51001309316849,-6.365771692670114,19.755749742348645,15.55248113909806,6.386828890786467,6.830705960694993,-6.913598965977565,2.460114771674654,-33.48767099576846,9.51679646598753,6.151739741043407
0.634,24.14337536870431,-1.9915404353646795,-1.288790445639174,1.378996074376671,-3.792924932076068,1.332704386189151,-3.7667883938265154,3.2810783282584755,1.71257159904001,-10.479736865508864,4.443433870514648,0.4349800937700285,-3.3818742964356576,-3.2757325926559315,3.024890312447156,-3.4951243336359816,17.846299455382752,10.405579615101445,5.793040306255392,11.421006748493086,1.797364560582266,23.15511965544717,29.97845824131601,-6.353191959503442,17.85780776151697,3.25131860835518,6.498190746062965,-4.914624592552764,13.785544608886385,9.622930641871909,10.404921606494872,-8.044066730437244,-1.5610545109392882,-0.9989073864229804,-22.94391841012092,-6.064179012941794,17.483328263068984,-10.42822348800154,13.85120663996026,0.0321611578591949,0.4170043479961126,-4.412138135852072,3.7893308473158815,5.759940059075898,-0.5402716171696095,4.397561983584196,7.857886091894405,10.432061271442358,4.1902041774684475,13.264471825554445,5.605246414553789,28.14485986379552,-6.654618001737568,20.482503442285648,15.495424598317737,6.483572582487062,6.384767917049555,-6.730431962187433,3.39875838349182,-34.10781409783724,9.32557737522574,6.746207347126264
0.636,23.356239846004154,-2.86495592856647,-1.6325415814723767,2.015834813945982,-3.603715535086295,2.4675744125978505,-3.496012084961143,4.128809343835425,1.5877611768605575,-9.992028506862887,4.795700635806294,-0.670348127355113,-3.2105209772631293,-3.7528446621673055,3.438645496140607,-3.114473724800252,17.617618685237748,10.68574178351756,5.545773488148274,12.220746595125592,1.6356115930306068,22.882501373865477,30.243565253118813,-4.969487770620992,17.496407268323942,-0.185054861451715,7.764749391818927,-5.825903549364006,14.152716816132113,10.61643590369714,10.73658477682794,-7.545052627070953,-2.018574639880073,0.118215087303116,-23.5598851465662,-5.602102297439385,17.836991958739485,-11.15709105211185,13.347601706233428,-0.2848492383707894,0.498866785840358,-3.0224964133149066,3.0751014258851623,6.273478381889036,-0.837166037202322,4.387848757408876,7.226196664153944,10.677204376752144,4.531712543407986,12.277673538195229,5.1317957620817705,26.940619616902417,-6.901929824246345,20.983263048809853,15.432459259031118,6.116093222314351,5.760518910656275,-6.4550334416346455,4.370358279159386,-34.68904957904576,9.068216013691767,7.325469447835147
0.638,22.742135363037885,-3.813844964831776,-1.4405152382742163,2.58736021821815,-3.5865174865719966,3.841628387916657,-3.2544781027812384,4.957223176712481,1.3445683631314318,-9.114652887068775,5.327296742259283,-1.7162547497276135,-3.224664056633257,-3.9413271344525938,3.542210178663042,-2.8511475935619908,17.49473902501932,10.909105981418248,5.165672069150461,13.096226201112886,1.403656394660074,22.63316320887953,30.39980366245709,-3.657112872076432,17.589984651301577,-3.014304258552884,9.06415072017393,-6.526637614433224,14.57872318479052,11.427336065627344,11.068183217956127,-7.190731582866571,-2.274021845776543,0.793209329381727,-23.715603715384347,-5.161526354033612,18.299531565022708,-11.87816692235489,12.596835425057296,-0.3550824574844368,0.4318957069305059,-1.5088640290956663,2.01749863681628,6.811548901982721,-1.0537960869331944,4.644469970950085,6.230264480953824,11.05983940958826,4.7799158922407345,11.199119318104849,4.6784113774978096,26.00191517203671,-7.0887100165798556,21.21999487538041,15.443891495991064,5.355499289054993,5.017096838962406,-6.090860866977609,5.245012000979779,-35.2055355605165,8.745905114513054,7.7973079706805875
0.64,22.4443715978638,-4.614116902615231,-0.7748791661803037,2.9093912899555154,-3.8358970295396526,5.420271503368206,-3.0561519008530063,5.705317322080556,0.9906989701335704,-8.02371189379231,5.988384214960836,-2.559448810865696,-3.34530764753043,-3.907521799369138,3.354403597449457,-2.764406496090607,17.465569914761367,10.977161744751545,4.756554776727573,13.945397595322174,1.088779626253258,22.47459975173065,30.50607039632444,-2.4064678413754934,18.1370228111642,-4.745768623566595,10.056193085601269,-6.877152262831864,14.995613371868044,11.964398901742491,11.401676335628448,-6.981730096893181,-2.2768618763537334,0.9329954760431576,-23.46029748264337,-4.735701800679051,18.802270439679734,-12.522286529860676,11.773623611378085,-0.1954583354041853,0.2839070138448822,0.0345718020391147,0.8517080514110078,7.339209971440417,-1.135779621826949,5.1215071234673655,5.0953585275547,11.560046180655306,4.9292188985567105,10.139735279871168,4.28361895693515,25.352787939181177,-7.199837077325608,21.205183463283213,15.587918417206678,4.337791920125448,4.232065851998902,-5.676451092381314,5.923533999431946,-35.647080640739624,8.384440339391949,8.100446631129447
0.642,22.544679845726087,-5.082086261071003,0.2240890787624284,2.82621436702327,-4.394723365083023,7.158636545081021,-2.9087769381450213,6.324242227706853,0.5639820622836328,-6.904259904475286,6.6748694872686265,-3.111694827451797,-3.497038480073692,-3.7531660277922136,2.94980085011703,-2.8916193350391133,17.475098655446157,10.84358952849758,4.432289108272559,14.662678275102888,0.7174114300654852,22.45166643992551,30.63318638386172,-1.1507705368752745,19.04389517960326,-5.113298392832694,10.4613244073971,-6.813012332305031,15.312633711553929,12.199262218485233,11.728256035728176,-6.916018627118594,-2.0247493406215624,0.5482867048199046,-22.92831051026523,-4.330428944490483,19.26529921400568,-13.025595718372884,11.073134289861468,0.1329532522239242,0.1224276775079828,1.530046467651159,-0.1296936453951463,7.814093504488447,-1.0607706764516904,5.7275519162998405,4.064405553262185,12.146361072676147,4.978891150419987,9.208047202357816,3.976252867156275,24.942912394430746,-7.227074570350071,20.983805413416675,15.887284039096173,3.234445142853554,3.49117677917218,-5.277635262160913,6.359979518286129,-36.02117500069222,8.028354218616933,8.215305041377412
0.644,23.038514336383145,-5.123112396290796,1.3680990646280136,2.2498582032946044,-5.238847850309967,9.005643263609745,-2.817115231297838,6.794988902107437,0.1220352186083859,-5.915428896316014,7.250434586150683,-3.3473725986603933,-3.622661978667919,-3.57680512568808,2.4408814978829785,-3.243588817643814,17.43579223892382,10.520559316995326,4.292393621696263,15.153172084456529,0.3486801141743594,22.58629903830473,30.843645535677528,0.22172181723893858,20.147415084873263,-4.129557693187154,10.133544574178847,-6.355158213025023,15.438481544396232,12.160607083789357,12.02207260586651,-6.991733937399892,-1.5757505221615875,-0.242490214992123,-22.312025050141365,-3.970300078904214,19.6083503791675,-13.347161447946958,10.667326468162427,0.5534253952599764,-0.0071639285304384,2.924305677707208,-0.6486356810380963,8.193872331980641,-0.8342711164504881,6.3411374482245595,3.344151010915037,12.776938610932715,4.935168500025105,8.486488621793837,3.774565415162608,24.67194844335499,-7.172029004081262,20.60864945927572,16.32439196253891,2.2181541549400667,2.8759940935968267,-4.97249919388405,6.573667210399143,-36.35214713887304,7.728146107235471,8.16540341460567
0.646,23.825745994617456,-4.755426242781826,2.4570705173622858,1.1812779570167289,-6.275713581351098,10.910622460006447,-2.784592792732608,7.13761527640342,-0.2729173826372171,-5.163334323302292,7.578104160326523,-3.298387511841978,-3.6924970975352593,-3.4408736282083185,1.9536526908518688,-3.802451578525428,17.247290089279115,10.07129531510286,4.398644903725372,15.34781302668216,0.0559535293378834,22.879665184364768,31.17046576912993,1.8417910130115764,21.251068091599716,-2.0801342640775378,9.096962331581915,-5.599993383266279,15.304833454819349,11.918201601899847,12.240751676983912,-7.204246414271979,-1.0405991668433685,-1.2382047214132554,-21.81655282019499,-3.6987756541823367,19.761978190258507,-13.480815636476796,10.665867326647202,1.00442310944431,-0.0936966429698789,4.196789691730693,-0.5228443977142024,8.446052775940176,-0.4817118697360129,6.83381630940329,3.056476582109748,13.403589656989514,4.8131558093992055,8.008683442372826,3.68627354414054,24.425574928558845,-7.048215340066928,20.119991804813413,16.848096219256764,1.4289174018137758,2.4556826066070414,-4.832536857432591,6.644975749890552,-36.67862109108155,7.523836711379717,8.009820120739722
0.648,24.72385294846014,-4.105554328921877,3.3143836782351586,-0.2898396574183421,-7.357888620330774,12.826583989211162,-2.813781693923656,7.409236714175774,-0.5721089748192695,-4.690838566161559,7.558682550602678,-3.037062843185771,-3.70312807145981,-3.3568490404659728,1.6001619490768857,-4.526304773496288,16.827059984717057,9.590837029460452,4.759457147813959,15.2121021721537,-0.098223533896497,23.31631974119856,31.605521021676587,3.830431027269414,22.165826946024985,0.5460016900100375,7.539955905415156,-4.696715838986387,14.885016986574088,11.56288036841094,12.334934893791404,-7.542099913838283,-0.5612247879278383,-2.2016450394818428,-21.612390832998184,-3.573526252160509,19.6785215691164,-13.458288817345622,11.090792724364729,1.4619265618153965,-0.1608339395063213,5.3640503742964745,0.2761708680604491,8.556553206200665,-0.0424270335000212,7.097077070053768,3.212715561626912,13.974996825983915,4.636672206825661,7.75147904918552,3.706993650706263,24.11248358408628,-6.88028300098035,19.535651731108786,17.388480755697685,0.9473445025575304,2.280970898937841,-4.904571222502695,6.695685341067853,-37.04805664766739,7.428840941870985,7.827867136007379
0.65,25.50441652868658,-3.3744256958605194,3.818072526687801,-2.0034780255652374,-8.313417514570952,14.710944947698271,-2.9036683498576243,7.692764128555549,-0.7524963331260107,-4.488893772142215,7.1578166078715055,-2.65487298294598,-3.6694294779114447,-3.2876040778232305,1.4564262529787746,-5.357687453667032,16.13080353942813,9.18039062696059,5.326315188809468,14.741471758074823,-0.0863221432281626,23.869289279063285,32.10079428840449,6.2737769503104985,22.749406070903547,3.176688875624768,5.76896455329836,-3.816252459266398,14.20608095075064,11.184810135678028,12.263297475746876,-7.984000547518437,-0.2776305666562877,-2.912070636162484,-21.79585111056928,-3.652872386653936,19.340539613465445,-13.341886022623068,11.870173636936666,1.9475932752267904,-0.2567432810849119,6.472293450279743,1.60819574636326,8.540923634037904,0.4389035395568263,7.064952854252236,3.7222445395190538,14.443445909953349,4.435789618687438,7.647168202997236,3.8207005171584414,23.689734223390825,-6.700523253888122,18.852034085914696,17.8769224212718,0.7841074940102073,2.3789592899378564,-5.2001088438790095,6.8604941819460485,-37.509362399294425,7.422035307654955,7.699405463734096
0.652,25.944340037815746,-2.7823163404122044,3.916861792448491,-3.7603884794087423,-8.98052389010268,16.525702251367793,-3.0470116831727396,8.074747985716078,-0.8214801643808507,-4.513738600245083,6.418539429662639,-2.2405452001308075,-3.612415584405571,-3.166990146111374,1.549262301551649,-6.23135702252077,15.163667417871508,8.924340238959594,6.002764024759257,13.95610239068112,0.0702565002378283,24.504341085415597,32.580249681561575,9.199757227125712,22.93360690816604,5.28415664861496,4.13559445815665,-3.114096154063248,13.347527202164962,10.85611437897748,12.009077617438898,-8.496261532108074,-0.2910719081633984,-3.217606802503953,-22.36375634948192,-3.979560200303284,18.76724428985193,-13.208122119909527,12.85439253499838,2.519441760429675,-0.4354418903028018,7.589156201010227,3.183508210651232,8.449673812663898,0.9196802387381244,6.726992012323274,4.418268882341647,14.771865306471732,4.242904306852188,7.605071387345754,4.002469251715745,23.1719962828524,-6.543919921223591,18.057411226076542,18.26713916210869,0.8847115424382116,2.7514043886709034,-5.694849419321098,7.255279684248403,-38.10410072738243,7.449424109820082,7.688443109447644
0.654,25.87762962258559,-2.5122558464431046,3.631467511039207,-5.359720424895958,-9.242841604525124,18.23546669626509,-3.228351661824224,8.618615558400894,-0.8112129570921168,-4.710004715924287,5.458340143679865,-1.8616614670679617,-3.5462298605069216,-2.929342873498921,1.8562122011162596,-7.083769637655648,13.9846670072456,8.873295275828005,6.662644640101943,12.89426337968195,0.3015096334226297,25.179275714264502,32.960460918785294,12.564610516552857,22.73230655282165,6.496972036825742,2.954624452327709,-2.699595209058247,12.424791714504993,10.62163972962405,11.592535454936597,-9.036136316102835,-0.6374623658632079,-3.0727438039267065,-23.212979445228388,-4.56695777451677,18.01281393661879,-13.128292992371303,13.850794312582796,3.246978119762584,-0.7399074096461061,8.79188599057588,4.629520177294551,8.360568018595414,1.3626248054631216,6.128514489037722,5.099543474618301,14.939912630313561,4.087944085670033,7.538103141177336,4.22039152423977,22.6213268843043,-6.442646254951151,17.152971343948185,18.545340031052515,1.1494058828968574,3.375098822648904,-6.3328525255768735,7.949887154094857,-38.85777428989508,7.436065898792663,7.8310724854247535
0.656,25.229428433228463,-2.664604044019445,3.045293130642196,-6.636905229250105,-9.057997277332086,19.805763202882225,-3.424759419165085,9.344178410836934,-0.7646535052199531,-5.031870366075332,4.446079910751822,-1.553385846296763,-3.469834120391737,-2.535904108693731,2.317373940873722,-7.860945200246008,12.690957164372136,9.039744831589022,7.175729827877748,11.608037203050758,0.5030192776865477,25.84305354183284,33.17574091456553,16.25723580979547,22.230256558144443,6.676253044264313,2.4327109009827748,-2.618474506809513,11.567501573318856,10.498926980074057,11.074324916061812,-9.555883286585937,-1.276152024038458,-2.544922421036319,-24.167110486137545,-5.386048405114395,17.156751025018025,-13.150014289218667,14.66488300019712,4.183282715523534,-1.187790579012661,10.14735363182096,5.587265592142469,8.364459862779468,1.7356482348901343,5.358434742233218,5.584220487999405,14.947970183664196,3.9947560903216512,7.380436787567202,4.437589274025983,22.122646464624356,-6.421157439607864,16.173677073270767,18.73079665110083,1.462428355983989,4.202080869960588,-7.03711441440893,8.952387521635117,-39.77197445743229,7.303800228059785,8.127329554318335
0.658,24.033572813616324,-3.227828115184633,2.2836706063611376,-7.488526425989876,-8.468269872448536,21.198436950351724,-3.6068022291485513,10.215196886688975,-0.7193155393436902,-5.44969453102982,3.568722814713943,-1.3185207383066506,-3.363998031130329,-1.994334575070648,2.852385040436459,-8.524346165963543,11.39358419691315,9.404635031886516,7.4340511118709705,10.160581230986374,0.5592522291578397,26.435753646003004,33.198859732389984,20.116061834619323,21.559088712692773,5.934547968121051,2.6255721750017718,-2.8497876585822057,10.893742792623383,10.48435474034538,10.5467315602498,-10.009830046737704,-2.0964450826939283,-1.7954329608838018,-25.01652882661168,-6.359849467969339,16.29144722953781,-13.285061869655143,15.142597719082111,5.337008652895632,-1.7670429704403334,11.696184949913198,5.798944734612347,8.545245123681902,2.010718521953712,4.52870329635849,5.75348868557838,14.819769849461597,3.9784921558124333,7.09717244974449,4.617303149032319,21.753387570287405,-6.491371841228867,15.197218840893818,18.86935991425433,1.7234835288005368,5.16175778322353,-7.7266047657200945,10.206936950971588,-40.81784502574836,6.990838280689771,8.541521633469314
0.66,22.43508325024457,-4.083155597547197,1.4883017863691397,-7.88340772489753,-7.593127171659408,22.37056100228781,-3.7425943034391524,11.141294631166216,-0.6930652271440629,-5.948323291897879,2.99223874982239,-1.1348758044918004,-3.193310882323997,-1.3636310585038556,3.381057817556363,-9.054329102336672,10.19191309879114,9.928600872243518,7.374044577048811,8.626975400067609,0.3740183468118281,26.890357926528356,33.048218446241655,23.951364843583313,20.86583071381034,4.589334797202839,3.4354002256130034,-3.317569525002426,10.486339925433622,10.56110516206403,10.113235459373776,-10.36494880870417,-2.944651705585009,-1.035667189106554,-25.5664243477021,-7.37103509745709,15.507910884249402,-13.507376385021956,15.20218725746536,6.656244485991118,-2.4418467318285364,13.439190289723822,5.178573495418365,8.956930036274004,2.167849215024866,3.7494937874537615,5.576920686345751,14.60089541734601,4.044753310392409,6.689396706975805,4.728795260870096,21.556353194013766,-6.650344252850454,14.33852074048182,19.017208412097386,1.873260480554282,6.167245441420518,-8.330619317058341,11.60468555755876,-41.93414625889013,6.4694208285386665,9.010016135454636
0.662,20.65830823023078,-5.038428523154527,0.7918872291213079,-7.8583769419635825,-6.607147168583534,23.279443558985918,-3.8031729405042842,11.998442763670653,-0.6766421227578655,-6.5147491679039815,2.828460724513568,-0.96676503714857,-2.916408358471548,-0.7393768058674012,3.8436931423896734,-9.45195585013018,9.149931846765616,10.565240589757224,6.988715073596873,7.094033512996528,-0.1021816192019987,27.13854484250519,32.785334700987526,27.572058728052536,20.278680280401478,3.075649172052848,4.645812092883493,-3.9119866515546127,10.377502587794975,10.708733819013634,9.86560167174689,-10.60760222536121,-3.662333875587933,-0.471360651057549,-25.68182775661769,-8.279731230617909,14.87893925126258,-13.763337785175288,14.84821134238976,8.033992602017815,-3.1646175634521763,15.328178697472786,3.8440072549416526,9.607188450721656,2.1977923193432365,3.105108171197504,5.114786184937633,14.351493697135702,4.191498053206335,6.18371816719751,4.75095674578438,21.525085056838748,-6.880895848447638,13.729717771651808,19.22154693976653,1.90476655872311,7.122326757823792,-8.797032194100634,13.006903822597694,-43.03304703266342,5.757960969498672,9.45540489246577
0.664,18.95716753690634,-5.877890217038082,0.2953970347867163,-7.49964097939501,-5.7043176773911,23.89109819750528,-3.7684618759486934,12.656574003118031,-0.6361300684305612,-7.122321019202144,3.115767308672675,-0.7792872319156874,-2.500717772354052,-0.230633024589769,4.212523762726347,-9.737302919773436,8.288352136074383,11.270370204899391,6.3283297500353655,5.659334345539924,-0.8567334892532972,27.121372847037037,32.49906199497171,30.812891350022163,19.88143930696556,1.8367970535904268,5.9816943685249,-4.514608086645762,10.545732438744926,10.908606971716392,9.858442631553466,-10.747345155284162,-4.1223918616806285,-0.2517583255974049,-25.316946376200256,-8.951000914074724,14.446511894153923,-13.989789749137334,14.16381308132836,9.329192514874917,-3.888931430482431,17.268161923389233,2.088863023087715,10.451598541934226,2.103886091978883,2.638167986542904,4.492026513932389,14.133329209575566,4.4122613516529805,5.615210032459686,4.673484617144896,21.606563929981647,-7.1549013226902725,13.490820175702272,19.506704658878053,1.860455295862859,7.931538046553274,-9.09729320178002,14.27406417907681,-44.0083825769186,4.9187291490201215,9.8026404142836
0.666,17.561632194721888,-6.417394839441785,0.0532459468882658,-6.917195065509712,-5.059421170130023,24.190368240886865,-3.6306539083134095,13.012149478208489,-0.5262324668099989,-7.724449206481592,3.818304870336397,-0.5509633092897434,-1.9345532417685345,0.0672459548727704,4.4948803086997975,-9.945625783224624,7.586556625022729,12.004841785315431,5.489025627225845,4.427434955901229,-1.81456542495544,26.802052693267942,32.28001001251182,33.554244495530426,19.70042769393381,1.2178517475468436,7.178457494839482,-5.0222877296286725,10.92289127339454,11.144912246697032,10.08901903147582,-10.815672737687407,-4.259677184727406,-0.4303032925769332,-24.52448276247598,-9.281762469452932,14.215517044741231,-14.1343812407879,13.285892792575456,10.400397846211623,-4.5819584089128815,19.129106213438494,0.315301004882571,11.401416991343904,1.906684945178985,2.344989328000808,3.8583866098150414,13.996725765057292,4.6997685857359945,5.016183962409346,4.498600084224841,21.718791247954563,-7.439408266820006,13.699512589507144,19.8662586962716,1.8168765354815797,8.510380438793677,-9.228867128362351,15.293576305313705,-44.74981848752478,4.044169112698494,9.992912447593362
0.668,16.63229965615859,-6.5482892796361885,0.0691301113902149,-6.220534729604787,-4.795516843543731,24.194005520176827,-3.395654772850442,13.017423439167608,-0.3087520819722943,-8.253112548294622,4.840206471973607,-0.2817329915274581,-1.2341529901336616,0.0968601816706893,4.725000791995647,-10.121861345170643,6.991746911424958,12.734778835277195,4.593654318035395,3.4994859253197395,-2.853353012633728,26.17960624279821,32.19498862680305,35.73401633752101,19.7053286459515,1.3883950990068838,8.04221745764647,-5.361653072578601,11.40893413037857,11.402169968812402,10.493624778134484,-10.857784888303025,-4.083678696827408,-0.9491427102548756,-23.440925664449946,-9.223222208357871,14.156134339658216,-14.17381279168772,12.370041353951471,11.141895537237376,-5.229412421959044,20.76438474169324,-1.0696321039333032,12.343121172169171,1.6450854961164598,2.1821033901382485,3.349871586002638,13.97326761454454,5.048099288149018,4.409334944063863,4.2405578008894285,21.77771105370984,-7.702444847530277,14.368359791981836,20.26533126069004,1.858180282798382,8.796348770497076,-9.211761585381996,16.00051193509045,-45.16429476256573,3.238285436045788,9.996655267950269
0.67,16.229729473751103,-6.25967004240484,0.3004862069796893,-5.497701903152705,-4.95913050114094,23.95835629127417,-3.0819456183490423,12.696615029387932,0.0277290939591124,-8.62741168002225,6.050568062153569,0.0052458359723797,-0.444003675183415,-0.1498301047348177,4.947647156218324,-10.313552346602863,6.442278396052948,13.42904656862749,3.76753387877595,2.957531824220282,-3.830639203341119,25.2971591717596,32.2713218390915,37.34727536929094,19.825374872411626,2.311022772232086,8.487059166205235,-5.496920961851497,11.892295453151178,11.662044940990327,10.960106778543867,-10.92331238070896,-3.670572743213896,-1.6544188062612395,-22.25277726237755,-8.797262575863058,14.212423038436112,-14.122747136859756,11.552332945546183,11.511862533086996,-5.82997453153886,22.040002695744683,-1.760273268301786,13.164665821693788,1.3717585235565564,2.0821968391316696,3.0500781103326564,14.067581846222044,5.454400923517516,3.808397250790336,3.919081926251212,21.72654999387196,-7.918092724355544,15.436362921869504,20.65166359952952,2.0484711541463128,8.759497878078204,-9.07777976080979,16.384916138227897,-45.194509036456594,2.594188181931909,9.82062723464522
0.672,16.30300770929839,-5.635442479886725,0.6695114310653822,-4.803529895976726,-5.515834201422443,23.579558207181776,-2.7183871982972962,12.1435451057879,0.4540957427285216,-8.773714722269805,7.317134786293995,0.266617063561213,0.3733980473311465,-0.6334018002086178,5.201708079706798,-10.562810315462151,5.88761021156964,14.054050684299169,3.1147534356379176,2.847424224968341,-4.614015250393417,24.241698302460904,32.491495042857764,38.43253825625783,19.972256620367,3.7599548146452384,8.541579499848849,-5.429464600571055,12.270737375257712,11.902406389512498,11.353316642763184,-11.05172690777759,-3.141506959574871,-2.331567331920331,-21.15558048082664,-8.095978468922405,14.315707023616858,-14.032638064114366,10.91975550893462,11.546056310335784,-6.38544760900717,22.862219037620125,-1.630574400866866,13.783671537279984,1.1464990032671811,1.9749280709017247,2.9732999639122326,14.252281208769936,5.919329310008816,3.229283023851953,3.553293348641295,21.55489368182392,-8.069593572575164,16.780921908103842,20.969109950838828,2.411701635660287,8.40923978608285,-8.863760563700357,16.488011580405086,-44.83329838784884,2.175276647222835,9.505295503225057
0.674,16.701687640862968,-4.827666201407267,1.078400214228038,-4.159988888989983,-6.3629976799557255,23.1834002664086,-2.3397481999940726,11.501233859006057,0.8993290810036693,-8.644485572609318,8.531760519221766,0.4486368921124142,1.1515024365448334,-1.2818882168985013,5.504195225482116,-10.8960684256648,5.299791245014987,14.572820415779198,2.700831744778408,3.1670775827981226,-5.111150424189977,23.137586505915323,32.79914785800242,39.05681549305558,20.067000772583,5.384702905462769,8.328104044810724,-5.190288091750398,12.469593257123448,12.096159441261705,11.548822550852726,-11.2588416556115,-2.6281557392420414,-2.756542042044001,-20.31064846720706,-7.264907655981462,14.400549629665344,-13.980235712818727,10.49608028818889,11.350607604330444,-6.888104095179672,23.19750484838745,-0.7662123708274379,14.171066884837757,1.0245771684130698,1.8060618801790753,3.0729319394163674,14.472616341575161,6.444561265536172,2.699729888579171,3.156742546368545,21.30163781540755,-8.15014076036662,18.24506022479109,21.175007575058928,2.9226986754951434,7.794482305099088,-8.6079628419349,16.39036308606262,-44.12984341967507,2.002955039022316,9.11667912598146
0.676,17.21063971222073,-4.013749710120734,1.426576486834422,-3.5639586370061487,-7.354424067798759,22.904386618204317,-1.9828785873515624,10.927250985329978,1.261564382311846,-8.235154635569586,9.626595870180752,0.5005126319202843,1.834771345009448,-2.0130245843451906,5.840392735483555,-11.318634479776152,4.68142835989376,14.948607911363933,2.544144045626941,3.860588509160744,-5.286515310342755,22.12876546219594,33.11663494096064,39.3020161347839,20.062918900507164,6.793120481948888,8.0207750751209,-4.830464567820779,12.451049753718069,12.217577633703408,11.466013818265436,-11.530848570240762,-2.2368968813194905,-2.750012785950972,-19.813808943809363,-6.476751242655594,14.41798231523788,-14.04834487938566,10.24303089850918,11.07370394340289,-7.310016432040571,23.083769832889903,0.5571501808242915,14.361350297915225,1.044723335302656,1.5505367909948982,3.263615066792773,14.65922581893766,7.030213353803081,2.2604873629670834,2.732165960091013,21.04356286723709,-8.16237146688356,19.67182706657985,21.25280312473944,3.5102550318337675,6.997976457449251,-8.342768606611356,16.1922643443074,-43.18569421505509,2.0554566485286645,8.733427797655725
0.678,17.597522694815233,-3.349020816652908,1.6278145517426088,-3.0007135459396324,-8.329882282029557,22.858859664287287,-1.6824025342342352,10.553424375795252,1.4282496687471486,-7.593563651817572,10.577306246047392,0.3888102573618002,2.3908940914612278,-2.756431286489785,6.166656199426631,-11.81112715401463,4.061953469990243,15.152296974892309,2.617014222909028,4.820550801368381,-5.16315193089967,21.354283819266364,33.36873777714703,39.2525287835404,19.957571084029748,7.638791974081002,7.794956213846521,-4.41098997144178,12.218867737733026,12.251769080870403,11.090644822272662,-11.822524984300314,-2.0233088603560367,-2.219226591075371,-19.684204033731216,-5.896494877579663,14.34426797667512,-14.303042839142506,10.0776059096485,10.86526417366164,-7.601144507411126,22.62704088785413,1.940727434293884,14.442970079762029,1.219101071416293,1.217557086880353,3.45376793390254,14.739378745022858,7.67292359564785,1.964423308157268,2.269573164313647,20.868095603963493,-8.11520500376622,20.93759599988225,21.21378390574653,4.072099905241046,6.125761144800592,-8.091750178838769,15.993505701548338,-42.1386892268741,2.277283877067172,8.427428644305966
0.68,17.663104327626368,-2.931552567210262,1.6243251927776716,-2.4583274824040178,-9.145922673847336,23.11685708478649,-1.46749598374466,10.450156573078612,1.3056721067249095,-6.813990445863509,11.389798837330956,0.1073006175634135,2.815538175484012,-3.469185971164404,6.419210389486929,-12.32992701677304,3.4889733888231707,15.17473927321758,2.8555406769646505,5.902879580277773,-4.811273629875342,20.922043069004975,33.503604321484815,38.98383442822407,19.79173289717339,7.692251095954474,7.783449197894054,-3.991731253389932,11.81659661922936,12.199328745326866,10.481530012102075,-12.062153916434328,-1.981211240978852,-1.181396410915904,-19.86770470886087,-5.649366307608828,14.182295920433807,-14.773249624087429,9.900062957090404,10.836007528987771,-7.695385170857209,21.98290216144336,2.962528152188035,14.53497848078023,1.5290969932086818,0.8450288449977637,3.5794032100884774,14.652873528602257,8.361944664227263,1.866393782766776,1.7488272763353985,20.840746427094995,-8.019781360425323,21.973470251134955,21.09157991734221,4.498949372802845,5.29067176629245,-7.869858509386461,15.878899573589026,-41.13822886030506,2.5959477700188422,8.244726699893933
0.682,17.289570933197428,-2.782242549675371,1.394984622434619,-1.9374363728533244,-9.70135818196056,23.67860391518878,-1.3585042545948394,10.60599594317693,0.8461505558841287,-6.0209395276658615,12.083823402809802,-0.3182429402762315,3.1310696416987667,-4.14207406963121,6.528195482767803,-12.814157390333058,3.0177046956341558,15.037851592330938,3.17605766854882,6.949859011609727,-4.324666788879531,20.88767550166503,33.504532895490385,38.56210278880277,19.63777536585577,6.881429420462887,8.049995225343825,-3.624893211592608,11.317098741384184,12.080961071543566,9.758354411345076,-12.16653060437546,-2.050895645131068,0.2375777725653219,-20.25975096383971,-5.796089378185354,13.958032444512114,-15.44065426707572,9.623094741293851,11.02661344932008,-7.526989689791153,21.32851167941452,3.287002622073074,14.757513395835648,1.928490378590403,0.4867912154586362,3.625178811576115,14.367994815497273,9.079181428310823,2.002098056141527,1.145063973065008,20.977192427592826,-7.886888691752229,22.76717394036408,20.928649355096876,4.699347235674542,4.594594041583137,-7.683638981069595,15.910266324196575,-40.31768377418854,2.9388291298337754,8.190646940441466
0.684,16.468509730676598,-2.8476605926257403,0.9608489556508348,-1.4497781785832249,-9.948654217439962,24.46606969283325,-1.3662343763877947,10.928488731759236,0.066258407640379,-5.344005134369704,12.678232973454644,-0.8339043568985947,3.378758011670952,-4.789511964389759,6.436478081937514,-13.196272201502886,2.692561590075535,14.798234615760204,3.4934362837873225,7.817461628752087,-3.7939901250509416,21.242596968958274,33.3921168362224,38.052705114625574,19.578536506955466,5.29652984058136,8.58474705350281,-3.3485167415292505,10.807883791975552,11.939413092441258,9.076056622688045,-12.059113188835436,-2.1386169411906923,1.832677459050555,-20.737830589385545,-6.318637183293585,13.71085981329676,-16.24019571984811,9.197391401748972,11.395398754496094,-7.054567554253088,20.82955442226984,2.7519354616284386,15.198319700009131,2.352349185147365,0.195718164098193,3.625010070431366,13.88952004895038,9.80196671328306,2.368725814640095,0.4375503603867156,21.227680959036007,-7.724246178144126,23.347032336383972,20.76288562501813,4.620508414021392,4.113996464693931,-7.534354471695567,16.1268036129022,-39.76900592207458,3.2467803472521264,8.22396334746779
0.686,15.304652333188695,-3.02727187973637,0.3832941935420322,-1.016582438893035,-9.892828186912483,25.33322543592989,-1.4901430715415094,11.26513680350181,-0.9497980454786882,-4.884723266879025,13.17309889225136,-1.3662582194260176,3.606440506039733,-5.432406637450735,6.112500806505715,-13.41290385457434,2.53493527851148,14.542722150943064,3.7371380929857025,8.400083870328007,-3.285045277476749,21.91295508144145,33.2118829721866,37.52608920618671,19.682611347637263,3.163705245584344,9.316426434701436,-3.180453910748481,10.37485797189143,11.834315835258984,8.589510505894077,-11.688092528894936,-2.146599862792386,3.3661944163656523,-21.19248349631628,-7.124864796093705,13.481446335859168,-17.071375604270592,8.625392905782531,11.829056297056828,-6.27994598818273,20.60917243527093,1.4069997852707767,15.88672760382423,2.731391007398924,0.008113276997275543,3.6486341507769455,13.25703199720789,10.505770387592982,2.9106137966784864,-0.3802913595941555,21.480393997108912,-7.536225959725948,23.75326194721996,20.61613301025036,4.258417723871676,3.889680160653388,-7.418246476380649,16.550801464155168,-39.52516283233006,3.483721707249964,8.263689428027943
0.688,13.999960006597368,-3.2075954316679565,-0.2466115081062477,-0.6629745577374192,-9.578148964316863,26.09181930631384,-1.7168509745250875,11.443428517392563,-2.0631539899755347,-4.69343393375968,13.54381936810207,-1.8375041471414544,3.856072026829816,-6.07883660524414,5.555688006240579,-13.416243069157956,2.539903444994057,14.37567824454635,3.8619066076155395,8.646941703205492,-2.822935720347365,22.7728147013386,33.01624272424734,37.05969918514012,19.98377611588924,0.7961797583980339,10.13913828508387,-3.117438142077483,10.08761318397811,11.828366227450054,8.416293395239101,-11.043709456716856,-2.006093613246557,4.620169141938613,-21.55384285668073,-8.067732885806102,13.299557897516278,-17.819183994643854,7.9594166219500595,12.173959146318184,-5.260215461321411,20.726362857743112,-0.495950632652143,16.784125414834847,3.0073570362518973,-0.06704387537513445,3.773354443453089,12.539636466995159,11.168193285519175,3.515298375095792,-1.2944775133388726,21.58345235326599,-7.325243812772295,24.005790668877747,20.48562742629546,3.654710025801581,3.9213332457520496,-7.327359635547504,17.195539015557767,-39.55489086461308,3.638971525971775,8.20313840646223
0.69,12.810893521001338,-3.301282133801756,-0.8244934175136218,-0.406565651414246,-9.07051689987452,26.54851272232079,-2.0200000415337365,11.318356760161684,-3.1070010843490725,-4.757236054639369,13.7518254772636,-2.1846132943508545,4.155472424420862,-6.707596573380516,4.798597557997823,-13.18401681324272,2.672523323775288,14.399333344119372,3.8522906332497002,8.567679402293702,-2.3891364107278683,23.66989692550718,32.84642515754672,36.73836475147816,20.469480946091345,-1.464184463510332,10.94241691567152,-3.1363545480862443,9.989842848244312,11.970771517635836,8.611870458701812,-10.164982231218431,-1.6913801630958525,5.447696713860445,-21.801807831068167,-8.97374328371259,13.17606694697636,-18.378611165497016,7.288724951906178,12.279372396408354,-4.108054732055815,21.16943212730549,-2.5648749820078587,17.790348097748307,3.145661566996355,-0.04998408647269745,4.048703676217701,11.825850018707941,11.774008702644714,4.02511687583713,-2.267518081067122,21.381887140247468,-7.09283881235357,24.079277234268638,20.34439159321157,2.883003237497133,4.1704693444522585,-7.252441167292609,18.070710517058323,-39.77235199152432,3.7207308762198408,7.934925318301286
0.692,11.992661730046818,-3.2727355586058686,-1.2484501494500848,-0.2509124960147593,-8.438819058192117,26.54718957253499,-2.3624235568766707,10.814375280024104,-3.921286274109873,-5.000156405171256,13.755753461807616,-2.3743968941172624,4.514231990946163,-7.265512355808625,3.901705695068405,-12.72548087548691,2.8745692451763984,14.689588897137408,3.7204192679866317,8.223075826454775,-1.933142807008173,24.457165743734983,32.717427229230275,36.64828939242848,21.08160656774013,-3.3042642093305554,11.638079584796923,-3.199756258737874,10.0919930868606,12.285342040592814,9.156617086365992,-9.134624566933327,-1.220146731299398,5.801877967247737,-21.95923653405692,-9.67778199754904,13.101242403231636,-18.67691968412966,6.71919993095812,12.038834268112902,-2.975213416417442,21.86468742467761,-4.364659631055639,18.765355803484592,3.140938344649569,0.01630329775711406,4.472188775681471,11.205155626657035,12.316470673313972,4.2661524477655215,-3.238352135452084,20.75684094991794,-6.842057814404046,23.89696434114574,20.15026341468541,2.030069611965062,4.570068864054418,-7.184338730985025,19.180213635789062,-40.05866771508748,3.7461486715946246,7.380993976862434
0.694,11.742762967529613,-3.1442750364549874,-1.4389224140262675,-0.1827435780042039,-7.739776089199087,26.008141229674152,-2.699564696371514,9.951412940984948,-4.386950401934768,-5.303329808895788,13.523602291824451,-2.4107523236819195,4.925760894470388,-7.675326226484044,2.942323342321237,-12.079008751201275,3.0779746419427103,15.276532237434964,3.498167681016463,7.70299046761474,-1.3908386253767155,25.0211636244413,32.61192347311154,36.8586093362553,21.728862963866057,-4.483145885118101,12.1745629619568,-3.263459745656023,10.371310205876435,12.759975602582072,9.960977271007383,-8.065585245698712,-0.6477981842519857,5.739224380001414,-22.077600966954048,-10.055309304916229,13.046983171754713,-18.68952229515877,6.349300095852889,11.420060695809031,-2.025028893225784,22.696812541286107,-5.520642814644575,19.563043337201695,3.015149643569121,0.07911237082962244,4.982663803358543,10.750341655152305,12.796919820108853,4.085656688808318,-4.129615291952133,19.657004035066507,-6.580029951496833,23.344883876998846,19.86164255900784,1.174426373883492,5.037471795992143,-7.116450749315074,20.51903387584138,-40.29153359259546,3.733591337826551,6.516088451064215
0.696,12.157751309535769,-2.9891328497424228,-1.358912026080248,-0.1750143853350707,-7.012216202817437,24.951465171281637,-2.984571101613565,8.847186887547219,-4.451471092495698,-5.537817995516205,13.047169718903673,-2.3341748163859566,5.372674684330439,-7.856096565991926,2.001214776315924,-11.30562621511674,3.219811695248388,16.13643764588265,3.226002164175995,7.103413239927897,-0.7082792464656673,25.30166548592625,32.485608748113194,37.40237969354951,22.30839077553564,-4.8621227704516,12.53756556439121,-3.284755957153958,10.779638411351849,13.34271016019287,10.890454419887623,-7.078472902359406,-0.0466267067131015,5.399461118638067,-22.21224850187081,-10.044416785359576,12.97401566639384,-18.4447869944902,6.248650676213396,10.47651806754559,-1.4001143963474416,23.53616560618368,-5.805416890180286,20.06607236283668,2.8089356230585,0.09115178283507595,5.472803491178994,10.504307822831102,13.222897443110375,3.390796971330313,-4.861177370328456,18.115866838473615,-6.3180189552459005,22.302619843237125,19.45266244617609,0.3700500539079524,5.487775612209963,-7.041631301127594,22.064939866231427,-40.37494056793798,3.6966484908088457,5.380358833171631
0.698,13.206470707143666,-2.906977641501641,-1.0244342202816945,-0.1938293185053028,-6.280838347067273,23.497412305175104,-3.175906976938447,7.693211183955329,-4.138806558112062,-5.600700775653639,12.345937454741444,-2.211384319355157,5.834484419603117,-7.750487232253282,1.15123470610091,-10.477642544771356,3.262897878641004,17.19255183803953,2.94271226822873,6.50623973335669,0.1375001836277804,25.302201924743446,32.2799649576021,38.261006439974,22.7292417283858,-4.414934460087379,12.741662917789156,-3.2337595898022413,11.2532878980614,13.951185729748614,11.79619881929617,-6.278017069092042,0.5207335137435753,4.963400677972986,-22.399795474976983,-9.658452919941078,12.84306789198233,-18.015343843349815,6.446118848355617,9.335233192611932,-1.1935970214201672,24.2693174539347,-5.183484377328607,20.213122756259985,2.568496648784298,0.02483151003851905,5.817577168002404,10.472772176109114,13.60519478934295,2.1806157111479223,-5.365879639348805,16.24973396534953,-6.071400295994673,20.68413395888073,18.92712320070741,-0.3588164779587839,5.846067132995321,-6.952022933628192,23.766178095887824,-40.26228175165305,3.638684053292384,4.076825639480991
0.7,14.725308594233525,-2.988271735561861,-0.5034926569003613,-0.2071880319197994,-5.565707858860503,21.84602252078364,-3.2455547460873477,6.711936441351695,-3.541899381389154,-5.448394355772985,11.4641893663169,-2.1174789985451863,6.29746949907759,-7.347584809202472,0.4466257645696025,-9.666985877166988,3.205525931255414,18.32958937694162,2.677767820620655,5.964394780824526,1.1280498252863318,25.08239080460789,31.94053537192317,39.35377838075887,22.93269721313693,-3.222232974452007,12.814783852556488,-3.100905568283463,11.725974274382908,14.488206866324138,12.547024597816948,-5.730263677844658,1.0191133653113045,4.604450677631282,-22.65067601080731,-8.979633239783563,12.62576676808893,-17.499646640391443,6.928402339238348,8.16338466100196,-1.4297075176751244,24.822482274724035,-3.810892639915864,20.01023982392593,2.331304763341614,-0.1185536269555669,5.917138039121814,10.623478040232026,13.953696045540006,0.5564189397880859,-5.604333930847979,14.236703506073804,-5.857803192998162,18.476935789118663,18.324610894466613,-1.0141891040241886,6.058681026369882,-6.83938209348094,25.538365728801946,-39.96613001372845,3.552360655314254,2.753423674638157
0.702,16.44401488472071,-3.283681758419138,0.0924669038707044,-0.1933915063100935,-4.890325426771872,20.239242234369208,-3.1858216136555733,6.1031914584726135,-2.802101244141908,-5.112622027148402,10.464039347717916,-2.1163490686212745,6.7598106380918255,-6.693154808560543,-0.0849455946364917,-8.933334426530832,3.0801653026076745,19.41920930956743,2.447111837402346,5.498944770122143,2.203606396514333,24.737058038506422,31.43325578236695,40.54329379331866,22.909095638460258,-1.459287764337286,12.78234252937448,-2.8997013867254964,12.141510045226855,14.863547393431444,13.055605090435524,-5.446798365083499,1.444763781817125,4.444189907514792,-22.94871127050717,-8.138480441797748,12.312556198121982,-16.99812723626575,7.6471780438026355,7.122900584308754,-2.059028696330814,25.172878456976548,-1.9851271567863868,19.52608451458846,2.1174286092791603,-0.308327229321558,5.73046376112945,10.893580487677042,14.274939127038795,-1.2899736939206583,-5.574524185818188,12.28187945052881,-5.694655053720997,15.766524307252276,17.713295773542132,-1.613905819570475,6.098925105270727,-6.695953079461594,27.26701246190485,-39.55446383812904,3.42469224065909,1.5752462255256976
0.704,18.04058172067064,-3.786414371354325,0.6257284974303174,-0.1429301225857668,-4.290105278865835,18.910059181170464,-3.0120066934344294,5.9953781443613,-2.076436614820951,-4.698778682113586,9.412357994224465,-2.241015890678591,7.232859106578932,-5.885420210343765,-0.4433221064304892,-8.316493304176477,2.946007023999848,20.347716455772293,2.2539436758580833,5.105183306101194,3.273296016578552,24.37065827382053,30.75263221218967,41.65617954927696,22.700342884360243,0.6259980552577408,12.655851820757569,-2.664815351011299,12.46164122851884,15.013945929497924,13.290904070437184,-5.383619780900952,1.823519887078848,4.523594439227671,-23.26140873610725,-7.284652344425365,11.915307804945009,-16.58852328659675,8.53120670113781,6.3299446052134165,-2.971748295783452,25.34675669464949,-0.059524759530571,18.874488333511675,1.9248294880634065,-0.49295870845201584,5.295578240408535,11.204485798786255,14.569554146444435,-3.1078138818462926,-5.316085868485185,10.577566534335787,-5.596702195343138,12.739369392260912,17.175854708697344,-2.178115175358573,5.96521450001661,-6.514921860169831,28.816281948548447,-39.13187591259338,3.243449056387956,0.690245678616748
0.706,19.203103505575346,-4.431685063419193,0.9596948071977957,-0.0565011929875617,-3.81515608760268,18.033657301345286,-2.7616889257609882,6.412952658628848,-1.5042333106558017,-4.364589970604748,8.37007837515166,-2.4822649446355936,7.739843914223179,-5.055632297236244,-0.6532872123888058,-7.833842880593767,2.8696018046210807,21.039653286660283,2.092618097114877,4.766103924353602,4.23716771126868,24.07056390699351,29.923660138023774,42.51208518073912,22.38774594940996,2.7473412621554423,12.430650911960218,-2.4451899560335453,12.67172597098346,14.914765069874017,13.27964179165291,-5.4527078833204525,2.194826365365174,4.797439372008126,-23.55876586453199,-6.553529359580248,11.465056237774716,-16.30821950513141,9.502272176276213,5.82474159720871,-4.021066942169946,25.40476347330078,1.6419986989169113,18.185583769548565,1.7313462349570317,-0.6144369866783715,4.730699433989355,11.478232533026427,14.831313083944611,-4.635082320549891,-4.905393832171324,9.27006557762864,-5.5742728634299255,9.661009521171382,16.79407713572783,-2.7162260029763523,5.675401398013043,-6.291920352215247,30.04925870637864,-38.81280809248912,3.0027801156058835,0.1959060338305017
0.708,19.686450537700157,-5.108872719893297,0.9869520800881344,0.060286918343729,-3.5231293690024037,17.688908674628262,-2.489944083962268,7.267671138992878,-1.1796215854808594,-4.27706118062134,7.388299715331313,-2.789074362850013,8.30814106676422,-4.336268743354199,-0.7585899248053303,-7.480417482203522,2.9037348743176423,21.47246783963801,1.9534788412627817,4.46682837920074,5.011315535337302,23.88751863799949,28.99737320397431,42.95865019310351,22.07110774108052,4.616070129549128,12.091457912033311,-2.293414060835528,12.780449743943937,14.58533465230106,13.091340438207206,-5.543405884631798,2.590665814077524,5.151342355613104,-23.830203198327904,-6.038653213675474,11.005608610770985,-16.146478342974724,10.488529359466025,5.560159557802806,-5.050611377976083,25.423206421928835,2.8961408743743537,17.5755886203589,1.5063504562872103,-0.6251788685279003,4.212174911356186,11.65438353706363,15.049765455349672,-5.658022493142859,-4.441287852674829,8.439016671431071,-5.631557334731751,6.835115559471549,16.630418164976177,-3.2193850165913864,5.263814456981865,-6.027361534662947,30.854279694422576,-38.69377033242188,2.7052579614261405,0.1166940106569843
0.71,19.366456464015453,-5.690087026352924,0.6502073914773144,0.2065442001405669,-3.4681498823561427,17.842449862817993,-2.2586727845687657,8.376848024263248,-1.1357884649042913,-4.567195536270068,6.51041156923814,-3.080480226665512,8.960111478071846,-3.829492233829944,-0.8100918674357683,-7.233844400178165,3.0709724003591248,21.674877843686364,1.828458354300107,4.202110045117251,5.551208604608482,23.825890986494084,28.039508844358355,42.90809594375095,21.845229274405327,5.977163586657763,11.622534343509054,-2.2551247630226605,12.814877292477073,14.085124844058589,12.81463523876246,-5.549917351868695,3.0161050637083093,5.436811097273006,-24.091942760750264,-5.775316141936924,10.581963647547756,-16.048588723490415,11.432035392821604,5.417089714461772,-5.923994077461821,25.472792567031178,3.6283529960225422,17.124253273081553,1.2240537831049725,-0.503828700034956,3.931322700544656,11.7017665745438,15.213766916768678,-6.056931803392195,-4.024509924673843,8.09282358762751,-5.767003200240631,4.552633271486664,16.71093518390849,-3.662904658750321,4.776268689774415,-5.729107209211281,31.16759515667492,-38.830815552943925,2.3619505068423536,0.4003196328179579
0.712,18.277322156463853,-6.062965665740315,-0.0452383551431345,0.3933071029679333,-3.684584001585246,18.359221699954904,-2.1231391018883805,9.502862003203054,-1.3461963212821395,-5.293410589263325,5.776461402913239,-3.266614435892788,9.70385002802896,-3.582465568042135,-0.8539889831148341,-7.063829061244124,3.3514862110732317,21.71340988086492,1.7157151521838014,3.977839422569432,5.866279380935162,23.84670916648322,27.116454868713923,42.36178281236545,21.77641675934817,6.648799345516161,11.01846353566107,-2.356455384476776,12.813769962879318,13.499358083048856,12.535608053738628,-5.393189625239693,3.4425731957989223,5.513673458426956,-24.38311398292281,-5.738235150533846,10.228556758841025,-15.931778816180648,12.291296875345092,5.2376719360945545,-6.54366523500353,25.59859498235114,3.912450336737651,16.862669057457012,0.8736178364411317,-0.26533107016953134,4.045848743315168,11.623385733291823,15.31415936565859,-5.8253903387703385,-3.7353677022964105,8.178089418612041,-5.9745860209839705,3.0430851291523995,17.02032904266067,-4.015853434438811,4.262415982229495,-5.415915634339544,30.990556842188813,-39.22836512822668,1.9897537128457068,0.9309832164423648
0.714,16.60755204688485,-6.156132112422983,-1.0290001006401068,0.6481655474325495,-4.172294983478489,19.034617713020744,-2.1198583393327337,10.404257750265772,-1.7384753524275431,-6.417806897691778,5.22844275684647,-3.273440798388126,10.528929529929377,-3.578330893512894,-0.9240670929943378,-6.9402113012335525,3.6907279353401754,21.67182215077231,1.620313454857813,3.809001479110397,6.022880048281594,23.88197856249654,26.28561534354017,41.41478278484584,21.886895224260076,6.554099901255994,10.29273696624596,-2.595722901421972,12.818515370980132,12.918164119874463,12.317868878405596,-5.041069242309426,3.816242924678148,5.287230762987038,-24.751623368881123,-5.856020767178476,9.960946392406573,-15.70910413337187,13.037794971978045,4.8697945688795015,-6.8566093419603344,25.811009080106555,3.92685613664135,16.77347402713483,0.4656475861460317,0.03785661200866658,4.637776730188192,11.452466545571212,15.347413911754582,-5.072766090615493,-3.615042765587182,8.602351435992277,-6.244277873397178,2.4368884426506505,17.50825207343061,-4.250648433253382,3.769929688568301,-5.117287274397953,30.39329535149842,-39.842110834688725,1.6068807230344546,1.5535124664545836
0.716,14.66685893550176,-5.954979723108883,-2.177244125609153,1.0113220605980449,-4.889437196730351,19.64276697119809,-2.257723856109092,10.886767400697636,-2.217467050785082,-7.810155705820716,4.912507815856988,-3.0641156711089983,11.406746485066346,-3.744518840850571,-1.0339841419589646,-6.839050860232596,4.019001799722031,21.625468402725296,1.552291908358108,3.708560763663599,6.133000848294175,23.856055703521463,25.59185602837037,40.239592033978454,22.15031984499552,5.738545043493345,9.482423192321791,-2.9428928347769454,12.863666761565804,12.418399724708966,12.189063449939328,-4.515863537888177,4.072745097909598,4.736543862363475,-25.23350427239427,-6.035336127632979,9.77179801603712,-15.312916981728485,13.648527414100618,4.212239249643125,-6.845940545499243,26.08593213469265,3.896433750291882,16.80332763600204,0.0335569113962268,0.3240648962583887,5.691995448681427,11.242607589306122,15.316850838036853,-3.998930086837142,-3.656871307368984,9.25904472552314,-6.5630471167415605,2.748788279984007,18.10113331331201,-4.354813770930116,3.3418098603247817,-4.869018822815706,29.50169825388419,-40.59152346157628,1.2280093582680924,2.1067013305213504
0.718,12.82963742359094,-5.500789481036074,-3.3375592017446154,1.5246024644049516,-5.755238351057109,19.990502090810345,-2.5132390536123492,10.842813367092347,-2.6898794944102926,-9.274191856251823,4.873872048767465,-2.6520257023559606,12.293348667521132,-3.973247456749833,-1.17567526271883,-6.746346985410966,4.270893026826224,21.621113564897403,1.5230715156989927,3.676722925286607,6.328656493162604,23.706886546643226,25.06558468694105,39.04947902280576,22.49834441170316,4.368391727756453,8.646424887226692,-3.344131292505577,12.969449677097607,12.0468209376103,12.14015128090328,-3.8871130146686688,4.1580346203318665,3.9233223996431232,-25.83368963460471,-6.186978298228927,9.63212166072013,-14.712877711939145,14.101807001317376,3.2461415035879866,-6.517507348437428,26.371035137505498,4.016388012650641,16.879618958650017,-0.3738887710155743,0.49775036263812467,7.1037161118899705,11.053054591396098,15.23159831445742,-2.8487441939756124,-3.8105482796684376,10.046987776954852,-6.914740494398735,3.883839641129353,18.718971334031263,-4.340212841459096,3.0133429096906834,-4.706051898406666,28.474637230720926,-41.381079845070815,0.8600770902627181,2.460104225169917
0.72,11.459431676244678,-4.875847487097493,-4.357256829776582,2.218810568858164,-6.659602680625133,19.959318653217064,-2.8336340002689084,10.266760884056048,-3.0848496821165847,-10.58869850606671,5.14340283452362,-2.100669010158722,13.139203678002753,-4.152144895421113,-1.3282897558225204,-6.65868451327654,4.408703934787493,21.667796795879266,1.5416358035036937,3.696592318733653,6.733253111236388,23.402730670676124,24.72602387915533,38.05046841407341,22.840937556450672,2.706328187669397,7.857401204924483,-3.732523304025323,13.136025037470354,11.811807464165774,12.136428234578664,-3.256801027370931,4.049048936858541,2.978688752120776,-26.51312869253768,-6.248544274523893,9.498012245791031,-13.927221248671763,14.37466511067148,2.045796679156584,-5.883627449515132,26.60249480370473,4.390091091473662,16.93210467153427,-0.7061067406390272,0.46928373317552463,8.70738794592005,10.931825319955669,15.10606306895695,-1.8585466989368544,-3.995065356223568,10.882049056581144,-7.280283069599835,5.660041717743185,19.29263230068512,-4.2430117209604346,2.810289770779849,-4.654306372861433,27.474171033203103,-42.12177209836119,0.4998134123803671,2.540508702648696
0.722,10.83562039020504,-4.181125939419634,-5.111943986054071,3.099497147901053,-7.481010307418913,19.529246280670503,-3.1479767487926082,9.248742598211471,-3.3646162889643585,-11.55758973137672,5.7227082357122345,-1.5083877598125524,13.902738439442125,-4.191132391062538,-1.465349706938602,-6.581227473376455,4.437452670345087,21.73829772040735,1.6109571548486166,3.733044429943388,7.43398785312777,22.950877455530183,24.585591677209592,37.394875132373386,23.089344579438404,1.0666371447239362,7.193043132845342,-4.042529350101942,13.34264076329386,11.6870409392444,12.132779794834375,-2.734484548560082,3.770153636206024,2.0773748270828194,-27.191142198954708,-6.196638756060184,9.320538030754522,-13.022009661579098,14.445489276626754,0.7673565534120623,-4.949243574005829,26.72293000827807,5.003556980964093,16.908671783138526,-0.9237240515104552,0.17498180969143762,10.319570362824557,10.902425322933645,14.957652443638686,-1.2067586347668042,-4.122323137392097,11.700497770474083,-7.638626326667524,7.842383844395265,19.776881185858503,-4.114460403144008,2.748011528524078,-4.722411429325762,26.63259921080872,-42.74791940996565,0.1331796599165128,2.343503614020354
0.724,11.093106498707009,-3.5114576313190664,-5.528052133631043,4.13519791507606,-8.109640254447735,18.77917961380395,-3.3811760190574134,7.948277119468951,-3.5251680506102243,-12.052663593971335,6.569615476351536,-0.9832946646921616,14.561331429729425,-4.040985897375427,-1.5643637328787678,-6.522971975893995,4.4037623346373485,21.780768478718443,1.726812172545202,3.740915416467959,8.457648796422244,22.39648855513604,24.64958352244458,37.146622523904014,23.17769513379805,-0.2414979798909964,6.726426421192826,-4.226409072155564,13.55207186664207,11.624126647237343,12.091369962622348,-2.4088187409760744,3.391927563986884,1.4017847304580104,-27.759873168867195,-6.048260027001982,9.057752974936962,-12.099836910588724,14.300327203153676,-0.3847236615450458,-3.7090003071749327,26.695329420342663,5.731730848293963,16.78096152190432,-1.0102444796036627,-0.4076048737436446,11.785167930122531,10.95591759261149,14.802539928879256,-0.981865227306864,-4.125281691893005,12.452504447190613,-7.9672117452366455,10.17939258605968,20.15367072198866,-4.008336783014789,2.829896030913156,-4.894574697427096,26.02921876175111,-43.22527994427803,-0.2619434027390041,1.9296157336018225
0.726,12.188780757186866,-2.9354770868774867,-5.594129621219033,5.253452901937656,-8.46537414897194,17.86026192844785,-3.469871060722277,6.554905927320206,-3.585856533707142,-12.037862306092658,7.587825046043814,-0.6138484783264315,15.116112038634675,-3.7019611840757984,-1.6159669880298075,-6.492252347393771,4.386231239754968,21.738471338875097,1.8777793114037062,3.676873633289514,9.761083694200323,21.8115046355788,24.91551000316341,37.263388771642106,23.08015041231888,-0.9745506194380936,6.514484095004018,-4.268063410094642,13.717485330740908,11.56939466129466,11.99156139013848,-2.3247870617582644,3.0154448265495275,1.1039289552230982,-28.106966187508917,-5.850262550275886,8.682738444542284,-11.28105550241953,13.93961258567048,-1.203269442160336,-2.155998549804204,26.512455805030484,6.373295604060427,16.54700969468118,-0.9792916575209292,-1.2529025315175657,13.015499594240923,11.051129973929044,14.654118032233477,-1.172662883377924,-3.980066640291981,13.092112476765122,-8.243045738921769,12.43187480080656,20.424868819819014,-3.968016079863876,3.0463908312065984,-5.129171131017172,25.67895955099769,-43.548295599074464,-0.7139598395250304,1.4057173455292682
0.728,13.903271468431608,-2.4862814853284783,-5.360558653241044,6.348674174931565,-8.510843864686684,16.95096370435941,-3.376848358973816,5.245440624910742,-3.5755934006421417,-11.573381147827432,8.633402736162653,-0.4431297836683443,15.5915813127189,-3.2128679014019754,-1.6278511283255266,-6.493582365279886,4.472389940571002,21.570196814808806,2.0487368983483885,3.5115250238362097,11.238693614322258,21.279261405116195,25.37002166153978,37.60589762581499,22.815688533525563,-1.0042481148205211,6.592304483774823,-4.188972382390119,13.793931510698908,11.48039876184783,11.833770984478551,-2.4719939569705818,2.749581368084144,1.273756854860461,-28.14334685952409,-5.65996830050262,8.190212563226961,-10.681394126112345,13.38517668926036,-1.525922915329921,-0.2992961207728643,26.19705564100166,6.709776941922572,16.226710612780717,-0.8711417025586876,-2.2914616035595468,14.004955147581386,11.124526435111827,14.5228517674636,-1.6839986496644794,-3.719857188496846,13.571452172390314,-8.446092161082316,14.395197129495957,20.601945429352924,-4.015048795893207,3.375158031571906,-5.363832160127958,25.53659838884262,-43.73180892707407,-1.2528140320604304,0.8962376840380122
0.73,15.883323775188847,-2.162654025961684,-4.92483830265236,7.299443774999417,-8.256329157962407,16.210789824193878,-3.1007591078964163,4.147405866870094,-3.519135105192685,-10.798224639536546,9.536485600146923,-0.4552219272224286,16.02536252581175,-2.6287670034593664,-1.6238617521522702,-6.52604701846467,4.733725675091169,21.26739857623408,2.225803106327858,3.240562735031957,12.739657182902866,20.87708827781741,25.982601224843904,37.975168503458704,22.44168612110071,-0.3429940868864107,6.967734134263183,-4.044669030212659,13.750686932566667,11.338236679109192,11.641837607598724,-2.7850493246587944,2.682116233334087,1.9182943415854945,-27.824890704418248,-5.528960494148666,7.600249659257887,-10.388714663285985,12.682978026854537,-1.2758397581618466,1.817632572265004,25.795981886277964,6.566200990343146,15.852857412741866,-0.7393377747899419,-3.4217458007773427,14.822590052216404,11.105921644460793,14.416231275214159,-2.371282787577333,-3.432382598938829,13.840957278128348,-8.56204234386016,15.91317593098102,20.69439153859077,-4.143752634721686,3.7846279952573783,-5.525365619107715,25.514871675405185,-43.798815957111366,-1.9039436950847572,0.5134469153928091
0.732,17.714971037908732,-1.941456219578043,-4.409303411930789,7.99243934194953,-7.75103360988752,15.737720219363968,-2.6772413180779284,3.3187159526677696,-3.428027107119829,-9.893512968021144,10.133990015906052,-0.5786879470686411,16.454045474542756,-2.0007127831366955,-1.6373461451196896,-6.58483375696643,5.205565262712198,20.8589636742443,2.3996715610413144,2.888990764075461,14.095139023400844,20.658994685620744,26.70114954215564,38.16259922464126,22.03677742396823,0.8617952061004991,7.617092101021924,-3.915053003206264,13.578820903924928,11.1533791508049,11.458572243268462,-3.157540641908926,2.855835625730048,2.958119199753447,-27.16456889378342,-5.48942402530445,6.953697539999554,-10.44665161390626,11.899823038245524,-0.4823246755360548,4.10242584477492,25.367787417803186,5.858156832216867,15.46512962492518,-0.6347256218754141,-4.527283170346801,15.58369525749614,10.935116461478767,14.339751138183805,-3.0798395294492504,-3.2418399862838223,13.854217485034551,-8.58529748146223,16.88299538692541,20.699140953187165,-4.324967066557696,4.235476990270811,-5.546745860202895,25.51084682024157,-43.76790609627964,-2.6825477465023546,0.3302860509029134
0.734,19.006977968178568,-1.7934957266371914,-3.935652767300354,8.346443062306346,-7.069193664884589,15.5458176162965,-2.1730985071026088,2.747648395465414,-3.298494679550811,-9.039145462167228,10.30825749425824,-0.7042517459791358,16.89906526248377,-1.3575877163365848,-1.700038636003282,-6.662729894192801,5.869886250975658,20.403208941074418,2.5680961277161165,2.5071316294206225,15.149895408146948,20.644456732934653,27.45645666693776,38.0006785549009,21.68082484514011,2.359890807122188,8.484985725812608,-3.883301357829952,13.29680189486677,10.96250017196698,11.335189518583933,-3.467808941033497,3.2548700103898613,4.243273613263158,-26.23029484332013,-5.543997500480891,6.306042734075449,-10.846937918536351,11.115892541943603,0.7237597411602532,6.410362218366666,24.96634379786033,4.615368083517258,15.103667240636725,-0.590946321683312,-5.497775478469009,16.40781288782573,10.578287932507664,14.297240963504478,-3.6842972057505503,-3.280431374214436,13.581031144926497,-8.522296285318658,17.256700803864202,20.60017296034759,-4.516728951345352,4.682581832191903,-5.385396915795272,25.435406141072164,-43.64609458753497,-3.5874849724042783,0.3619216170954638
0.736,19.475048708515292,-1.6972715611554343,-3.603189719085474,8.330091884593136,-6.292970785591639,15.56620255894066,-1.6725609838487607,2.369168982603186,-3.117039223178917,-8.372049522247021,10.022887031804313,-0.7142743498035418,17.353101369834494,-0.6981291895770327,-1.832969330198108,-6.751441037618317,6.653496760590755,19.97338747092764,2.7369415363497476,2.162053426887756,15.791762958542208,20.81691055859302,28.17300001435216,37.40578496659518,21.434645991863388,3.8528028516738,9.48887413578226,-4.012281322860905,12.949325241201134,10.81588673822417,11.32295402294594,-3.610536508704138,3.804638340781824,5.580539386582314,-25.1281022895154,-5.668184533426616,5.71806182389877,-11.530247309182236,10.4112450283128,2.136802416317132,8.55853912769907,24.629736723593947,2.9804808109288548,14.806093366353654,-0.6131754865643879,-6.2488808569273475,17.376774493707554,10.040183109898003,14.29085421652142,-4.116366586518539,-3.654956142183978,13.021557542927814,-8.392526415448916,17.041167156839023,20.376700251959843,-4.678622471062389,5.079789291597514,-5.037711789457581,25.235264625194915,-43.42964115439364,-4.597133091271948,0.5656320520414071
0.738,19.007056521037292,-1.6498666858019118,-3.475146802224632,7.973151929818551,-5.493401554626835,15.667695199543711,-1.2602604472883476,2.092533288216509,-2.870994928458115,-7.959278463617114,9.33868580439845,-0.5163078148270046,17.775250270243603,0.0061186573513171,-2.039232832569972,-6.844965756311574,7.440938713656626,19.63793017932109,2.918226962345415,1.9231384560311209,15.973342869785032,21.126354802188256,28.780485042518144,36.39959160106974,21.3269713337139,5.057974680015787,10.523816712530126,-4.3295359666925375,12.597050070541751,10.759851688721934,11.46502863950876,-3.524742019047697,4.388164942462262,6.769871014407668,-23.980454476162468,-5.8201668632747285,5.242301165984024,-12.39730385419566,9.853439189523442,3.5199923799818444,10.354868066430896,24.37182760765696,1.1797114883247626,14.608557669076468,-0.6738969641055395,-6.7349129469184845,18.510695284088225,9.365913867791626,14.32161788043198,-4.370316468071198,-4.414769464388208,12.215408263150344,-8.226020570166522,16.298709608936065,20.01662327832662,-4.786257371939968,5.385255525375951,-4.54505243238785,24.90335785569224,-43.11077780774859,-5.667137427744071,0.8542169131780006
0.74,17.685921109671554,-1.6689048624088063,-3.57198902030969,7.364752677797649,-4.718872530710497,15.693839805277372,-1.0054058290673844,1.8337577871484887,-2.561111582643448,-7.788759286733146,8.406959312621352,-0.0724501551056291,18.097350906397928,0.7978912789302416,-2.298921317013126,-6.940894605361937,8.092863100027895,19.440124173776667,3.1252123085866925,1.844204658214176,15.720241515650326,21.498503638771943,29.22958060057136,35.09939871702274,21.350501276685943,5.767622012490929,11.47014830848594,-4.819112919142222,12.304529793634591,10.822515154228777,11.789977357320051,-3.211592352958888,4.873051767510416,7.645645039266657,-22.900949220562577,-5.953324338318957,4.91387397472367,-13.327412199075718,9.48742397084341,4.65494011434838,11.635427814634047,24.17807540330376,-0.5311790616043363,14.54594798013586,-0.7194583002304645,-6.952353573771466,19.76357185899598,8.632718237378658,14.38913191006397,-4.492198890572309,-5.530328862246147,11.243067079032665,-8.060755879295852,15.145939574384329,19.53223719551938,-4.840434719383508,5.565451917246221,-3.989642255839656,24.475421905017637,-42.68696347206882,-6.731785474372359,1.1191107590479434
0.742,15.772125454860364,-1.7837445380192944,-3.8722963176682543,6.635438354820946,-3.991056785880107,15.50339491097119,-0.948292032133676,1.543981256761916,-2.208856141604942,-7.775476487113957,7.440949032394151,0.5854019595624536,18.238606772813355,1.711376177878882,-2.572881934487837,-7.040452022810199,8.475765237456262,19.3849364656007,3.3682705379487032,1.9482347988624784,15.123201200388609,21.85092551626312,29.505016964804096,33.68378332652807,21.470207057493727,5.887127990376388,12.208108063563085,-5.423318810251908,12.128020610800776,11.006276788711322,12.310340423131656,-2.738735353224244,5.143003183026503,8.104755095060366,-21.972820753922523,-6.029302375466279,4.745045886648683,-14.198999605485836,9.328995916368488,5.386325992839504,12.303462024797344,24.01158826156552,-1.91971339526844,14.649241576056976,-0.6858345008477467,-6.9356705661401765,21.03909524543708,7.936247588292087,14.489695366119456,-4.555102710635752,-6.892019838120568,10.21475155638428,-7.938400946553564,13.745029940893891,18.973239400122544,-4.867612772010742,5.599008015050343,-3.4790498969890726,24.014888322559717,-42.17166615925549,-7.709420702408427,1.2584652585147664
0.744,13.643742783027584,-2.0224507879068496,-4.324148242380452,5.928352021565076,-3.3070429590735637,15.004323960740818,-1.0926948736993882,1.2236526477572167,-1.8576786463795856,-7.788790293093317,6.670664630289616,1.359293515710346,18.124289242362927,2.7528384796813183,-2.809082925284077,-7.146523794229453,8.492711310227284,19.436944560148348,3.6503362093611793,2.2171941993149376,14.32346996707134,22.10631329292612,29.628342427304045,32.34453276970405,21.637520047891297,5.445069748793095,12.635353210744883,-6.056199309493327,12.105099195541776,11.286142219506797,13.017967901742642,-2.2280227547969766,5.12482911903533,8.122265352373955,-21.237710723889517,-6.026469153466787,4.719900470580538,-14.909739128134412,9.364823590375597,5.65118325997868,12.357064910828528,23.82241860045395,-2.820494715333586,14.939791220553678,-0.5164546298337639,-6.746176869901267,22.22374565377781,7.372122743508896,14.615417294239709,-4.628631176501015,-8.326135302740717,9.251395178471345,-7.897175384740896,12.286178129629466,18.42883141597076,-4.911423625941954,5.47935116391792,-3.12244678667412,23.591734576393566,-41.6000883276776,-8.513905690589343,1.2013291940686424
0.746,11.712587622363174,-2.3973133582191304,-4.859821243997691,5.371011141169087,-2.6496755969083625,14.175843744571536,-1.406217615144112,0.9201973668980268,-1.5678647812164463,-7.690572857488236,6.288101769725152,2.106253745820394,17.704550388088737,3.888523189443265,-2.953784744108678,-7.261044510154109,8.105860185582383,19.53152432143264,3.9642283386159223,2.594445007610612,13.487090887086431,22.202864212617488,29.650480377360577,31.233841590443376,21.807787212409405,4.578093004341661,12.686287998293604,-6.623948632032929,12.247938709002437,11.613333341732408,13.881098199653376,-1.8262977597750556,4.806680437798088,7.751519523635824,-20.694073503583912,-5.94380620020556,4.795707298813277,-15.394048360371476,9.559372073287062,5.485783651932941,11.897997305469362,23.558253015228026,-3.1604383720763027,15.421898151778946,-0.180086586306484,-6.457595185197986,23.22667260733592,7.015281855346787,14.75339793136116,-4.750559876782875,-9.62747947487624,8.460642664050356,-7.966466756739852,10.960084489447905,18.017739257393316,-5.017219950660947,5.216801353963184,-3.005750437604767,23.259566145816333,-41.02799460570876,-9.0706813136886,0.9260794357254646
0.748,10.335967400526163,-2.885935699859929,-5.406642287278548,5.050699272615274,-2.001280954828377,13.070034745922058,-1.8283710481509483,0.7125282315368529,-1.402337114143871,-7.371664327400865,6.396033190551657,2.6729648353729383,16.96922588003202,5.041321352869085,-2.9646246693531477,-7.383357912258294,7.351744667035802,19.59429481072104,4.292660760899166,2.994906061089613,12.773314339591597,22.104060544809816,29.635758056324384,30.419400328132696,21.95633775452282,3.490449551102329,12.349743672537777,-7.047719280069572,12.541673691644032,11.930842660565254,14.84409996728721,-1.6707443615175306,4.237584609430466,7.1037899899781625,-20.30698837989838,-5.800696359602413,4.910856138071492,-15.632679131555106,9.863414412671991,5.010845241701127,11.120873590812833,23.17845373244848,-2.962863111328796,16.07478737988033,0.3175102254706369,-6.140693761559238,24.008460718099677,6.904878614557784,14.88581810140527,-4.91136621377068,-10.601908418427987,7.91135581255822,-8.164771545283104,9.92689085081575,17.86702530963191,-5.214618048063684,4.839806846526035,-3.167406540215817,23.040720370096786,-40.52349847685521,-9.33175793693702,0.4668399291754652
0.75,9.7385985771914,-3.4310540090403965,-5.8991138501202975,4.998136615261577,-1.35654907889467,11.7946794009713,-2.2822927454938475,0.6887067407742314,-1.4094303322699349,-6.7840945039015255,6.975524899445686,2.9331776732338475,15.955035869945814,6.103516891624952,-2.821505476051104,-7.5081553127217,6.337840251852508,19.56315476627061,4.610451849119329,3.319392812358088,12.306296181868962,21.801290427298834,29.640547217343475,29.866871674357967,22.086098091399503,2.4018509282639875,11.678581372861933,-7.281824213790029,12.949753667960318,12.188590030341931,15.829487640553914,-1.8540987919749277,3.513425165935185,6.321548940036135,-20.02657885346296,-5.629482679528612,4.996402855145703,-15.65441960870209,10.221997555595856,4.397307271842046,10.279843430188182,22.66428311665642,-2.334515916461606,16.84807331572036,0.9356597028238818,-5.85002452542736,24.59551789324748,7.037082167066661,14.990745981945903,-5.055104944425875,-11.106368548179049,7.619956497107502,-8.49566451376372,9.284952612550796,18.083458557915044,-5.502926088024939,4.393668812184515,-3.58550813917182,22.9243396441198,-40.15397813068237,-9.289334522556452,-0.092502415564818
0.752,9.967533475689288,-3.949211789247456,-6.28575716547476,5.186366591449859,-0.7314641547888078,10.484119460923225,-2.6899219336952536,0.9197159677763131,-1.6084935816705683,-5.954656567736708,7.885246024382768,2.819726895369697,14.744037374357584,6.958958528875503,-2.5334504678420315,-7.623662674644812,5.22242009216358,19.40771094746343,4.888385940994464,3.47548477193311,12.149423678296136,21.313788307765847,29.6925355801696,29.451507901476738,22.22398069028835,1.5008507832436626,10.788781828935956,-7.320003991709957,13.4228174832747,12.353469296304398,16.746558342942997,-2.401584740360815,2.755982826959197,5.548473822657071,-19.80516427750122,-5.465016872383837,4.989985644292449,-15.527738132130091,10.584283065299362,3.8221512947088505,9.638546010580756,22.022850207974077,-1.4280696138861808,17.662199155034287,1.6062284530531663,-5.617786880100773,25.074647395337838,7.367423270924325,15.044934082667602,-5.094698211560775,-11.078723254560442,7.549329118391118,-8.947581301944162,9.046983125496682,18.7264261289252,-5.845321839626369,3.936772951941752,-4.18100477109207,22.872202700897027,-39.97210252958384,-8.983990086690413,-0.6332818837246332
0.754,10.888236690823804,-4.34490156497659,-6.529484105737602,5.545895763685829,-0.1643367926885072,9.265876123311177,-2.9856383353274736,1.4380927561804835,-1.9811054920695763,-4.978517088915286,8.897242026502003,2.3432214435725,13.450507047235543,7.508273495931409,-2.139296274741558,-7.712270479220884,4.186958113168429,19.13913983387102,5.098767633627096,3.3954858393746696,12.294591934596406,20.68711876553701,29.7769437502,28.992341017843053,22.409871757216894,0.910069178873316,9.846869758682448,-7.193729005368936,13.907039346021492,12.417284406231442,17.501093964592748,-3.2653366567298967,2.081733276652583,4.8983594553430825,-19.612517140739115,-5.33890800029476,4.84702054861442,-15.345331939976566,10.910008369583748,3.427114908469471,9.418323635258425,21.28937717719821,-0.4091849219376418,18.417818688319382,2.248054128814269,-5.455464699301601,25.56474212916698,7.8201173579725864,15.02542703392056,-4.939571579889344,-10.549247384913004,7.619815741718763,-9.497240646426654,9.13420400412146,19.78762790922742,-6.174351525387661,3.53545810368067,-4.8321378042817225,22.83185344026,-40.00428960228491,-8.501577419434863,-1.0231980426394032
0.756,12.216204432419314,-4.5361827566116135,-6.607709302430969,5.988438080328868,0.288639650883516,8.233588426747174,-3.1249853616606087,2.228472441170301,-2.4692615545076277,-3.997596201158498,9.748820685216172,1.5907849537731145,12.202900288355432,7.695466764999981,-1.6997956339757447,-7.751171172823124,3.3979079982552243,18.80718004980221,5.220492895087883,3.050281410972555,12.66745396078768,19.98683421495604,29.83567379779606,28.3038255394477,22.682419066070818,0.672960050007008,9.044637285002835,-6.960183668038213,14.3546249691335,12.395646551426742,18.005121035013243,-4.329230797065149,1.5783391486658471,4.438263648319108,-19.442257468124275,-5.2734416897534215,4.548261231769421,-15.205065102376285,11.170158504926391,3.288124026517915,9.75386308256998,20.52177068366349,0.5716150662548408,19.0130277620258,2.7868968842644457,-5.358764849839704,26.176651026116502,8.304307283757419,14.912177964913896,-4.528984527875784,-9.631779319609295,7.731530007184293,-10.112195799409607,9.391407293308143,21.18291571841871,-6.408683865170028,3.257764727990472,-5.401140516531819,22.759136767605657,-40.2451197707171,-7.960073103609642,-1.1394043981319215
0.758,13.585563294771555,-4.475986105327722,-6.510485765384234,6.434682337711956,0.5651003012211968,7.431663987829026,-3.089261457407425,3.2307176644960656,-2.9825334464911912,-3.1653852352772525,10.205374563596402,0.7072714117175294,11.120704690287344,7.521162665374046,-1.2836407732761763,-7.713981543244744,2.969287979413455,18.484271143488908,5.241515568613977,2.454763311623288,13.138292731845526,19.29014497372651,29.778843483871,27.253142308696546,23.06341478682712,0.7626128695329217,8.56392505211216,-6.6832989925518,14.729658864369236,12.319850851586308,18.19627592822344,-5.431301743586251,1.2912821499600782,4.184926110320838,-19.305415921815527,-5.279233193713134,4.105514591371725,-15.19146165947354,11.34797482251904,3.4018691714530145,10.665993613793551,19.790156604167525,1.4098937951807216,19.364543575705216,3.1744558408579318,-5.3155815008772205,26.975931689821103,8.732122506716758,14.689943407246485,-3.857811187202419,-8.49508045130493,7.793094370486953,-10.754146574757621,9.621257819884692,22.76215789377379,-6.475963726176093,3.1658793570013333,-5.769893486668955,22.637546747780878,-40.65877506146311,-7.4892238231462525,-0.8901805193258804
0.76,14.63895549406052,-4.168260463112642,-6.237854560476353,6.838895109658121,0.610482199698974,6.8519117167100365,-2.8846796690223315,4.352053553530857,-3.415129907659569,-2.6086683312989023,10.12447579091677,-0.1385390253610584,10.294839917111831,7.0428832778686825,-0.951145381821722,-7.5752557466206,2.939653929501747,18.242387172071908,5.159928491793034,1.662749320411932,13.546077498786827,18.676839551926893,29.50774285974587,25.800944777176348,23.54572473395598,1.1022766797188193,8.541130581654286,-6.417100722739054,15.010008277185912,12.22309602470909,18.05507397624412,-6.400925386175601,1.2206222424903608,4.110151849661142,-19.220457090477527,-5.359034264732606,3.559828085757744,-15.35994081346822,11.436623986769414,3.6938579289757945,12.061702021576451,19.163815671766493,2.057072077630509,19.427366322844517,3.3989264572728626,-5.315705812039585,27.95282131616067,9.03358366320627,14.348830985706925,-2.984896095822345,-7.322181835535221,7.746973343354834,-11.38524578313017,9.634980023871528,24.33835279288101,-6.33693801257941,3.3063810932747777,-5.869723736723642,22.487296957791653,-41.18772800989177,-7.202605113654891,-0.2292977588571221
0.762,15.109347252891812,-3.673872444129732,-5.800733432151389,7.202465580019973,0.3892012347345754,6.445645908753623,-2.5364223067165206,5.487107394523406,-3.6663383825939824,-2.3980427557485906,9.49515548156299,-0.7906046962691415,9.77337662078603,6.3653188759991695,-0.7397582888565828,-7.31533198475484,3.2646951342707995,18.129168909702894,4.9834252302416715,0.7590085993093459,13.732862351004526,18.21762689135332,28.946223285096117,24.01637637971917,24.092874779815705,1.5945665612957711,9.040676517367991,-6.194081343022972,15.189612622589546,12.129267208970765,17.61230121253146,-7.093867925026537,1.331509881022933,4.15296283078716,-19.19848113388733,-5.511699143968547,2.9717223032559112,-15.72641073268934,11.43548919050034,4.04356355162,13.757407661236492,18.69798502746272,2.5112285070817637,19.211377946892988,3.483813155600426,-5.358392389435481,29.0217815669179,9.167205831397862,13.885511015702637,-2.027774661458142,-6.270576814355651,7.584793166549108,-11.97144018588445,9.303523560814131,25.72591970882619,-6.004158739635648,3.702075687169693,-5.701311848371092,22.3654679430955,-41.76631552077912,-7.169089133455159,0.8374662377032968
0.764,14.88247828690411,-3.102520776323772,-5.222826540261163,7.57252381889478,-0.1055864751123246,6.145606362213258,-2.079174347837594,6.537832276885341,-3.6588206027464456,-2.5316774758865037,8.439698460825477,-1.138692895171964,9.554348920615649,5.617440983558815,-0.6533934025503148,-6.924714687902895,3.8333817816980256,18.150312837474072,4.727275905296557,-0.1529918183289908,13.574306747622572,17.96279091874633,28.070143754360476,22.067782287368132,24.64633501538116,2.1529161673467594,10.03706309215054,-6.019510557262165,15.275734280123473,12.049244338430642,16.94831379422692,-7.419853839174114,1.5705083804628424,4.235362070945814,-19.229700086410936,-5.73828176175035,2.409988472657034,-16.266110424194363,11.34905802277776,4.319839333017963,15.518243860055415,18.42254291102793,2.803936780104077,18.787104713354807,3.4776762888631225,-5.453985829736431,30.04540621100216,9.122425394825214,13.304920279412972,-1.1413911970278436,-5.437840739659458,7.350825894227869,-12.484091186697476,8.595853291641712,26.78187095961717,-5.548220867684489,4.346177431314106,-5.33828390274888,22.35598321546776,-42.3342197672489,-7.394156267081985,2.251072047355952
0.766,14.019260306034592,-2.595228722194034,-4.54011084747725,8.026107011130964,-0.8472366593305286,5.890925993397083,-1.5479012406868942,7.430893403889166,-3.3541262884476666,-2.939951822455871,7.184980104737228,-1.139316870108761,9.591379607596949,4.927085684473094,-0.6592742590907982,-6.409269209029693,4.497013591233139,18.26240048514118,4.410987427979638,-0.967723381456324,13.005936352006648,17.931739418738996,26.92421045228653,20.185343454412177,25.13859760977964,2.7191052696972413,11.414286085663289,-5.87633392874092,15.28273122665264,11.981796718640402,16.181624505391152,-7.360925255376227,1.88539022770372,4.279932002382475,-19.283225686745823,-6.043419502693982,1.9386479546916036,-16.91981929672541,11.186723959510736,4.419003724454172,17.10818084359476,18.33238047015519,2.988244021170383,18.27557623842528,3.439008763813355,-5.620673678485476,30.86737092296421,8.916685505179032,12.618594965644427,-0.4825842394320812,-4.844166824250388,7.128514072050108,-12.90219241722684,7.595295628684711,27.43828436655353,-5.08538811545037,5.200700514959768,-4.908195839391159,22.54671848595229,-42.84751099771067,-7.816051499964743,3.907928807251266
0.768,12.7349620710222,-2.294330235400892,-3.8011505950910895,8.643432108263356,-1.7798901198410682,5.646574313482874,-0.9702382569614072,8.126823161218873,-2.76144558807847,-3.5058016205849,6.009856248302726,-0.8181072433206252,9.80567858274583,4.397322905418133,-0.697586532046856,-5.794122024895678,5.10112987468804,18.381092361157307,4.054938731520018,-1.5924828358785927,12.036530188725637,18.10674832221205,25.62104173004203,18.60346494126324,25.51130751512364,3.262267223301667,12.984582785715467,-5.736888997362917,15.22874964165184,11.919136239045264,15.44604210043444,-6.973829309431529,2.2397358747417404,4.223324654418561,-19.310247486245437,-6.430028956949073,1.6056056801981966,-17.60620806287925,10.963390505985736,4.293471052289592,18.336787112240607,18.38456053887902,3.124277236273645,17.82303472887327,3.418917536642708,-5.877709209719653,31.357145082383347,8.58661937892608,11.845282602599672,-0.1750119201907027,-4.437441502103897,7.016760975096252,-13.21249638431711,6.485548313942075,27.71617614066305,-4.7514851702975225,6.199611004711686,-4.564841785318309,23.0055612313151,-43.2859978784748,-8.31540780687042,5.674307804008478
0.77,11.348965383889144,-2.312239765735318,-3.065352506571029,9.479875897553775,-2.8273118563458417,5.410604236786537,-0.3614079181380687,8.619180084714525,-1.93703940651573,-4.092138090165928,5.175393512579297,-0.2558538879069174,10.103684299858791,4.091665667683732,-0.6991456566293475,-5.122629261708978,5.522051933792689,18.40163926207622,3.678326064501137,-1.957416001116944,10.748521386265054,18.431507688172253,24.325159931780146,17.506998125294107,25.730992591781845,3.765854914333033,14.524020002993195,-5.57672751217092,15.130495566442535,11.857126927732669,14.859569059550486,-6.378546214209991,2.6176632134115696,4.020711001165249,-19.25703195796986,-6.892787447480642,1.4342780415471417,-18.238214407672963,10.699774040044222,3.965560003360863,19.0920630545931,18.503538715172063,3.2656513778510563,17.570555769231078,3.446040357738204,-6.236904134296248,31.454522406857105,8.17880258600345,11.009499091169282,-0.2808510051878653,-4.11629260961395,7.101743412968638,-13.40797926986395,5.507306944706062,27.720282787463585,-4.670040659929178,7.258327484569919,-4.4544726147382265,23.759495073967926,-43.65377685121156,-8.740997024933232,7.40554370832172
0.772,10.204945817263924,-2.7052799639144607,-2.3933792694508926,10.546859285696424,-3.903672941817045,5.210134414516866,0.276218965281276,8.928984703972015,-0.97312035949551,-4.574745285982497,4.860045365468032,0.4371511217523501,10.39680155879529,4.033748734382632,-0.6033291216554365,-4.451400768179812,5.689058371396236,18.22669821654846,3.298898650921804,-2.023762335172293,9.28593329104921,18.816857952048636,23.221954631897344,16.990885610359342,25.797189731316912,4.21295217849728,15.814989208801643,-5.387905980533355,14.997892760251,11.805822034215698,14.497422366154693,-5.735177802240331,3.0185981167715554,3.6468285168912193,-19.085892505619103,-7.408461264434906,1.420798345978297,-18.738293488798263,10.420214010424331,3.5220239647965346,19.35375798477336,18.592042945851887,3.45501600110355,17.625617258722418,3.5186255729743974,-6.695094012347981,31.18733560775287,7.741766399634979,10.13891080301102,-0.7827225623071202,-3.761166563282081,7.429329414734596,-13.48777418620617,4.898038971265264,27.612614662333144,-4.918469215767796,8.287863067253564,-4.676109715659559,24.780180919717203,-43.97432992478472,-8.943687740487427,8.970094380526954
0.774,9.585007704921718,-3.457813134077759,-1.8381707712452815,11.80154481018999,-4.923877016016872,5.08764412785145,0.9505821911412191,9.094283613619302,0.0177541916360925,-4.867298787288361,5.118472074131434,1.1506809273022165,10.616051393720928,4.214242139531633,-0.3744727395562786,-3.843324959956478,5.588889931671212,17.795823408131223,2.933187620433328,-1.7868432461812676,7.828268528991232,19.15889368233495,22.478163809907485,17.038580411126,25.741163249444647,4.570559981536966,16.686176769849702,-5.186969401917581,14.835699833274685,11.79217731339151,14.374302266287902,-5.213079015086304,3.4451309181386534,3.094825420185862,-18.7878902255466,-7.928752114414544,1.5372682866209408,-19.050883457243312,10.150022775816264,3.0903307765349477,19.185687846535437,18.54958598359988,3.724127335621524,18.036213095323347,3.6072171276586458,-7.228739324629135,30.668370696498133,7.320969788326126,9.264698902654818,-1.5871893792842575,-3.2729387929976825,7.987013811811463,-13.45691656697213,4.829951889671179,27.565699984704164,-5.503820451214962,9.210732579796032,-5.254553155144141,25.98001105383088,-44.28206561716802,-8.80963083858495,10.273604721042036
0.776,9.63897073686195,-4.48055256607018,-1.4379467104177452,13.150359909202871,-5.813023219360138,5.079488882070413,1.6749858079272513,9.157352948424622,0.92084211613872,-4.934088948626145,5.87323788117561,1.7979362463007265,10.72127492040838,4.60020836557012,-0.0128450472451336,-3.358273186123702,5.26060036972715,17.10441618352142,2.596957029302498,-1.2729953772479747,6.559547495539805,19.357654377996223,22.20442984760517,17.529226570065784,25.61734107053633,4.785045814489706,17.04283825929336,-5.015903053200823,14.646356888273406,11.855234320060244,14.441332558943367,-4.958936494292627,3.891333252328972,2.3736172648755938,-18.387721277902475,-8.382983998968832,1.7390514997584816,-19.151076778745946,9.91164405479315,2.8049431904417275,18.71122688432174,18.29259794268097,4.096745322243167,18.777393145069468,3.6669223888543767,-7.793528001135514,30.07093890940006,6.957065593556891,8.420613348959531,-2.5471827716105304,-2.6041275335893657,8.6991864649581,-13.325351890522938,5.361276678582211,27.713845013386607,-6.353837138345837,9.974970420202162,-6.1348867405002006,27.21962455221068,-44.61322019151071,-8.289025770252545,11.275979602220357
0.778,10.347605423986792,-5.624405778218112,-1.2096123321094905,14.468175691037656,-6.513964857246947,5.197898461752549,2.462699493097255,9.15313277347806,1.6358567960968788,-4.790894819755408,6.9380226063520185,2.329329179982168,10.701551335276754,5.146563406066666,0.4458910795191047,-3.042491809485281,4.776420269275667,16.21047674462642,2.3054675489900136,-0.5371887756855852,5.636815344047958,19.33412957287018,22.429970268048173,18.27308254627028,25.487701580859085,4.792312836865134,16.88353004811629,-4.932282874222441,14.434114670255273,12.032734359647804,14.59829003536474,-5.070546667956067,4.33371502401908,1.504262276654916,-17.939928055444874,-8.68744500073617,1.972780968399067,-19.04564848108641,9.718954614487163,2.771974526755919,18.07804554703078,17.768745792438416,4.589850927322675,19.75423000289271,3.65302772265163,-8.331403492612145,29.58296785785472,6.6879062734402535,7.637906398271859,-3.494746791921336,-1.773623968432971,9.436993049286569,-13.107042008847571,6.415910271465902,28.116053553173696,-7.329160066352983,10.562380803128091,-7.194503169502821,28.329365987390208,-44.99759204018944,-7.408287825546306,11.999996069535309
0.78,11.52630652078145,-6.709160705589292,-1.1481488756977676,15.624639778084708,-6.992952391533651,5.421218659807312,3.3230256508164135,9.104724375072967,2.092156268149284,-4.4928561057854415,8.068787246930897,2.734164516984392,10.565192871103353,5.8019454273488815,0.9390200690285304,-2.9185468438799416,4.218586154107294,15.226236524572238,2.0727081118170685,0.3440267909937903,5.162692722800374,19.04847735979189,23.096415784928737,19.05975260584019,25.403917140789808,4.537627028052754,16.295529441776004,-4.991838865048472,14.20892976421756,12.343412032456987,14.717402959982428,-5.581938911878206,4.727107722790626,0.5151908268500858,-17.509249815145193,-8.763432053631634,2.1860714880636456,-18.76938790463424,9.57351363060817,3.0403065773432587,17.422457209457257,16.96940002626822,5.21457771116509,20.820598064959302,3.537960872068068,-8.780509808460277,29.351279584550664,6.551019101888327,6.94321694554243,-4.276948301605851,-0.8644223322930664,10.042459383322123,-12.819996401054276,7.795834955736887,28.738168335826963,-8.252524376721558,10.991776077134272,-8.269658762875947,29.136223283372747,-45.45355638264205,-6.263966997119137,12.527243038579336
0.782,12.8709131922472,-7.55744273576232,-1.229475868217624,16.514798686526696,-7.241560834942359,5.693432572273617,4.257991827552068,9.022619293936764,2.258188247048425,-4.117300011958755,9.02780350497165,3.0269132884458214,10.326119823400418,6.505913330294239,1.3939276752269278,-2.9790344196630474,3.661617522597605,14.29409941974439,1.9101327605916085,1.283206405819569,5.168608228186987,18.50889634455105,24.068824989900225,19.70634532001627,25.39195182009576,3.9976395748070144,15.431863856856898,-5.231989623326172,13.987787604346329,12.770637390076592,14.678159197229888,-6.461190458079978,5.009015114928723,-0.5584715781522828,-17.14922535701329,-8.559659936310426,2.335328489354623,-18.37577657904555,9.462096109849597,3.5852545865157026,16.841650976142162,15.932345554315294,5.972347658471624,21.806914830209205,3.3232801425843523,-9.086572629491661,29.43915395685316,6.581554333239879,6.356842772158091,-4.788346356915048,-0.0039107567985298,10.360172619051202,-12.485052231584262,9.225911742221673,29.457872385250404,-8.948559137583679,11.316648608296752,-9.1944066114321,29.49122595810132,-45.9860530055912,-5.003747340035312,12.980898134185638
0.784,14.03450370680484,-8.029332433624045,-1.4186202404672978,17.08306564577647,-7.275981607387735,5.938173291994669,5.260751251275886,8.906953350575359,2.143749120573978,-3.74409709432369,9.6426159221426,3.2309960613456705,9.993456917018856,7.183870356355022,1.7485579803963311,-3.185389908406576,3.155733534524447,13.556254294367344,1.8250496236644054,2.193695344509014,5.608563712889631,17.77070328631378,25.16517766442229,20.096215631412193,25.44545333843678,3.198678442089369,14.477814277890149,-5.655510940602458,13.796591840448317,13.25435818459847,14.40249046316106,-7.617494047107119,5.1155072042892575,-1.6714138381746846,-16.884137155618525,-8.071625267920375,2.391760108146777,-17.923331660999843,9.35809308367742,4.311471803308405,16.378540825170596,14.734605005060295,6.84581096055063,22.555135575805227,3.043936398436069,-9.213971703692025,29.808393957077737,6.807985317661221,5.889748984425642,-4.99170397018011,0.6673788244248412,10.269103354149212,-12.12480270855135,10.418351842673408,30.095285453237647,-9.285670504614307,11.613353696725811,-9.839397174020672,29.29440007487525,-46.58541401018833,-3.7955853310473375,13.501225965137706
0.786,14.713620166845468,-8.051316266823905,-1.6796581736631218,17.332589177123413,-7.135135514290504,6.078512725988084,6.317226938526443,8.755127067428523,1.7962047116566289,-3.437753550581066,9.847548087917389,3.362463435290266,9.564927343051828,7.741249410067256,1.9665415132339656,-3.4715446545241178,2.722988157862262,13.122749741409852,1.8194470429658263,3.0015182744831868,6.366045854152803,16.925161050055095,26.19716315774504,20.193983305948652,25.528132173230976,2.226093806897097,13.611270544235474,-6.22190255766179,13.66406795233946,13.695820225330923,13.876664637149467,-8.91982829619402,4.997113592752317,-2.769292310011964,-16.697454657908878,-7.351497059167195,2.345331264270169,-17.462661917889026,9.226835342457132,5.0742143529518255,16.021636601802367,13.478406868389426,7.795529126293919,22.952741708233404,2.76197347687922,-9.153790589643382,30.326389809000563,7.245112696267405,5.543058131823463,-4.916083421211344,1.0296372098681763,9.707408574250405,-11.762426150946261,11.139428373096658,30.46034226684475,-9.210032613264612,11.964260260258635,-10.140103396098583,28.5093851386356,-47.22625617070364,-2.790225853181908,14.213363206244049
0.788,14.721610761051933,-7.629749534897779,-1.9871943483264611,17.31696740143747,-6.879148982176024,6.058741436582029,7.4108099009320645,8.569589860989467,1.29039676445098,-3.239777480802448,9.69137040341386,3.416396791926529,9.025984421417968,8.062950032748885,2.043619239788553,-3.756760414767735,2.3628749813729466,13.04666003736503,1.888330776365748,3.655998312802304,7.276121543302172,16.078691167781503,27.01083643652372,20.037152210091506,25.5855111049949,1.2142908689805487,12.967727207491002,-6.852644300173114,13.61268559197789,13.974703953602114,13.1563043540838,-10.223491753112611,4.636187089472916,-3.789831240475024,-16.53485390129057,-6.504044349657526,2.2022736375337497,-17.028821839737873,9.032265083106342,5.71326326995479,15.717809053219986,12.271811201459654,8.75844412110652,22.95282737644041,2.549839780061192,-8.925342056314378,30.79785710771004,7.884615973101473,5.308882107798605,-4.643791874904052,1.0120849735199196,8.687728697999818,-11.420834527118664,11.26449929772583,30.4049213765444,-8.763415565199827,12.441371044327454,-10.109742790085477,27.16781390674709,-47.87022541144568,-2.091981095009204,15.197223827583343
0.79,14.03687686571906,-6.849620709457798,-2.33087729274074,17.122072983296764,-6.582889149841896,5.863114484897163,8.526115586363309,8.362402334388927,0.7163201820629134,-3.166624187982188,9.315838385772402,3.368115345302178,8.356464772140736,8.024375156548258,2.007773523520894,-3.9596536640506095,2.058378809116461,13.31250109955622,2.019824177011828,4.135105757331279,8.153412567024978,15.332145300074528,27.51601614359045,19.7099818271415,25.56017545545526,0.3208188786080225,12.616116554211615,-7.445573211239234,13.653026695633551,13.976184346184429,12.3556910922255,-11.391677593011323,4.060474802520351,-4.663790098308575,-16.318841115126673,-5.669508336907181,1.9791942185679463,-16.636276730416512,8.7470702099136,6.092368919078392,15.393574311252973,11.206027396748189,9.646918224457576,22.58093254620426,2.4704486967763315,-8.572338087011147,31.01700065839036,8.684836174646033,5.171162629466103,-4.285216106635811,0.6084112700265506,7.299070530969946,-11.120434003555522,10.804810673312607,29.86585309583591,-8.074458957508034,13.093394655265849,-9.833549492948958,25.36481275126284,-48.46959548241021,-1.744397387835228,16.465624820799036
0.792,12.809946755442631,-5.8591483288715445,-2.714854441469463,16.840152329607058,-6.327493443293215,5.521375282607854,9.65070554098972,8.155229206789103,0.1663019413746703,-3.21179181509696,8.911209018348803,3.18559357726461,7.542133259967642,7.511407579060822,1.909019344375236,-4.014470164569597,1.7897121237841906,13.840904221350716,2.1964367995091356,4.4437560746653375,8.821570953340936,14.76187977816985,27.69817729640725,19.305015513795972,25.409168392724684,-0.3089419163192144,12.551402165121775,-7.899935554948083,13.779181542894737,13.622159971732552,11.62039957650158,-12.315565697103454,3.338880321458282,-5.323634641300031,-15.968992534613191,-4.995074893339086,1.6999356832458334,-16.27957625531936,8.359755805893274,6.132088099968296,14.979013131420242,10.339002260814992,10.355701070038434,21.927304677717693,2.5573861493458647,-8.153937438208471,30.82296828674594,9.567786282972534,5.108466999186259,-3.946250988594897,-0.1219580267279399,5.691968169825104,-10.878602614939174,9.89838304313665,28.8869453730409,-7.329460633346045,13.938390542775762,-9.44453190855869,23.24500580785748,-48.97229918198099,-1.7294880225207834,17.95767578234882
0.794,11.330361887401727,-4.839968041661486,-3.1525277025317697,16.538967808435462,-6.192004532057434,5.101866580018406,10.777397208738213,7.977799935736037,-0.2803267134134159,-3.355599113912932,8.66018208508036,2.8458998308791528,6.586307492016106,6.448057536629705,1.8051782683889004,-3.885970439283446,1.5447977686995429,14.507401689054475,2.397021009036927,4.607159395602382,9.141572505944724,14.405361744154892,27.611946711466253,18.88455888329632,25.11744286537201,-0.5762648583150111,12.703510531538164,-8.144046843005784,13.965946884272087,12.898777544681554,11.08920948943486,-12.930892669087791,2.5704835383279936,-5.71863861333672,-15.42808895198722,-4.60020049477865,1.3908928630406203,-15.9407362485837,7.879125547567737,5.828283979034823,14.42386910494074,9.685412855789798,10.783592136911157,21.124043925561104,2.801336220050117,-7.732285293966954,30.147504939455292,10.424634070445167,5.098251745802246,-3.703036439796867,-1.0675593900891935,4.052401405448119,-10.708990482128751,8.771322478251172,27.614071282751063,-6.730136682979111,14.962135667748669,-9.089378632461932,20.98073853602012,-49.32836148964402,-1.98212093602739,19.549568180568016
0.796,9.95779252613247,-3.969408437206148,-3.659179204733873,16.24181565178261,-6.241069821980194,4.694034337160248,11.904309221321773,7.861951617178983,-0.5706754899390739,-3.5726463367328942,8.687118859141517,2.3516594218229723,5.5147993143928735,4.823943087916764,1.7479936042782072,-3.5764343446240856,1.3235464461329405,15.16844818303322,2.600590806853873,4.661556763852011,9.032930316817769,14.256313001755167,27.35843273564079,18.4581538753456,24.70037972842752,-0.451630040728068,12.958646995242768,-8.157165571729456,14.173384656953752,11.86963279349749,10.856273836598652,-13.222103817291442,1.8651972630849527,-5.831464872690246,-14.68383684590034,-4.5504774316425625,1.076706609884862,-15.596815394653948,7.333660464460205,5.253358195886113,13.707674602360507,9.21493933874616,10.848555390151894,20.3139101924645,3.1486125238971017,-7.359906174318301,29.035232442956413,11.127857053393269,5.120459824314791,-3.58737604230752,-2.0904669467018944,2.571944995916738,-10.620392454564811,7.679839222757811,26.263522809445607,-6.445745897013662,16.123970325408806,-8.890865842471726,18.750675699001796,-49.50056444193832,-2.4158869982794555,21.081674879007156
0.798,9.034220056728447,-3.3858791423437453,-4.243224138661638,15.921545204152268,-6.51266209156536,4.38389990714056,13.033432962668343,7.83416475824992,-0.6853025748170009,-3.838238368838712,9.023254254593793,1.7415844304958366,4.377039445298459,2.712943377441969,1.7705006065310265,-3.126661304740435,1.1439755162694387,15.694396992958197,2.790624299048957,4.64244767298494,8.485378763646407,14.271599403024966,27.053628148458134,17.97733505099923,24.19877946866944,0.017488242641859,13.18949272239206,-7.979759994438011,14.354626180141192,10.670802728952012,10.946004215342484,-13.21908467866923,1.318317933085989,-5.693821401760519,-13.77863405473065,-4.8431187488464165,0.7784901187309977,-15.227228682394028,6.7655415229487135,4.538940096541892,12.8435719414826,8.860211021106059,10.50208097849441,19.618986760192684,3.5101248538649825,-7.070075195685374,27.63142105388146,11.55167429547032,5.1596041380470545,-3.585135831306293,-3.0542618841113662,1.41691568856718,-10.616173556307473,6.846191264159762,25.07063104517758,-6.572528456477742,17.369300756565302,-8.920414429473766,16.716925391558135,-49.47413940673542,-2.9495049562271536,22.39501601692796
0.8,8.80499955919401,-3.164519659663297,-4.896324889996246,15.510049050632585,-7.008145461479958,4.2297259065571895,14.167537238155202,7.908296339454929,-0.6416341656191651,-4.132448597126721,9.602676075612932,1.0885299456280453,3.240116125788982,0.277920359773049,1.881868373216785,-2.608246211394579,1.0371164134109938,15.996970267342991,2.9558548316944164,4.574307498546037,7.55729428176105,14.385738674556183,26.79455375706109,17.349295217162116,23.668358706167982,0.7122959720650928,13.288453827089745,-7.709976910096275,14.466797753230129,9.489062283355254,11.308526516185042,-12.98654623274863,0.9887132204819056,-5.387486275449096,-12.80856463075251,-5.40629234884702,0.5127667044491794,-14.822469912012366,6.222779323568813,3.844510852810636,11.871270505081569,8.533170207534747,9.744393574191518,19.117218136757845,3.779880907807566,-6.871637713184585,26.15240260111653,11.598310488331467,5.204550113794649,-3.642847420616423,-3.847608694023644,0.7009886302633326,-10.693980331331186,6.406947263425705,24.231791522110463,-7.11212714391255,18.642122637144677,-9.183547969372734,15.009479291240298,-49.26305165241264,-3.524522100844699,23.368547865570243
